Ticket_No,Title,Description,Category,Priority,Department,Status,Resolution_Time_Hours,Arising_Date,Closing_Date,Sentiment_Label,Is_Resolved,Resolution_Speed,SLA_Status,Month,Year,Quarter,Weekday,Priority_Score,Description_Length,Word_Count
GSSA1344275051,documnets deleted,some of my word docs have been deleted kindly recover them,Issue,Low,IT Support,Closed,225.0,2025-09-20 07:33:32,2025-09-29 16:33:32,Urgent,True,Slow,Breached,September,2025,3,Saturday,1,58,11
GSSA1053785050,dump cartridge,pls dump one cartridge at /dumpdir/INPUT/AP152,Tape RW,Medium,Applications,Closed,113.0,2023-06-22 22:43:23,2023-06-27 15:43:23,Neutral,True,Slow,Breached,June,2023,2,Thursday,2,46,6
GSSA1219105049,no license available for petrel,no license available for petrel,Issue,Critical,Infrastructure,Closed,151.0,2023-02-08 20:28:06,2023-02-15 03:28:06,Neutral,True,Slow,Breached,February,2023,1,Wednesday,4,31,5
GSSA10025048,"Creation of Linux user for John Smith, SG (Wells), CPF: 12345","Creation of Linux user for Smith, SG (Wells), CPF: 12345 (Transferred from Nazira) to access Geolog software",User CUDA,High,Security,Closed,55.0,2024-03-03 05:50:10,2024-03-05 12:50:10,Frustrated,True,Medium,Within SLA,March,2024,1,Sunday,3,108,17
GSSA10025047,Restoration of Landmark projects,Restoration of Landmark projects,Backup Restore,Low,Applications,Closed,18.0,2024-01-16 10:13:48,2024-01-17 04:13:48,Satisfied,True,Fast,Within SLA,January,2024,1,Tuesday,1,32,4
GSSA948195046,Plotter Paper Roll may be installed,"SIr/Madam Paper roll in Plotter of 34th Floor ,3A- Wing is finished. Kindly install new paper roll. thanks spsingh",Issue,High,Data Center,Resolved,157.0,2023-12-13 17:53:58,2023-12-20 06:53:58,Satisfied,True,Slow,Breached,December,2023,4,Wednesday,3,114,19
GSSA1219105045,system is producing strange noise,system is producing strange noise,Issue,Critical,Security,Closed,146.0,2023-08-05 18:21:03,2023-08-11 20:21:03,Frustrated,True,Slow,Breached,August,2023,3,Saturday,4,33,5
GSSA948195044,Install printer for windows workstation,Sir Install printer for windows workstation thanks spsingh,Software Installation,High,Security,In Progress,0.0,2023-06-09 05:17:49,,Frustrated,False,Unresolved,Within SLA,June,2023,2,Friday,3,58,8
GSSA1344275043,Plotter of 34th Floor a wing,Plotter of 34th Floor A wing is not working properly.,Issue,Medium,Infrastructure,Closed,86.0,2025-11-17 05:11:07,2025-11-20 19:11:07,Urgent,True,Slow,Breached,November,2025,4,Monday,2,53,10
GSSA920555042,VALERIA Machines are extremely slow,"workstation80, workstation59 machines are extremely slow. Kindly do the need full asap.",Issue,Low,Data Center,Closed,113.0,2025-04-27 04:44:17,2025-05-01 21:44:17,Frustrated,True,Slow,Breached,April,2025,2,Sunday,1,87,12
GSSA1061675041,load the Data from cartridges,"please load the Data from cartridges, following Directory /dumpdir/INPUT/KS_2019-20.",Tape RW,Medium,Applications,In Progress,0.0,2023-05-16 01:18:52,,Frustrated,False,Unresolved,Within SLA,May,2023,2,Tuesday,2,84,9
GSSA10025040,"In Zehplot queue, the job state is not changing from ""exec"" to ""comp"" on plot completion.","We are facing a persistent issue regarding the functionality of Zehplot. Unlike the normal circumstances, whenever the fNRSIt job is completed (plot done) its state is no ... job status page are left in pend state.",Issue,Low,Infrastructure,Closed,174.0,2025-07-06 07:09:23,2025-07-13 13:09:23,Neutral,True,Slow,Breached,July,2025,3,Sunday,1,214,36
GSSA10025039,Downloading data file B789_127-DATA-INTEG.zip from NORPIC ftp .,Downloading data file B789_127-DATA-INTEG.zip from NORPIC ftp .,Data Transfer,Critical,Infrastructure,Closed,40.0,2024-10-17 10:23:08,2024-10-19 02:23:08,Frustrated,True,Medium,Within SLA,October,2024,4,Thursday,4,63,8
GSSA1051695038,Dump PSTM gather & RMS velocity,Plz dump AP: 153-154 PSTM gather & RMS velocity cartridge (5 no.).,Tape RW,Medium,IT Support,Closed,237.0,2023-02-19 08:56:39,2023-03-01 05:56:39,Frustrated,True,Slow,Breached,February,2023,1,Sunday,2,66,12
GSSA1054095037,"Downloading of ftp data ""DATA_NORPIC_SSWMH.zip""","Zip file with name ""DATA_NORPIC_SSWSF.zip"" is available at sftp ftpuser@1.2.3.4  with password ftpuser Kindly upload the file from the directory and provide in dump data or usb data.",Data Transfer,High,Security,Closed,144.0,2023-02-16 06:55:15,2023-02-22 06:55:15,Satisfied,True,Slow,Breached,February,2023,1,Thursday,3,182,28
GSSA1253935036,Add survey to IP project,kindly add two survey 1. LGF-NORTH_3D4-LGF-NORTH-MERG 2. Hornelen_Solund_BASIN_JULY16 to IP project EH_TD_2018_IP,Project Creation,Critical,IT Support,Closed,134.0,2023-05-26 13:12:42,2023-06-01 03:12:42,Frustrated,True,Slow,Breached,May,2023,2,Friday,4,113,12
GSSA1053855035,Data Access from openworks,Please provide access to openwoks survey from HRS,User CUDA,Low,Applications,Closed,112.0,2023-12-06 15:24:52,2023-12-11 07:24:52,Frustrated,True,Slow,Breached,December,2023,4,Wednesday,1,49,8
GSSA10025034,DSG is responding slow,DSG is responding very slow,Issue,Critical,Applications,Resolved,160.0,2023-12-28 10:13:36,2024-01-04 02:13:36,Frustrated,True,Slow,Breached,December,2023,4,Thursday,4,27,5
GSSA1051695033,Creating new user ID,"Respected Sir, I ,Alice, have joined NORPIC on 1.05.2019 on transfer from E&D Dte. and have been assigned XY BASIN Group. I thus request you to kindly provide me with a v ... 11  Regards, Alice Geophysicist (S) CPF-11111",User CUDA,Medium,Security,Closed,84.0,2025-02-24 01:00:38,2025-02-27 13:00:38,Urgent,True,Slow,Breached,February,2025,1,Monday,2,220,39
GSSA10025032,Unable to connect to Petrel license server,Unable to connect to Petrel license server,Issue,Low,Security,In Progress,0.0,2025-07-24 04:53:06,,Neutral,False,Unresolved,Within SLA,July,2025,3,Thursday,1,42,7
GSSA10025031,need to restore a embedded openworks project for training,need to restore a embedded openworks project for training,Backup Restore,Medium,Infrastructure,Closed,70.0,2023-02-11 05:19:57,2023-02-14 03:19:57,Frustrated,True,Medium,Within SLA,February,2023,1,Saturday,2,57,9
GSSA10025030,hrs crashing on running CDP stack,hrs crashing on running CDP stack,Issue,Medium,Security,Pending,0.0,2025-05-21 20:43:57,,Satisfied,False,Unresolved,Within SLA,May,2025,2,Wednesday,2,33,6
GSSA948195029,DATA TRANSFER,Project DATA (Seismic volumes + interpretation) in petrel project of Linch Field need to be transferred to CEC-OG New Delhi,Data Transfer,Critical,Infrastructure,Closed,3.0,2023-11-05 21:12:17,2023-11-06 00:12:17,Neutral,True,Fast,Within SLA,November,2023,4,Sunday,4,123,20
GSSA1344225028,Dump 6 Cartridges,Six cartridge need to be dumped to disk drive. I have handed over them to Anniken. Kindly dump them into dump_IRONISL\INPUT\IRONISL_Solund_2019\G-375_G-416_Merge,Tape RW,High,Infrastructure,Closed,2.0,2025-10-06 13:26:52,2025-10-06 15:26:52,Neutral,True,Fast,Within SLA,October,2025,4,Monday,3,161,21
GSSA10025027,need to uninstall techlog 2015.3 & Kingdom 2018,need to uninstall techlog 2015.3 & Kingdom 2018,Software Installation,Critical,Infrastructure,Closed,172.0,2025-04-26 12:53:27,2025-05-03 16:53:27,Satisfied,True,Slow,Breached,April,2025,2,Saturday,4,47,8
GSSA948665026,PL LOAD M-124T & M-137 from 3D TAPE: FINAL PSTM & FINAL RM VEL,PL LOAD X & Y from 3D TAPE: FINAL PSTM & FINAL RM VEL to the target file VALERIA dumpdir/INPUT/DUMP_SEISMIC.,Tape RW,Low,Data Center,Closed,202.0,2024-10-13 16:49:57,2024-10-22 02:49:57,Urgent,True,Slow,Breached,October,2024,4,Sunday,1,108,20
GSSA1215865025,need to increase the extent of the AOI in project B789_127_2019,New cordinates for AOI are Xmin - 756694.0 Xmax - 819787.0 Ymin - 2152280.0 Ymax - 2191002.1,Project Creation,Critical,Infrastructure,Closed,77.0,2023-12-09 10:37:19,2023-12-12 15:37:19,Neutral,True,Slow,Breached,December,2023,4,Saturday,4,92,17
GSSA1063285024,Installation of New version of Petrel,Please install Petrel 2018 version in workstation106,Software Installation,Low,Applications,Resolved,2.0,2024-11-28 19:43:37,2024-11-28 21:43:37,Satisfied,True,Fast,Within SLA,November,2024,4,Thursday,1,52,7
GSSA10025023,need to copy data from Stabbfjorden using ftp,need to copy data from Stabbfjorden using ftp,Data Transfer,Critical,Applications,Closed,209.0,2025-07-04 09:25:01,2025-07-13 02:25:01,Satisfied,True,Slow,Breached,July,2025,3,Friday,4,45,8
GSSA10025022,can not restore backup of external data,can't restore external data in IP project. Error says: can not open file owdir.dat in /projectdata/landmark/training_dataset_30May2019/null/owdir.dat,Issue,Low,Data Center,In Progress,0.0,2024-03-08 03:42:04,,Frustrated,False,Unresolved,Within SLA,March,2024,1,Friday,1,149,16
GSSA10025021,need to restore a openworks project for Training,need to restore a openworks project: DFF_CLASS for Training scheduled to start monday.,Backup Restore,Low,IT Support,Closed,108.0,2023-01-11 02:17:28,2023-01-15 14:17:28,Satisfied,True,Slow,Breached,January,2023,1,Wednesday,1,86,13
GSSA1053785020,dump cartridge,"dump 6nos of cartridge path is /dumpdir/INPUT/OALP_984 cartridge nos. are S01087JA,S11205JA, S10585 to 88",Tape RW,Critical,Infrastructure,Closed,57.0,2023-09-06 00:31:50,2023-09-08 09:31:50,Neutral,True,Medium,Within SLA,September,2023,3,Wednesday,4,105,14
GSSA948665019,PL LOAD M-117 3D TAPE: FINAL PSTM & FINAL RM VEL,PL LOAD M-117 3D TAPE: FINAL PSTM & FINAL RM VEL,Tape RW,Critical,IT Support,Closed,10.0,2025-12-20 12:31:23,2025-12-20 22:31:23,Satisfied,True,Fast,Within SLA,December,2025,4,Saturday,4,48,11
GSSA815655018,Project Restoration,Please make necessary arrangement for restoration of SF_SUB_LIII Project of 2015-2016,Backup Restore,High,Security,Closed,71.0,2024-10-18 12:12:24,2024-10-21 11:12:24,Neutral,True,Medium,Within SLA,October,2024,4,Friday,3,85,11
GSSA10025017,Unable to perform well actions in Geolog for user u95968,Unable to perform well actions in Geolog,Issue,Low,Data Center,Closed,5.0,2024-06-12 13:27:31,2024-06-12 18:27:31,Neutral,True,Fast,Within SLA,June,2024,2,Wednesday,1,40,7
GSSA1215625016,curve utility of Petroworks pro not launching,curve utility of Petroworks pro not launching,Issue,Critical,Applications,Closed,53.0,2024-03-07 15:47:40,2024-03-09 20:47:40,Neutral,True,Medium,Within SLA,March,2024,1,Thursday,4,45,7
GSSA10025015,a new window is opening when we double click any folder,a new window is opening when we double click any folder. need to open the folder in the same window,Issue,Low,Data Center,Closed,96.0,2023-08-30 12:41:45,2023-09-03 12:41:45,Neutral,True,Slow,Breached,August,2023,3,Wednesday,1,99,20
GSSA10025014,problem in display setting of grid,can not display a particular grid in map window. however the same grid was getting displayed properly in a different workstation from a different user,Issue,High,Applications,Closed,87.0,2023-12-01 11:28:43,2023-12-05 02:28:43,Urgent,True,Slow,Breached,December,2023,4,Friday,3,150,25
GSSA1223665013,Not able to open Low frequency model in HRS,i am not able to display the horizon in my new project.,Issue,Critical,IT Support,Pending,0.0,2024-06-06 21:09:15,,Satisfied,False,Unresolved,Within SLA,June,2024,2,Thursday,4,55,12
GSSA10025012,System hanged,System hanged,Issue,Low,Applications,Closed,225.0,2023-06-08 18:40:31,2023-06-18 03:40:31,Frustrated,True,Slow,Breached,June,2023,2,Thursday,1,13,2
GSSA10025011,system is slow,system is slow,Issue,High,Applications,Closed,151.0,2023-05-25 01:48:56,2023-05-31 08:48:56,Satisfied,True,Slow,Breached,May,2023,2,Thursday,3,14,3
GSSA1253935010,cpy data to processing divison,"kindly copy a data folder ""/dumpdir/EH_TD_DATA/27may/"" to processing division in PG1 (CGG) group. Processing user is u111111",Data Transfer,Low,Data Center,Closed,127.0,2024-08-13 04:42:59,2024-08-18 11:42:59,Frustrated,True,Slow,Breached,August,2024,3,Tuesday,1,124,17
GSSA10025009,Display font and application fonts are very small,Display font and application fonts are very small,Issue,High,Security,Closed,204.0,2023-05-31 05:50:52,2023-06-08 17:50:52,Neutral,True,Slow,Breached,May,2023,2,Wednesday,3,49,8
GSSA1053785008,project permission,Assign full Permission to User 544455 for regional MEREENBASINXY project,User CUDA,Low,Data Center,Closed,20.0,2024-07-11 15:43:16,2024-07-12 11:43:16,Satisfied,True,Fast,Within SLA,July,2024,3,Thursday,1,72,10
GSSA10025007,Keyboard not working for userid u134422,Keyboard not working for userid u222222,Issue,Critical,IT Support,Closed,81.0,2024-06-18 07:35:55,2024-06-21 16:35:55,Urgent,True,Slow,Breached,June,2024,2,Tuesday,4,39,6
GSSA1219105006,well correlation licence is not available in petrel,well correlation licence is not available in petrel,Issue,High,Applications,Closed,32.0,2025-07-26 20:32:16,2025-07-28 04:32:16,Neutral,True,Medium,Within SLA,July,2025,3,Saturday,3,51,8
GSSA10025005,can not boot the system,hard disk not found. Can not boot the system.,Issue,High,Applications,Closed,206.0,2024-02-15 22:03:09,2024-02-24 12:03:09,Satisfied,True,Slow,Breached,February,2024,1,Thursday,3,45,9
GSSA1344225004,Petrel License getting reset frequently,Petrel License is getting reset every 10 minutes or so. Kindly resolve the issue asap.,Issue,Critical,Infrastructure,Closed,200.0,2023-03-09 11:56:59,2023-03-17 19:56:59,Neutral,True,Slow,Breached,March,2023,1,Thursday,4,86,15
GSSA1215865003,related to Hrz.,i am not able to display the horizon in my new project.,Issue,Low,Security,Closed,190.0,2024-12-14 16:36:03,2024-12-22 14:36:03,Neutral,True,Slow,Breached,December,2024,4,Saturday,1,55,12
GSSA1253935002,workstation54 working too slow,workstation54 working too slow. kindly do the needful,Issue,High,Applications,Closed,103.0,2025-04-13 00:01:56,2025-04-17 07:01:56,Frustrated,True,Slow,Breached,April,2025,2,Sunday,3,53,8
GSSA1219105001,frequent loss of petrel license causing inconvenience,frequent loss of petrel license causing inconvenience,Issue,Medium,Applications,Closed,109.0,2023-07-13 21:51:23,2023-07-18 10:51:23,Urgent,True,Slow,Breached,July,2023,3,Thursday,2,53,7
GSSA1053485000,petel license frequently disconnecting,Since morning petrel license is frequently disconnecting.,Issue,High,Applications,In Progress,0.0,2024-08-11 00:47:04,,Urgent,False,Unresolved,Within SLA,August,2024,3,Sunday,3,57,7
GSSA10024999,Unable to view Horizons For IP B789_* in SOUTHEROSF_BASIN_XY,Unable to view Horizons For IP B789_* in SOUTHEROSF_BASIN_XY,Issue,Low,IT Support,Closed,141.0,2023-05-03 09:53:03,2023-05-09 06:53:03,Frustrated,True,Slow,Breached,May,2023,2,Wednesday,1,60,9
GSSA10024998,Firefox and LibreOffice is not working.,Firefox and LibreOffice is not working.,Issue,Critical,Infrastructure,Closed,130.0,2025-05-07 13:33:59,2025-05-12 23:33:59,Urgent,True,Slow,Breached,May,2025,2,Wednesday,4,39,6
GSSA1242334997,SYSTEM SLOW,SYSTEM NOT RESPONDING PROPERLY,Issue,Critical,Infrastructure,Pending,0.0,2024-03-31 10:28:42,,Satisfied,False,Unresolved,Within SLA,March,2024,1,Sunday,4,30,4
GSSA10024996,can not login to workstation,workstation was restarted yesterday and cant login to workstation now.,Issue,Low,IT Support,Closed,174.0,2025-09-03 13:23:25,2025-09-10 19:23:25,Satisfied,True,Slow,Breached,September,2025,3,Wednesday,1,70,10
GSSA777944995,project not found,The project MORE-28-42_GEOMECH.pet in W:\Petrel Project From workstation110_inversion is not found while opening the petrel. Plz provide the solution at the earliest. Thanks,Issue,Critical,Data Center,Resolved,30.0,2025-08-18 20:05:15,2025-08-20 02:05:15,Frustrated,True,Medium,Within SLA,August,2025,3,Monday,4,173,23
GSSA10024994,big blue patch on screen,big blue patch on screen is hiding the dsg session,Issue,Low,Security,Closed,38.0,2024-07-15 18:43:51,2024-07-17 08:43:51,Neutral,True,Medium,Within SLA,July,2024,3,Monday,1,50,10
GSSA10024993,Unable to plot,Unable to plot the file.,Issue,Medium,Infrastructure,Resolved,157.0,2025-06-15 21:14:53,2025-06-22 10:14:53,Frustrated,True,Slow,Breached,June,2025,2,Sunday,2,24,5
GSSA1253934992,copy data to processing,"kindly copy a data folder ""/dumpdir/EH_TD_DATA"" to processing division in PG1 (CGG) group. Processing user is ""u125426"".",Data Transfer,Medium,Data Center,Closed,152.0,2023-10-26 17:02:17,2023-11-02 01:02:17,Neutral,True,Slow,Breached,October,2023,4,Thursday,2,120,17
GSSA10024991,can not access norsar license at Kvamshesten,can not access norsar license at Kvamshesten: node not found in include list,Issue,Critical,Infrastructure,Resolved,176.0,2023-04-19 01:12:14,2023-04-26 09:12:14,Urgent,True,Slow,Breached,April,2023,2,Wednesday,4,76,13
GSSA10024990,need to restore a openworks project for training,need to restore a openworks project for training purpose at 4th floor,Backup Restore,Low,Data Center,Closed,205.0,2023-03-13 04:27:24,2023-03-21 17:27:24,Frustrated,True,Slow,Breached,March,2023,1,Monday,1,69,12
GSSA1060834989,Addition of Interpreters in the Projects,"Dear Sir, Kindly include the following Interpreters in the respective projects as mentioned below: 1. Include Ms. Michelle Obama (CPF: 12345 & Mr. Alistair Campbell (CPF: ... in the Project: EH_TD_2018_IP Regards, Samuel",User CUDA,Medium,Infrastructure,Resolved,208.0,2025-10-24 05:41:00,2025-11-01 21:41:00,Urgent,True,Slow,Breached,October,2025,4,Friday,2,220,33
GSSA10024988,Periodic Workspace error while working in DSG,Periodic Workspace error while working in DSG,Issue,Low,Infrastructure,Closed,224.0,2023-12-21 00:39:48,2023-12-30 08:39:48,Satisfied,True,Slow,Breached,December,2023,4,Thursday,1,45,7
GSSA10024987,Plots not coming from 34th Floor plotter (hpplot3f),Plots not coming from 34th Floor plotter (hpplot3f),Issue,Medium,Applications,Closed,108.0,2024-03-25 13:09:54,2024-03-30 01:09:54,Urgent,True,Slow,Breached,March,2024,1,Monday,2,51,8
GSSA1344224986,Dump 1 Cartridge,One cartridge needs to be dumped to disk drive. Please collect it from me and do the needful. I can handover to the concerned person myself too. Dump them into: Z:\INPUT\IRONISL_Solund_2019 dump_IRONISL: 12.53.17.6,Tape RW,High,Applications,Closed,140.0,2023-05-04 22:51:37,2023-05-10 18:51:37,Urgent,True,Slow,Breached,May,2023,2,Thursday,3,214,33
GSSA10024985,need to disable the user list on login screen of the redhat,need to disable the user list on login screen of the redhat,Issue,Medium,IT Support,In Progress,0.0,2023-12-28 15:04:23,,Urgent,False,Unresolved,Within SLA,December,2023,4,Thursday,2,59,12
GSSA10024984,need to change the CRS in newly created project,need to change the crs in newly created IP: B789_127_2019 from WGS84_43N_SOUTHEROSF_BASIN to WGS84_42N_SOUTHEROSF_BASIN,Project Creation,High,Applications,Closed,47.0,2023-06-06 21:36:22,2023-06-08 20:36:22,Neutral,True,Medium,Within SLA,June,2023,2,Tuesday,3,119,14
GSSA1344224983,Creation of Landmark Project,"Please create a new Landmark Project: Delineation of Hazad sands in Solund Area. Project Title: Solund_IP Interpreter: GN-19 Users: Anil Johansen(123456), Lalit Johansen(654321), Aakash Hansen(236547)",Project Creation,Critical,Data Center,In Progress,0.0,2024-08-13 12:07:58,,Frustrated,False,Unresolved,Within SLA,August,2024,3,Tuesday,4,200,25
GSSA1344274982,GPM License,"Kindly, provide the license of the GPM module in Petrel for this system.",Issue,Critical,Applications,Resolved,224.0,2024-03-07 19:36:25,2024-03-17 03:36:25,Satisfied,True,Slow,Breached,March,2024,1,Thursday,4,72,13
GSSA10024981,System is not booting,System is not booting,Issue,Critical,Infrastructure,Resolved,108.0,2024-12-05 08:21:40,2024-12-09 20:21:40,Frustrated,True,Slow,Breached,December,2024,4,Thursday,4,21,4
GSSA1068694980,Connectivity issue with Plotter,"Unable to take map print-out from the 1st Floor plotter, assigned for Window system.",Issue,Medium,Security,Resolved,201.0,2025-09-14 12:02:01,2025-09-22 21:02:01,Satisfied,True,Slow,Breached,September,2025,3,Sunday,2,84,14
GSSA1063284979,VIRUS warning by AVG Antivirus,A virus warning was shown by AVG Antivirus (Screen shot attached)....please look into this issue,Issue,High,Applications,Resolved,53.0,2024-07-20 17:55:46,2024-07-22 22:55:46,Satisfied,True,Medium,Within SLA,July,2024,3,Saturday,3,96,15
GSSA1052474978,Access to IRONISL regional project,"Consequent upon annual transfer of manpower, pl provide access to regional project IRONISL to following cpf nos.- 12121 21212  This has approval of Basin Co-ordinator XY  Regards Micheal",User CUDA,Low,IT Support,Closed,69.0,2023-09-10 16:11:03,2023-09-13 13:11:03,Neutral,True,Medium,Within SLA,September,2023,3,Sunday,1,186,28
GSSA1053854977,Access to Basin Project data base,Please provide access to project data base MEREENBASINXY to my userid. thanks,User CUDA,Medium,Security,Resolved,69.0,2024-07-29 01:20:48,2024-07-31 22:20:48,Frustrated,True,Medium,Within SLA,July,2024,3,Monday,2,77,12
GSSA1063284976,Restoration of old Petrel Projects,H&S Asset has asked for backup of the following projects: 1. Reservoir Characterization of South More Field (2017-18) 2. Reservoir Characterization of Z-345 Field (2016-17) Plz restore only the petrel projects ASAP.,Backup Restore,Critical,Security,Resolved,4.0,2024-07-05 21:27:06,2024-07-06 01:27:06,Frustrated,True,Fast,Within SLA,July,2024,3,Friday,4,215,32
GSSA1219104975,MS one drive error pops up at random and system runs slow,MS one drive error pops up at random and system runs slow,Issue,Low,Infrastructure,Closed,111.0,2023-11-22 10:59:17,2023-11-27 01:59:17,Neutral,True,Slow,Breached,November,2023,4,Wednesday,1,57,12
GSSA1219104974,MS Office files shows problem while opening,MS Office files shows problem while opening,Issue,Low,Infrastructure,Resolved,144.0,2025-11-07 01:56:29,2025-11-13 01:56:29,Frustrated,True,Slow,Breached,November,2025,4,Friday,1,43,7
GSSA10024973,network issue,network problem in the workstation. Please check,Issue,Critical,Infrastructure,Closed,83.0,2024-02-19 17:39:16,2024-02-23 04:39:16,Frustrated,True,Slow,Breached,February,2024,1,Monday,4,48,7
GSSA10024972,Plots not coming from 6th floor plotter,Plots not coming from 6th floor plotter,Issue,Medium,Applications,Closed,107.0,2025-12-26 05:45:27,2025-12-30 16:45:27,Neutral,True,Slow,Breached,December,2025,4,Friday,2,39,7
GSSA948664971,plotter installation for pdf fies required,pl configure plotter for pdf fies from WINDOWS system,Issue,Medium,Security,Closed,227.0,2025-11-27 20:30:14,2025-12-07 07:30:14,Neutral,True,Slow,Breached,November,2025,4,Thursday,2,53,9
GSSA1346114970,Request to dump cartridge,Path: dumpdir/INPUT/AP152,Tape RW,Critical,Data Center,Resolved,208.0,2025-10-03 16:30:37,2025-10-12 08:30:37,Frustrated,True,Slow,Breached,October,2025,4,Friday,4,25,2
GSSA10024969,need to create a new LTO6,need to create a copy of geoframe project backup in LTO6 for IRONISL basin,Tape RW,Low,Security,Closed,123.0,2023-04-21 22:04:42,2023-04-27 01:04:42,Satisfied,True,Slow,Breached,April,2023,2,Friday,1,74,14
GSSA10024968,Petrel not responding on loading LAS file,Petrel not responding on loading LAS file,Issue,Critical,IT Support,Closed,50.0,2025-08-04 06:02:59,2025-08-06 08:02:59,Satisfied,True,Medium,Within SLA,August,2025,3,Monday,4,41,7
GSSA737754967,Anaconda-navigator command does not exist,"anaconda-navigator command not found. Although I was working in anaconda- navigator till yesterday evening. System was very slow, I restarted the system today. After rest ... m, anaconda-navigator command is not working.",Issue,Medium,Data Center,Closed,112.0,2025-09-13 09:42:23,2025-09-18 01:42:23,Urgent,True,Slow,Breached,September,2025,3,Saturday,2,220,32
GSSA948664966,need to create a new openworks project,need to create a new openworks project,Project Creation,Critical,IT Support,Resolved,238.0,2023-09-23 20:30:40,2023-10-03 18:30:40,Urgent,True,Slow,Breached,September,2023,3,Saturday,4,38,7
GSSA10024965,geolog18 getting hanged.,geolog18 getting hanged.,Issue,High,Infrastructure,Closed,111.0,2025-04-09 18:10:40,2025-04-14 09:10:40,Frustrated,True,Slow,Breached,April,2025,2,Wednesday,3,24,3
GSSA777924964,Plz install HRS 10.4,Plz install HRS 10.4,Software Installation,Low,Infrastructure,Closed,53.0,2024-01-16 07:12:46,2024-01-18 12:12:46,Satisfied,True,Medium,Within SLA,January,2024,1,Tuesday,1,20,4
GSSA1344274963,Refill the ink of the printer RICOH-PCL6 for the 34th Floor A wing,Refill the ink for RICOH 34th Floor a wing,Issue,Low,Applications,Closed,178.0,2023-09-11 20:05:11,2023-09-19 06:05:11,Neutral,True,Slow,Breached,September,2023,3,Monday,1,42,9
GSSA10024962,Geolog 18 not launching,Geolog 18 not launching,Issue,Critical,Security,Closed,234.0,2024-12-19 02:18:35,2024-12-28 20:18:35,Frustrated,True,Slow,Breached,December,2024,4,Thursday,4,23,4
GSSA10024961,can not print,can not plot any cgm files through cgm builder,Issue,High,IT Support,Closed,57.0,2024-08-12 11:07:27,2024-08-14 20:07:27,Neutral,True,Medium,Within SLA,August,2024,3,Monday,3,46,9
GSSA10024960,Plots not coming from 1st floor plotter,Plots not coming from 1st floor plotter,Issue,Critical,Security,Closed,233.0,2024-02-24 08:23:03,2024-03-05 01:23:03,Neutral,True,Slow,Breached,February,2024,1,Saturday,4,39,7
GSSA10024959,"Workstation details list for SOUTHEROSF group, 1st floor","Workstation details list for SOUTHEROSF group, 1st floor, is updated by physically verifying every workstation in the above group.",Other,High,Infrastructure,Closed,152.0,2025-09-21 04:55:13,2025-09-27 12:55:13,Satisfied,True,Slow,Breached,September,2025,3,Sunday,3,130,19
GSSA10024958,workstation detail verification of R&D group in 4th floor,workstation detail verification of R&D group in 4th floor,Other,Low,IT Support,Closed,9.0,2025-12-05 00:32:14,2025-12-05 09:32:14,Urgent,True,Fast,Within SLA,December,2025,4,Friday,1,57,9
GSSA10024957,"workstation detail verification of IRONISL, Winterfell basin and ppg in 34th Floor group","workstation detail list of IRONISL, Winterfell basin and ppg 34th Floor group is updated by physically verifying every workstation in the above mentioned groups.",Other,High,Security,Closed,65.0,2025-05-15 04:35:29,2025-05-17 21:35:29,Satisfied,True,Medium,Within SLA,May,2025,2,Thursday,3,161,24
GSSA10024956,Request to Install paradigm plugin for petrel 18,Request to Install paradigm plugin for petrel 18,Issue,Medium,Infrastructure,Pending,0.0,2023-12-08 03:50:49,,Neutral,False,Unresolved,Within SLA,December,2023,4,Friday,2,48,8
GSSA10024955,colour scheme has changed in the openworks session,colour scheme has changed in the openworks session - not able to read text in dark bacMEREENround,Issue,Critical,Applications,Resolved,231.0,2025-11-29 12:16:09,2025-12-09 03:16:09,Satisfied,True,Slow,Breached,November,2025,4,Saturday,4,97,17
GSSA10024954,unable to plot through zps,unable to plot through zps: license checkout failed,Issue,Critical,Applications,Closed,1.0,2024-05-18 18:08:11,2024-05-18 19:08:11,Satisfied,True,Fast,Within SLA,May,2024,2,Saturday,4,51,8
GSSA10024953,"workstation detail list of VALERIA, MEREEN and ppg 6th floor group","workstation detail list of VALERIA, MEREEN and ppg 6th floor group is updated by physically verifying every workstation in the above mentioned groups.",Other,Low,IT Support,Closed,57.0,2023-03-28 21:31:04,2023-03-31 06:31:04,Urgent,True,Medium,Within SLA,March,2023,1,Tuesday,1,150,23
GSSA737754952,Project folder copying from workstation88 to workstation111,Pls copy the project folder from machine workstation88 to workstation111 at location /project data/Data_Analytics_2018/,Data Transfer,Low,Data Center,Closed,29.0,2023-12-22 19:31:51,2023-12-24 00:31:51,Neutral,True,Medium,Within SLA,December,2023,4,Friday,1,119,14
GSSA664594951,Opendtect problem,opendtect software crashing frequently,Issue,Low,Security,Resolved,51.0,2023-02-19 20:47:01,2023-02-21 23:47:01,Satisfied,True,Medium,Within SLA,February,2023,1,Sunday,1,38,4
GSSA1225034950,Creation of Project,"Please create a project titled as "" B-157-127_RESERVOIR_2019-20"" in Geoframe. Thank you",Project Creation,Low,Applications,Closed,1.0,2024-05-05 00:56:31,2024-05-05 01:56:31,Satisfied,True,Fast,Within SLA,May,2024,2,Sunday,1,87,12
GSSA1053484949,Petrel Licence Server Not Working,Petrel license lost,Issue,Low,Data Center,Closed,178.0,2024-09-15 04:30:26,2024-09-22 14:30:26,Satisfied,True,Slow,Breached,September,2024,3,Sunday,1,19,3
GSSA10024948,Plots not coming from 6th floor plotter,Plots not coming from 6th floor plotter,Issue,Critical,Security,Closed,190.0,2024-02-20 22:06:12,2024-02-28 20:06:12,Urgent,True,Slow,Breached,February,2024,1,Tuesday,4,39,7
GSSA1061674947,load the Data from cartridges,"please load the Data from cartridges, following Directory /dumpdir/INPUT/KS_2019-20.",Tape RW,Critical,Data Center,Closed,10.0,2023-04-13 19:41:24,2023-04-14 05:41:24,Satisfied,True,Fast,Within SLA,April,2023,2,Thursday,4,84,9
GSSA1270224946,System is slow,System is slow,Issue,Low,Infrastructure,Closed,236.0,2023-11-24 18:00:37,2023-12-04 14:00:37,Neutral,True,Slow,Breached,November,2023,4,Friday,1,14,3
GSSA10024945,Unable to view horizons in IP project WO_5_15_19_IP.,Unable to view horizons in IP project WO_5_15_19_IP.,Issue,Medium,Infrastructure,Closed,182.0,2025-05-31 02:00:17,2025-06-07 16:00:17,Neutral,True,Slow,Breached,May,2025,2,Saturday,2,52,8
GSSA10024944,Unable to access dumpdir partition in workstation (User Viktor Crum CPF-36363,The mapped network drive corresponding to dumpdir of SOUTHEROS basin is not accessible,Issue,Critical,Applications,Closed,194.0,2024-05-03 20:02:30,2024-05-11 22:02:30,Frustrated,True,Slow,Breached,May,2024,2,Friday,4,86,13
GSSA10024943,Request from R&D group to send data to IIT MEREENP,Data request from IIT Kharagpur under Pan IIT ONGC collborative project. Fault mapping and facies prediction using big data analytics. (User - Sean Bean CPF 69696,Data Transfer,Critical,Infrastructure,Resolved,115.0,2023-11-27 07:17:31,2023-12-02 02:17:31,Satisfied,True,Slow,Breached,November,2023,4,Monday,4,162,26
GSSA948664942,plot not responding from here to 6th & 1st floor,plot not responding from here to 6th & 1st floor,Issue,High,IT Support,Pending,0.0,2025-10-15 04:31:28,,Urgent,False,Unresolved,Within SLA,October,2025,4,Wednesday,3,48,10
GSSA1215864941,create new survey,Please create a new survey for the Project Play fairway analysis and reservoir characterisation of More and Kvamshesten pays in B-157/127 area through prestack geostatistical analysis using newly acquired broad band data,Project Creation,Low,Infrastructure,Pending,0.0,2025-02-14 12:41:25,,Urgent,False,Unresolved,Within SLA,February,2025,1,Friday,1,220,32
GSSA1253934940,copy data,sftp ftpuser@12.53.147.109 password: ftpuser upload directory(LIV and H3A ZAP horizon),Data Transfer,High,Data Center,Closed,176.0,2024-09-06 14:13:34,2024-09-13 22:13:34,Satisfied,True,Slow,Breached,September,2024,3,Friday,3,86,10
GSSA1053854939,Data copy in Tape,please copy segy data in a tape.path: /userhome/u342432423/Desktop/SeismicData_for_MEREEN_Basin,Tape RW,Medium,Infrastructure,Closed,221.0,2025-09-25 15:15:17,2025-10-04 20:15:17,Neutral,True,Slow,Breached,September,2025,3,Thursday,2,95,8
GSSA1270224938,Tape Dump,Kindly dump gather data from provided cartridge,Tape RW,Low,Data Center,Closed,155.0,2024-12-13 19:14:13,2024-12-20 06:14:13,Neutral,True,Slow,Breached,December,2024,4,Friday,1,47,7
GSSA1061674937,To create IP project for 2019-20,Please create IP project for 2019-20 as early as possible.,Project Creation,Medium,Infrastructure,Closed,222.0,2023-08-10 22:38:20,2023-08-20 04:38:20,Frustrated,True,Slow,Breached,August,2023,3,Thursday,2,58,10
GSSA1234204936,Printer not installed,please install the printer,Software Installation,Critical,Data Center,Closed,187.0,2024-02-16 11:26:54,2024-02-24 06:26:54,Urgent,True,Slow,Breached,February,2024,1,Friday,4,26,4
GSSA1352244935,REQUEST TO INSTALL LIBRE OFFICE IN THE SYSYTEM,REQUEST TO INSTALL LIBRE OFFICE IN THE SYSTEM,Software Installation,Critical,IT Support,Closed,74.0,2023-08-05 21:47:44,2023-08-08 23:47:44,Neutral,True,Slow,Breached,August,2023,3,Saturday,4,45,8
GSSA1216544934,loading of segy data from tapes.,please load the seismic data from tapes.,Tape RW,Critical,Applications,Pending,0.0,2024-01-19 02:56:23,,Frustrated,False,Unresolved,Within SLA,January,2024,1,Friday,4,40,7
GSSA1351854933,access to project NAS_MEGAMERGE_IP,KINDLY PROVIDE ACCESS TO THE ABOVE MENTIONED PROJECT TO THE SYSTEM workstation38,User CUDA,High,IT Support,Closed,208.0,2025-05-22 01:19:15,2025-05-30 17:19:15,Satisfied,True,Slow,Breached,May,2025,2,Thursday,3,80,12
GSSA10024932,kappa license update,kappa license update,Other,Low,Applications,Closed,201.0,2025-04-17 06:31:47,2025-04-25 15:31:47,Frustrated,True,Slow,Breached,April,2025,2,Thursday,1,20,3
GSSA10024931,landmark licenses updated,landmark licenses updated,Other,High,IT Support,Resolved,71.0,2024-02-13 03:43:01,2024-02-16 02:43:01,Neutral,True,Medium,Within SLA,February,2024,1,Tuesday,3,25,3
GSSA10024930,norsar license update,norsar license update,Other,Critical,IT Support,Closed,207.0,2025-06-27 02:56:43,2025-07-05 17:56:43,Frustrated,True,Slow,Breached,June,2025,2,Friday,4,21,3
GSSA10024929,jason license update for Stabbfjorden region and reservation on one license,jason license update for Stabbfjorden region and reservation on one license,Other,Medium,Infrastructure,Closed,27.0,2024-10-27 13:10:14,2024-10-28 16:10:14,Satisfied,True,Medium,Within SLA,October,2024,4,Sunday,2,75,11
GSSA1234204928,User Creation,Please creat my user id and password in the system workstation113,User CUDA,High,Applications,Resolved,222.0,2025-06-25 11:41:03,2025-07-04 17:41:03,Neutral,True,Slow,Breached,June,2025,2,Wednesday,3,65,11
GSSA944424927,Licence Issue,I am not able to release the Jason Licences from workstation-90 . plz resolved it. thanking you,Issue,Medium,Applications,Closed,93.0,2024-09-12 10:43:48,2024-09-16 07:43:48,Satisfied,True,Slow,Breached,September,2024,3,Thursday,2,95,17
GSSA1336254926,KIndly create Project in Landmark.,"KIndly create Project in Landmark for Reservoir Characterization and GCM of Kvamshesten, More and Voring pays in WO-5 and WO-15 areas. Regards, Agnete",Project Creation,High,IT Support,Closed,229.0,2024-07-16 08:12:20,2024-07-25 21:12:20,Urgent,True,Slow,Breached,July,2024,3,Tuesday,3,150,23
GSSA1270224925,Tape Dump,Kindlu dump gather data from provided tape,Tape RW,Low,Data Center,Closed,187.0,2023-12-07 16:52:13,2023-12-15 11:52:13,Frustrated,True,Slow,Breached,December,2023,4,Thursday,1,42,7
GSSA1336254924,Please dump data from 4 Cartridges and 1 DVD to 'dumpdir' folder.,"Please dump data from following 4 Cartridges and 1 DVD to 'dumpdir' folder: S01939 S01942 S01986 S01944 D04186 Thanks & Regards, Agnete",Tape RW,Critical,Infrastructure,Closed,93.0,2023-08-03 21:22:52,2023-08-07 18:22:52,Satisfied,True,Slow,Breached,August,2023,3,Thursday,4,135,22
GSSA777924923,REQUEST FOR IP Project Creation B193_19_IP,REQUEST FOR IP Project Creation B193_19_IP,Project Creation,Critical,Applications,Closed,111.0,2025-03-02 12:31:01,2025-03-07 03:31:01,Satisfied,True,Slow,Breached,March,2025,1,Sunday,4,42,6
GSSA777924922,Tape dump at /dumpdir/INPUT\WBWN_300419,PLZ DUMP 7 TAPES TO /dumpdir/INPUT\WBWN_300419,Tape RW,High,Applications,Closed,164.0,2025-02-05 15:36:14,2025-02-12 11:36:14,Neutral,True,Slow,Breached,February,2025,1,Wednesday,3,46,6
GSSA944424921,Deletion of snapshot,Please delete snapshot of projectdata of workstation95.,Issue,Medium,Infrastructure,Closed,18.0,2023-05-22 05:20:54,2023-05-22 23:20:54,Frustrated,True,Fast,Within SLA,May,2023,2,Monday,2,55,7
GSSA1061674920,tabs are not showing on Bottom tool bar,please rectify tabs are not showing on Bottom tool bar,Issue,Critical,Infrastructure,Pending,0.0,2023-03-15 04:37:32,,Urgent,False,Unresolved,Within SLA,March,2023,1,Wednesday,4,54,10
GSSA1352244919,REQUEST TO CREATE A NEW PROJECT IP.,REQUEST TO CREATE A NEW PROJECT IP,Project Creation,High,IT Support,Closed,81.0,2023-06-20 08:00:57,2023-06-23 17:00:57,Satisfied,True,Slow,Breached,June,2023,2,Tuesday,3,34,7
GSSA1346114918,Request to create new Project IP.,Request to create new Project IP.,Project Creation,Low,IT Support,In Progress,0.0,2023-08-26 10:20:14,,Urgent,False,Unresolved,Within SLA,August,2023,3,Saturday,1,33,6
GSSA1068694917,Petrel bundle license not available,Petrel license is not available,Issue,Medium,IT Support,Closed,138.0,2025-09-01 16:53:02,2025-09-07 10:53:02,Neutral,True,Slow,Breached,September,2025,3,Monday,2,31,5
GSSA1253884916,printing issue,not able to print any document from this workstation,Issue,High,Infrastructure,Closed,75.0,2023-09-06 12:33:40,2023-09-09 15:33:40,Frustrated,True,Slow,Breached,September,2023,3,Wednesday,3,52,9
GSSA1219104915,Mouse not functioning properly,Mouse not functioning properly,Issue,Medium,Security,Closed,93.0,2025-11-23 02:10:42,2025-11-26 23:10:42,Neutral,True,Slow,Breached,November,2025,4,Sunday,2,30,4
GSSA1053724914,GEOLOG9 not opening,GEOLOG9 not opening,Issue,Critical,Infrastructure,Closed,10.0,2024-10-17 19:15:51,2024-10-18 05:15:51,Neutral,True,Fast,Within SLA,October,2024,4,Thursday,4,19,3
GSSA1052234913,Please send the Petrel Project to H&S Asset,Please send the Petrel Project C-22-24 to H&S Asset via FTP. As per the discussion with Ingar Sir the project is copied in USB share. The project path is as follows Y:\SO ... \C-22-C24_Asset_Review Please do the needful.,Data Transfer,High,Security,Closed,141.0,2025-07-15 11:44:25,2025-07-21 08:44:25,Satisfied,True,Slow,Breached,July,2025,3,Tuesday,3,220,38
GSSA1063154912,zps license not available,.,Issue,Low,IT Support,In Progress,0.0,2023-04-09 16:29:04,,Frustrated,False,Unresolved,Within SLA,April,2023,2,Sunday,1,1,1
GSSA959404911,Project creation,"May please create project"" Z-345_Cluster_fields"" in Geoframe. Access system for geoframe is 12.53.17.170",Project Creation,Critical,Applications,Closed,111.0,2024-08-20 17:09:54,2024-08-25 08:09:54,Neutral,True,Slow,Breached,August,2024,3,Tuesday,4,104,13
GSSA959404910,Ocean plug-ins not showing in the licence configuration,Ocean plug-ins Depth Shift in the licence configuration tab is not showing whereas it was showing yesterday and day after yesterday. pl do the needful as soon as possible as I am working on it.,Issue,Low,Applications,In Progress,0.0,2024-08-15 19:47:53,,Satisfied,False,Unresolved,Within SLA,August,2024,3,Thursday,1,193,35
GSSA777944909,Upgradation of petrel version from 2016 to 2018,"Sir, kindly upgrade my version of petrel to 2018 regards",Software Installation,High,Security,In Progress,0.0,2025-07-14 16:19:50,,Frustrated,False,Unresolved,Within SLA,July,2025,3,Monday,3,56,10
GSSA948664908,zps licence not available,zps licence not available,Issue,Medium,Infrastructure,Closed,116.0,2024-12-28 02:09:52,2025-01-01 22:09:52,Urgent,True,Slow,Breached,December,2024,4,Saturday,2,25,4
GSSA969144907,installation of petrel 2018 version,kindly install petrel version 2018 in workstation 44,Software Installation,Critical,Applications,Closed,164.0,2025-04-01 22:48:45,2025-04-08 18:48:45,Satisfied,True,Slow,Breached,April,2025,2,Tuesday,4,52,8
GSSA1052474906,To dump the data from basin,Pl dump the data in sgy format and restore the project. As per Head INTEG data to be send to DGH immediately.,Data Transfer,High,Data Center,Closed,161.0,2024-01-26 13:23:51,2024-02-02 06:23:51,Urgent,True,Slow,Breached,January,2024,1,Friday,3,109,22
GSSA1219104905,System enebaled with USB share not functioning,System enebaled with USB share not functioning,Issue,High,Applications,Pending,0.0,2025-05-09 09:45:22,,Urgent,False,Unresolved,Within SLA,May,2025,2,Friday,3,46,7
GSSA1223664904,System is unable to boot,System is unable to boot,Issue,Critical,Security,Closed,80.0,2023-01-18 20:02:36,2023-01-22 04:02:36,Frustrated,True,Slow,Breached,January,2023,1,Wednesday,4,24,5
GSSA948664903,workstation 59 - DSD became very slow,workstation 59 - DSD became very slow. not responding.,Issue,Medium,Infrastructure,Closed,89.0,2025-11-22 18:48:13,2025-11-26 11:48:13,Frustrated,True,Slow,Breached,November,2025,4,Saturday,2,54,9
GSSA920554902,Machine(workstation80) are very slow,Since last few days Machine is extremely slow. Slowness is being reported at Geo-connect but could not resolve so far. Kindly do the needful asap otherwise suggest to use other terminal.,Issue,Low,Infrastructure,Resolved,153.0,2023-06-27 22:47:54,2023-07-04 07:47:54,Satisfied,True,Slow,Breached,June,2023,2,Tuesday,1,186,31
GSSA1219304901,Project Backup of Stabbfjorden dome Pre-stack Inversion,"Sir, Please take project backup of Stabbfjorden dome pre-stack inversion located at the following disk location on workstation109 E:\Stabbfjorden_DOME_UNSCHEDULED_JUNE_2018 thanks Prashant",Project Backup,Low,IT Support,Closed,164.0,2025-11-25 00:00:16,2025-12-01 20:00:16,Neutral,True,Slow,Breached,November,2025,4,Tuesday,1,188,21
GSSA1063154900,toner low at 3B wing RICOH printer,.,Issue,Low,Infrastructure,Closed,193.0,2025-04-14 03:42:17,2025-04-22 04:42:17,Satisfied,True,Slow,Breached,April,2025,2,Monday,1,1,1
GSSA920554899,Machine(workstation80) are very slow,Machine is extremely slow during the basic Seismic data interpretation,Issue,Medium,Data Center,Pending,0.0,2024-02-19 11:57:50,,Satisfied,False,Unresolved,Within SLA,February,2024,1,Monday,2,70,10
GSSA1060954898,System hanged up.,System hanged up. No response from mouse or keyboard. Kindly resolve.,Issue,Medium,Security,Closed,163.0,2025-09-22 16:47:16,2025-09-29 11:47:16,Satisfied,True,Slow,Breached,September,2025,3,Monday,2,69,11
GSSA10024897,Installation of Latest version of Jason 10.0.1,Installation of Latest version of Jason 10.0.,Software Installation,Low,Infrastructure,Resolved,146.0,2024-06-12 10:39:39,2024-06-18 12:39:39,Urgent,True,Slow,Breached,June,2024,2,Wednesday,1,45,7
GSSA1344274896,Install Petrel,Kindly install petrel 2018 in the system workstation 22,Software Installation,Medium,IT Support,Resolved,146.0,2023-06-23 06:57:59,2023-06-29 08:57:59,Satisfied,True,Slow,Breached,June,2023,2,Friday,2,55,9
GSSA1060954895,slow project on dsg platform,Project on DSG platform is slow. Kindly resolve.,Issue,Medium,IT Support,Resolved,77.0,2024-03-31 22:28:40,2024-04-04 03:28:40,Neutral,True,Slow,Breached,March,2024,1,Sunday,2,48,8
GSSA969144894,Unavailability of petrel license,Unavailability of petrel license from 1300hrs,Issue,Critical,Applications,Closed,144.0,2024-11-06 09:13:24,2024-11-12 09:13:24,Frustrated,True,Slow,Breached,November,2024,4,Wednesday,4,45,6
GSSA1314214893,Software Issue,Plz look at the issue as mentioned in the screen shot.,Issue,Medium,IT Support,Resolved,137.0,2023-09-03 16:32:54,2023-09-09 09:32:54,Frustrated,True,Slow,Breached,September,2023,3,Sunday,2,54,11
GSSA948494892,kindly provide access to cifs_ppg,May kindly provide access to cifs_ppg i.e. \\12.53.17.32 at my workstation thank you,Issue,Medium,Data Center,Closed,102.0,2024-12-05 20:02:45,2024-12-10 02:02:45,Frustrated,True,Slow,Breached,December,2024,4,Thursday,2,84,13
GSSA1053904891,Request for upgradation of Petrel version,Please update Petrel 2018.1 to 2018.2 as the present one is very unstable. Crashing too often.,Software Installation,High,Security,Resolved,141.0,2023-01-06 00:59:38,2023-01-11 21:59:38,Neutral,True,Slow,Breached,January,2023,1,Friday,3,94,16
GSSA1223664890,System get hanged not working,System get hanged not working.,Issue,Critical,Applications,Closed,77.0,2024-02-14 03:51:19,2024-02-17 08:51:19,Neutral,True,Slow,Breached,February,2024,1,Wednesday,4,30,5
GSSA1252314889,Create a new Project in Geoframe,"Create a new Project in Geoframe with name ""GCM_BORHOLLA"" for user CPF-99999 on workstation66 linux machine",Project Creation,High,Infrastructure,Resolved,35.0,2025-02-16 15:12:10,2025-02-18 02:12:10,Frustrated,True,Medium,Within SLA,February,2025,1,Sunday,3,107,16
GSSA1244044888,Transfer of data from Openworks to Petrel project through plug-in.,Data for new project needs to be transferred from openworks project to Petrel project via plug-in.,Project Creation,Critical,IT Support,Closed,229.0,2023-10-05 12:37:29,2023-10-15 01:37:29,Frustrated,True,Slow,Breached,October,2023,4,Thursday,4,98,16
GSSA10024887,Installation of Openspirit,Installation of Openspirit in all application VM server,Software Installation,Low,Infrastructure,Closed,237.0,2025-02-27 15:44:40,2025-03-09 12:44:40,Satisfied,True,Slow,Breached,February,2025,1,Thursday,1,55,8
GSSA948494886,Creation of project in Geoframe and GEOLOG for year 2019-20,"Kindly create project in Geoframe to be named as follows: ""Hornelen-Solund_2019-20 Similar named project to be created in GEOLOG also. Regards Jonas Andersen",Project Creation,Medium,IT Support,Closed,108.0,2023-06-15 07:16:58,2023-06-19 19:16:58,Frustrated,True,Slow,Breached,June,2023,2,Thursday,2,157,23
GSSA1344274885,The system is crashing,Since the time petrel 2018 has been used for the new GPM license my system is crashing and there was powed mode off,Issue,Medium,Data Center,Closed,67.0,2025-08-29 08:52:51,2025-09-01 03:52:51,Satisfied,True,Medium,Within SLA,August,2025,3,Friday,2,115,23
GSSA1050814884,Tape Dump,May Kindly dump the PSTM Gather data of eight cartridges S.No A02914 to A029145 at /dumpdir/Voring_more/01_INPUT,Tape RW,Low,Infrastructure,In Progress,0.0,2024-04-08 14:49:41,,Neutral,False,Unresolved,Within SLA,April,2024,2,Monday,1,112,16
GSSA1050924883,Deletion of data,"Kindly delete the the following data from my system, that I am unable to do due to system permission. location: F/myback_full_b1_s1_v1.tib",Other,Critical,Data Center,Resolved,23.0,2025-09-19 13:45:49,2025-09-20 12:45:49,Frustrated,True,Fast,Within SLA,September,2025,3,Friday,4,138,21
GSSA1060954882,system gothanged when opening DSG zone manager sevral times.,System hanged up while opening on DSG zone manager several times. Kindly resolve.,Issue,Medium,Applications,Resolved,212.0,2025-02-27 15:02:38,2025-03-08 11:02:38,Satisfied,True,Slow,Breached,February,2025,1,Thursday,2,81,13
GSSA1344274881,Kindly Load Petrel new versions,there are certain bugs being observed in Petrel 2018.1 so kindly install Petrel version 2018.2 and version in my system at the earliest2017,Software Installation,Low,Data Center,Closed,144.0,2025-08-04 00:03:18,2025-08-10 00:03:18,Satisfied,True,Slow,Breached,August,2025,3,Monday,1,139,23
GSSA1053784880,dump cartridge,pls dump one cartridge at /dumpdir/INPUT/SMNGC_ES360_TAPE,Tape RW,Medium,Data Center,Closed,33.0,2023-11-05 23:56:36,2023-11-07 08:56:36,Satisfied,True,Medium,Within SLA,November,2023,4,Sunday,2,57,6
GSSA1060954879,System window hanged up.,System window hanged up while working on DSG map view. Kindly resolve.,Issue,Low,Security,Pending,0.0,2023-08-26 10:15:39,,Neutral,False,Unresolved,Within SLA,August,2023,3,Saturday,1,70,12
GSSA1068694878,"Transfer of Data from Processing to IRONISL, INTEG",Kindly transfer the data from Processing to IRONISL workstation. Source Path: /norfs/omega/wgdata3/mb_osn/Voring_offshore/seismic_data/15_Gather_cond_SOUTHern_onshore_P/p ... mp_IRONISL(\\12.53.17.6)\INPUT/Halisa_Project,Data Transfer,High,Applications,Resolved,104.0,2024-08-03 20:31:07,2024-08-08 04:31:07,Urgent,True,Slow,Breached,August,2024,3,Saturday,3,220,14
GSSA1244894877,Updation of Nexus License on CLAP server,Please update the Nexus license to CLAP server. License is Mailed to Ingar Sir and Jakob sir.,Other,High,Data Center,Closed,183.0,2023-09-08 22:59:04,2023-09-16 13:59:04,Satisfied,True,Slow,Breached,September,2023,3,Friday,3,93,17
GSSA1063154876,petrel installation and openspirit configuration,"pl. install petrel 18.2 in workstation102 and pl establish openspirit connection with landmark project ACT_WinterfellB_XY, UAS_REG_18",Software Installation,Critical,IT Support,Closed,6.0,2025-04-17 21:30:27,2025-04-18 03:30:27,Urgent,True,Fast,Within SLA,April,2025,2,Thursday,4,133,16
GSSA1068694875,"Transfer of Data from Processing to IRONISL, INTEG",Kindly transfer the PSTM gather from Processing to IRONISL workstation. Source Path: /norfs/omega/wgdata3/mb_osn/Voring_offshore/seismic_data/15_Gather_cond_SOUTHern_onsh ... mp_IRONISL(\\12.53.17.6)\INPUT\Halisa_Project,Data Transfer,Medium,Applications,Resolved,137.0,2025-04-03 21:01:04,2025-04-09 14:01:04,Urgent,True,Slow,Breached,April,2025,2,Thursday,2,220,15
GSSA1218884874,TECHLOG UPDATE,UPDATE TECHLOG VERSION,Software Installation,High,IT Support,Resolved,2.0,2023-01-01 21:19:18,2023-01-01 23:19:18,Urgent,True,Fast,Within SLA,January,2023,1,Sunday,3,22,3
GSSA1270224873,tape dump,kindly dump data from tape to following location: /dumpdir/INPUT/More_ALL_DATA,Tape RW,High,Security,Closed,105.0,2025-07-19 10:16:21,2025-07-23 19:16:21,Satisfied,True,Slow,Breached,July,2025,3,Saturday,3,78,9
GSSA1053484872,Petrel stopped working,Petrel project crashed with some error. Error screenshot attached.,Issue,High,Security,In Progress,0.0,2024-05-18 13:24:49,,Neutral,False,Unresolved,Within SLA,May,2024,2,Saturday,3,66,9
GSSA1068694871,Data transfer from INTEG workstation to Processing,Kindly transfer the following four horizon files from IRONISL workstation to Processing. File Source Path: usb_share(\\12.53.17.31)\IRONISL\Horizons 22Mar 2019 Destinatio ... a/wgdata3/mb_osn/Voring_offshore/seismic_data,Data Transfer,High,IT Support,Closed,25.0,2025-01-29 00:32:28,2025-01-30 01:32:28,Urgent,True,Medium,Within SLA,January,2025,1,Wednesday,3,220,21
GSSA1053904870,License not available,License not available,Issue,Low,Infrastructure,Closed,121.0,2023-01-31 06:08:44,2023-02-05 07:08:44,Satisfied,True,Slow,Breached,January,2023,1,Tuesday,1,21,3
GSSA1050924869,Petrel Licence Server Not Working,Petrel Licence Server Not Working,Issue,Critical,Data Center,Closed,87.0,2023-06-23 18:43:51,2023-06-27 09:43:51,Satisfied,True,Slow,Breached,June,2023,2,Friday,4,33,5
GSSA1223664868,Petrel project is not opening,"Petrel project is not opening, hangs midway while opening.",Issue,Critical,IT Support,Closed,225.0,2024-07-17 20:54:13,2024-07-27 05:54:13,Urgent,True,Slow,Breached,July,2024,3,Wednesday,4,58,9
GSSA1257134867,PROBLEM IN DISPLAY SETTING,THERE IS A MINOR PROBLEM IN MONITOR IN THE FORM OF MISMATCH IN DISPLAY SETTING.,Issue,Critical,Infrastructure,Resolved,39.0,2024-04-22 16:57:27,2024-04-24 07:57:27,Frustrated,True,Medium,Within SLA,April,2024,2,Monday,4,79,15
GSSA948664866,Kvamshesten_IP project backup tape for sending out required,Kvamshesten_IP project backup tape for sending out required,Data Transfer,Medium,Infrastructure,In Progress,0.0,2024-01-07 23:25:45,,Satisfied,False,Unresolved,Within SLA,January,2024,1,Sunday,2,59,8
GSSA1061674865,to add 3D Survey,"please add Survey ""MER-CACD-C25-C23-C22_EH_TD"" project from SOUTHEROSF_BASIN_XY to Kvamshesten_FM_2018_19_IP",Project Creation,Critical,IT Support,Pending,0.0,2023-03-31 23:36:24,,Satisfied,False,Unresolved,Within SLA,March,2023,1,Friday,4,108,9
GSSA1254214864,System is running very slow,system is taking unusually longer time to respond. restarted once. but still not improved.,Issue,Critical,Applications,Closed,122.0,2024-01-10 04:20:37,2024-01-15 06:20:37,Neutral,True,Slow,Breached,January,2024,1,Wednesday,4,90,14
GSSA1061674863,system working slow,"system getting slow without submitting any job, session is not saving. Please rectify as early as possible.",Issue,High,Security,In Progress,0.0,2025-05-31 08:35:59,,Urgent,False,Unresolved,Within SLA,May,2025,2,Saturday,3,107,17
GSSA1068694862,Data transfer from Processing to workstation,Kindly transfer the data from Processing to IRONISL workstation. Source Path: /norfs/omega/wgdata3/mb_osn/Voring_offshore/seismic_data/15_Gather_cond_SOUTHern_onshore_P/R ... nation Path: dump_IRONISL(\\12.53.17.6)\INPUT,Data Transfer,High,IT Support,Closed,172.0,2023-05-03 08:16:32,2023-05-10 12:16:32,Satisfied,True,Slow,Breached,May,2023,2,Wednesday,3,220,16
GSSA944424861,Snapshot Deletion,Plz delete snapshot of project data of this system to create the space.,Other,Critical,Data Center,Closed,225.0,2023-05-14 01:23:31,2023-05-23 10:23:31,Frustrated,True,Slow,Breached,May,2023,2,Sunday,4,71,13
GSSA1262354860,Well section window in petrel is not working,Well section window in petrel is not stopped working and then I am not able to display anything in any well section window. I tried to display well logs in a new well section window but the problem persists.,Issue,Medium,Infrastructure,Closed,93.0,2025-01-24 23:02:15,2025-01-28 20:02:15,Neutral,True,Slow,Breached,January,2025,1,Friday,2,207,39
GSSA795674859,Issue with Stratimagic,"Unable to launch Stratimagic , dont have read/write access. pl resolve",Issue,Medium,Applications,In Progress,0.0,2023-04-18 12:25:46,,Neutral,False,Unresolved,Within SLA,April,2023,2,Tuesday,2,70,11
GSSA1215864858,dump the psdm scaled to time stack and psdm un-calibrated stack,please dump the two stack in the dumpdir/INPUT/LF-ABC-2005_1/,Tape RW,Low,Applications,Closed,57.0,2025-04-07 12:43:31,2025-04-09 21:43:31,Urgent,True,Medium,Within SLA,April,2025,2,Monday,1,61,8
GSSA664594857,Alphabets of ppt distorted,Letters of power point presentation was distorted.,Issue,Medium,Data Center,Closed,79.0,2023-07-15 08:41:30,2023-07-18 15:41:30,Satisfied,True,Slow,Breached,July,2023,3,Saturday,2,50,7
GSSA923774856,project session restore,kindly restore the project session,Issue,Low,Security,Closed,183.0,2023-07-19 10:46:50,2023-07-27 01:46:50,Neutral,True,Slow,Breached,July,2023,3,Wednesday,1,34,5
GSSA1219104855,no license for petrel,No license for petrel. Observing frequent loss of license while working.,Issue,High,Applications,Resolved,216.0,2025-10-21 21:17:36,2025-10-30 21:17:36,Frustrated,True,Slow,Breached,October,2025,4,Tuesday,3,72,11
GSSA1270204854,cgm viewer not working,larson vizex reader not working,Issue,Critical,IT Support,Closed,74.0,2025-01-08 07:48:40,2025-01-11 09:48:40,Urgent,True,Slow,Breached,January,2025,1,Wednesday,4,31,5
GSSA1219304853,Install Petrel 2018 latest version,"Sir, Please install the latest 2018 version of Petrel in the workstation workstation109. thanks Prashant",Software Installation,Low,Applications,Closed,92.0,2025-05-04 02:09:49,2025-05-07 22:09:49,Neutral,True,Slow,Breached,May,2025,2,Sunday,1,104,15
GSSA1060954852,Project restoration for data backup.,Kindly restore my current project's version of last week for data backup.,Backup Restore,Low,Data Center,Resolved,171.0,2023-09-14 12:22:45,2023-09-21 15:22:45,Neutral,True,Slow,Breached,September,2023,3,Thursday,1,73,12
GSSA1215624851,printer configure,configure the printer,Software Installation,Low,Security,Closed,52.0,2024-02-16 18:01:38,2024-02-18 22:01:38,Neutral,True,Medium,Within SLA,February,2024,1,Friday,1,21,3
GSSA1219304850,Data Transfer to Stabbfjorden,"Sir, The following FOLDER of size 19.4Gb located in workstation109 needs to be sent to Stabbfjorden via internal file transfer protocol: F:\Hornelen_2018_Coal_Effect_27se ... UT\FINAL_OUTPUT_15_MARCH_2019 Thanks Prashant",Data Transfer,Medium,Security,Closed,89.0,2025-03-30 17:06:16,2025-04-03 10:06:16,Satisfied,True,Slow,Breached,March,2025,1,Sunday,2,220,26
GSSA1071054849,file restoration required,plz restore the following folder which was deleted by mistake /specialstudies/hrs/PROJECTS/B147-149-2018.prj/03132019/file1,Backup Restore,Low,Infrastructure,Closed,52.0,2025-07-31 07:27:37,2025-08-02 11:27:37,Frustrated,True,Medium,Within SLA,July,2025,3,Thursday,1,123,11
GSSA920554848,3D seismic data to be dumped from GMS cartridge,Kindly dump the Neyveli 3D sesmic data from GMS cartridge.,Tape RW,High,IT Support,Closed,172.0,2024-10-19 07:43:32,2024-10-26 11:43:32,Neutral,True,Slow,Breached,October,2024,4,Saturday,3,58,10
GSSA1219104847,no license,no license,Issue,Critical,Data Center,Closed,102.0,2023-11-26 00:24:33,2023-11-30 06:24:33,Urgent,True,Slow,Breached,November,2023,4,Sunday,4,10,2
GSSA1061674846,system getting slow,while using grid and contour in the DSG system getting slow. please rectify as early as possible.,Issue,Critical,Applications,Resolved,29.0,2025-04-17 18:24:55,2025-04-18 23:24:55,Neutral,True,Medium,Within SLA,April,2025,2,Thursday,4,97,17
GSSA1215864845,dump the data of LF-ABC-2005/3,Please dump the 4 tape and 3 dvd files on the specified path /dumpdir/INPUT/LF-ABC-2005_3/,Tape RW,Critical,Applications,Closed,12.0,2025-12-07 16:07:46,2025-12-08 04:07:46,Neutral,True,Fast,Within SLA,December,2025,4,Sunday,4,90,14
GSSA1314214844,Project Backup,Plz take the backup of MORE-28-42_GEOMECH project from the following path: H:\MORE_28-42_GEOMECH_JUNE2018,Project Backup,Low,Data Center,Closed,89.0,2023-11-09 11:27:18,2023-11-13 04:27:18,Neutral,True,Slow,Breached,November,2023,4,Thursday,1,105,12
GSSA664594843,Folder of USB-share not seen in remote Desk top location.,A Folder in USB-share of my system workstation 92 of not seen in remote Desk top location.,Issue,Medium,Applications,Closed,152.0,2024-04-29 05:37:32,2024-05-05 13:37:32,Frustrated,True,Slow,Breached,April,2024,2,Monday,2,90,17
GSSA948494842,Kindly install one chart file (*.xml) in techlog installed folder in c drive,Kindly install one chart file (*.xml) in techlog installed folder in c drive,Software Installation,Medium,Infrastructure,Closed,58.0,2024-09-11 19:30:39,2024-09-14 05:30:39,Satisfied,True,Medium,Within SLA,September,2024,3,Wednesday,2,76,13
GSSA1215864841,related to slice,HRS 10.4.1 take more time in slice generation. previous version take hardly 4 to 5 minutes and its take more than 30 min. please resolve the issue.,Issue,Critical,Infrastructure,Closed,105.0,2025-11-09 10:18:17,2025-11-13 19:18:17,Urgent,True,Slow,Breached,November,2025,4,Sunday,4,147,27
GSSA1053784840,dump cartridge,pls dump two cartridge at /dumpdir/INPUT/98by2-CSEM-11MAR19,Tape RW,Critical,Applications,In Progress,0.0,2025-10-06 13:12:36,,Neutral,False,Unresolved,Within SLA,October,2025,4,Monday,4,59,6
GSSA1071054839,Tape dump required,please dump cart I56923JA to specialstudy/hrs/PROJECTS/B147-149-2018.prj/TAPE_DUMP,Tape RW,Medium,Data Center,Closed,1.0,2024-08-03 02:07:31,2024-08-03 03:07:31,Satisfied,True,Fast,Within SLA,August,2024,3,Saturday,2,82,6
GSSA664594838,Link file not open in help manu,Help of HRS open but link file in help not open.,Issue,High,Infrastructure,Closed,59.0,2024-11-11 13:33:17,2024-11-14 00:33:17,Urgent,True,Medium,Within SLA,November,2024,4,Monday,3,48,11
GSSA948664837,zps not working,print was given of pdf maps from workstation to plotter (both 6A & 1st floor). prints have not come.,Issue,Critical,Data Center,Closed,44.0,2025-03-15 00:37:33,2025-03-16 20:37:33,Neutral,True,Medium,Within SLA,March,2025,1,Saturday,4,100,19
GSSA1252314836,Kindly uninstall the Techlog 17.1 version,Kindly uninstall the Techlog 17.2 older version since latest version of TechLog 18.1 is installed on the system.,Software Installation,Low,Infrastructure,Closed,102.0,2024-12-02 08:37:24,2024-12-06 14:37:24,Frustrated,True,Slow,Breached,December,2024,4,Monday,1,112,18
GSSA1053904835,Please install GURU feature for Petrel 2018.1,Please install GURU feature for Petrel 2018.1,Software Installation,Medium,Security,In Progress,0.0,2023-07-07 23:21:48,,Satisfied,False,Unresolved,Within SLA,July,2023,3,Friday,2,45,7
GSSA1053824834,Request to Install Petrel 2018.1 and Guru,Please install Petrel version 2018.1 and set up the collaboration,Software Installation,High,IT Support,Closed,149.0,2024-01-21 02:35:28,2024-01-27 07:35:28,Urgent,True,Slow,Breached,January,2024,1,Sunday,3,65,10
GSSA1050814833,Cartridge Dump,May Kindly dump the PSTM Gather data of eight cartridges S.No I92417 to I922424 at /dumpdir/Voring_more/01_INPUT,Tape RW,Low,Infrastructure,Closed,118.0,2023-12-16 01:19:26,2023-12-20 23:19:26,Satisfied,True,Slow,Breached,December,2023,4,Saturday,1,112,16
GSSA1244894832,Interactive Petrophysics to be installed and configured,Kindly Iinstall and configure Interactive Petrophysics module of DSG at workstation 33,Software Installation,Low,Data Center,Closed,8.0,2023-04-10 11:03:30,2023-04-10 19:03:30,Satisfied,True,Fast,Within SLA,April,2023,2,Monday,1,86,12
GSSA1052474831,Not working,USB share station is not working at 34th Floor A wing. Pl look into the matter at the earliest.,Issue,Low,IT Support,Closed,210.0,2024-06-09 04:44:36,2024-06-17 22:44:36,Neutral,True,Slow,Breached,June,2024,2,Sunday,1,95,19
GSSA1244894830,Installation of Petrel 2018 version.,"Kindly, install petrel 2018 in workstation 33.",Software Installation,High,Infrastructure,Closed,47.0,2023-02-02 16:12:50,2023-02-04 15:12:50,Frustrated,True,Medium,Within SLA,February,2023,1,Thursday,3,46,7
GSSA1223664829,HRS is very slow,HRS is very slow in responding for any work.,Issue,High,Applications,Closed,191.0,2025-07-02 21:44:19,2025-07-10 20:44:19,Neutral,True,Slow,Breached,July,2025,3,Wednesday,3,44,9
GSSA1068694828,Data transfer from workstation to Processing,Kindly transfer the PSTM gather and Velocity file from IRONISL workstation to Processing. File Source Path: dump_IRONISL(\\12.53.17.6)\INPUT\Eastern-Margin-Megamerge-11OC ... a/wgdata3/mb_osn/Voring_offshore/seismic_data,Data Transfer,High,IT Support,Resolved,4.0,2025-05-10 11:41:28,2025-05-10 15:41:28,Urgent,True,Fast,Within SLA,May,2025,2,Saturday,3,220,19
GSSA1068694827,Petrel bundle license not available,Petrel bundle license is not available,Issue,Medium,IT Support,Closed,14.0,2023-12-24 11:17:56,2023-12-25 01:17:56,Satisfied,True,Fast,Within SLA,December,2023,4,Sunday,2,38,6
GSSA1060954826,Need license for pick interpretation in DSG.,DSG sent a pop-up window saying one of the following licenses currently not available for pick interpretation. kindly resolve.snapshot attached.,Issue,High,Data Center,Pending,0.0,2025-07-03 02:38:15,,Urgent,False,Unresolved,Within SLA,July,2025,3,Thursday,3,144,20
GSSA1060834825,Kindly install Petrel 2016.4 in workstation-26,"Hi, Kindly install Petrel 2016.4 in workstation-26. Thanks",Software Installation,High,Applications,Closed,101.0,2023-12-09 02:17:57,2023-12-13 07:17:57,Neutral,True,Slow,Breached,December,2023,4,Saturday,3,58,8
GSSA1063154824,pl send the folderY:\Winterfell\JannickeS\DP-GCM-2019-UPDATE to NRSI server,pl send to NRSI AND Stabbfjorden ASSET,Data Transfer,Medium,Applications,Resolved,91.0,2023-01-12 04:05:38,2023-01-15 23:05:38,Frustrated,True,Slow,Breached,January,2023,1,Thursday,2,38,7
GSSA1257134823,Frequent Problem in MS-Office,Loosing work done in MS excel frequently due to slow response and unknown problem in excel,Issue,Critical,Data Center,Closed,217.0,2023-04-21 06:48:50,2023-04-30 07:48:50,Urgent,True,Slow,Breached,April,2023,2,Friday,4,90,16
GSSA1219104822,petrel 2018 to be installed in workstation,petrel 2018 to be installed in workstation,Software Installation,Low,Applications,In Progress,0.0,2025-09-07 09:13:25,,Satisfied,False,Unresolved,Within SLA,September,2025,3,Sunday,1,42,7
GSSA1054094821,Petrel server down.,Petrel server down.,Issue,Medium,Security,Closed,116.0,2023-04-02 10:58:23,2023-04-07 06:58:23,Satisfied,True,Slow,Breached,April,2023,2,Sunday,2,19,3
GSSA777944820,Lost of petrel licence,The license for petrel is lost suddenly while working,Issue,Low,Applications,Closed,91.0,2023-12-22 15:34:06,2023-12-26 10:34:06,Urgent,True,Slow,Breached,December,2023,4,Friday,1,53,9
GSSA1252524819,workstation60 is not working,"workstation60 is not working, yesterday i had shut down it, but today i am not able to open it. This system continuously arise some problems since last month. Kindly do some necessary action.",Issue,Medium,Infrastructure,Closed,155.0,2023-04-15 16:51:58,2023-04-22 03:51:58,Neutral,True,Slow,Breached,April,2023,2,Saturday,2,191,33
GSSA1053854818,Printer,Printer is not connected to this workstation..,Software Installation,Critical,Applications,Resolved,90.0,2023-02-18 19:09:35,2023-02-22 13:09:35,Urgent,True,Slow,Breached,February,2023,1,Saturday,4,46,7
GSSA923774817,"data transfer to A7AA Basin server, Stabbfjorden","Pre-Stack P-Impedance volume to be transfer to Winterfell & Winterfell Stabbfjorden Basin server, Stabbfjorden File name: P-impedance-2018.sgy File Path: usb_share/Winterfell/P-Impedance-2018.sgy volume : 5.6 GB",Data Transfer,Low,Applications,In Progress,0.0,2024-05-28 07:16:01,,Satisfied,False,Unresolved,Within SLA,May,2024,2,Tuesday,1,211,24
GSSA1336254816,Unable to take print from ZMap Plus,"Unable to take print from ZMap Plus and ZPS license not available to use. Kindly fix the issue. Thanks & Regards, Agnete",Issue,High,Data Center,Closed,131.0,2023-04-21 01:45:12,2023-04-26 12:45:12,Frustrated,True,Slow,Breached,April,2023,2,Friday,3,120,22
GSSA1253934815,attach a survey,Kindly attach a survey D_11_12_14 in the ongoing IP project Z897WO24_IP from BODFIELD project.,Project Creation,Low,Security,Resolved,75.0,2025-03-09 17:07:46,2025-03-12 20:07:46,Urgent,True,Slow,Breached,March,2025,1,Sunday,1,94,14
GSSA944634814,Adding of well from Main Project to IP project,Kindly add well BS-15 to the well list of B-147/149 project,Project Creation,Low,Security,Closed,22.0,2024-01-05 17:27:21,2024-01-06 15:27:21,Frustrated,True,Fast,Within SLA,January,2024,1,Friday,1,59,11
GSSA1253934813,Backup of IP project: B121_119,Kindly take backup of IP project B121_119 as per the attached sheet.,Project Backup,High,Security,Closed,224.0,2024-03-08 14:23:05,2024-03-17 22:23:05,Urgent,True,Slow,Breached,March,2024,1,Friday,3,68,12
GSSA1344224812,Petrel 2018,Please install petrel 18 in my workstation.,Software Installation,Critical,Infrastructure,Closed,107.0,2025-11-05 05:17:57,2025-11-09 16:17:57,Frustrated,True,Slow,Breached,November,2025,4,Wednesday,4,43,7
GSSA1068694811,Installation of Petrel 2018,Please install Petrel 2018 in workstation 98 workstation.,Software Installation,High,Infrastructure,Closed,138.0,2025-01-24 01:33:51,2025-01-29 19:33:51,Frustrated,True,Slow,Breached,January,2025,1,Friday,3,57,8
GSSA795674810,Snapshot cleaning,"Few files/folders/projects were deleted from /special studies location, pl clean snapshots so as to add up the deleted space",Other,Low,Data Center,Pending,0.0,2023-11-29 19:19:37,,Urgent,False,Unresolved,Within SLA,November,2023,4,Wednesday,1,124,19
GSSA795674809,OpenDtect exe error,"An error is being observed when opening opendtect , pl resolve. snapshot attached.",Issue,Medium,Security,Closed,117.0,2025-04-17 16:05:53,2025-04-22 13:05:53,Neutral,True,Slow,Breached,April,2025,2,Thursday,2,82,13
GSSA1071054808,project back up required,Please back up the geoteric project of C-24. Contact me for details.,Issue,High,Applications,Closed,83.0,2023-07-25 12:56:35,2023-07-28 23:56:35,Neutral,True,Slow,Breached,July,2023,3,Tuesday,3,68,12
GSSA1242334807,PRINTER CONNECTION,REQUIRE PRINTER CONNECTION ON workstation87,Software Installation,Low,Infrastructure,Closed,197.0,2025-06-06 02:01:46,2025-06-14 07:01:46,Urgent,True,Slow,Breached,June,2025,2,Friday,1,43,5
GSSA1052234806,Please install Petrel 2019,Please install Petrel2019 in the system.,Software Installation,Critical,Applications,In Progress,0.0,2025-06-14 02:43:38,,Frustrated,False,Unresolved,Within SLA,June,2025,2,Saturday,4,40,6
GSSA1060954805,DSG 10EP3.5.4 lithology saving time,SAVING LITHOOGY IN DSG 10EP3.5.4 TAKES LONGER TIME TO SAVE TO DATABASE (APPROX. 8 SEC) EVEN WITH VERY MINOR EDITINGS OF 2-6M INTERVAL. KINDLY RESOLVE.,Issue,Low,Applications,Closed,238.0,2025-01-04 06:27:11,2025-01-14 04:27:11,Frustrated,True,Slow,Breached,January,2025,1,Saturday,1,150,25
GSSA1252524804,Display Bar near to workspace invisible again and again,Display Bar near to workspace invisible again and again,Issue,Low,Applications,Pending,0.0,2024-01-13 11:35:37,,Satisfied,False,Unresolved,Within SLA,January,2024,1,Saturday,1,55,9
GSSA1252524803,workstation 60 hang off again and again,workstation 60 hang off again and again since morning.,Issue,Medium,IT Support,Closed,25.0,2025-01-04 17:42:33,2025-01-05 18:42:33,Urgent,True,Medium,Within SLA,January,2025,1,Saturday,2,54,9
GSSA1060834802,Workstation got hanged,"Hi, My workstation workstation-18 got hanged. Kindly resolve the issue soon. Thanks",Issue,Low,IT Support,Closed,215.0,2024-09-24 08:17:43,2024-10-03 07:17:43,Frustrated,True,Slow,Breached,September,2024,3,Tuesday,1,83,12
GSSA1052234801,Back up of the completed project,Please create the back of the completed projects from workstation34.,Project Backup,Medium,Infrastructure,Resolved,175.0,2023-10-23 18:59:46,2023-10-31 01:59:46,Satisfied,True,Slow,Breached,October,2023,4,Monday,2,68,10
GSSA1252424800,petrel 2018,kindly update the software to the latest version of petrel i.e. 2018,Software Installation,Critical,Applications,Closed,14.0,2023-05-27 12:43:14,2023-05-28 02:43:14,Frustrated,True,Fast,Within SLA,May,2023,2,Saturday,4,68,12
GSSA1053904799,Request for Installation of Petrel 2018.1 with Collaboration facility,Please install Petrel 2018.1 with Collaboration facility.,Software Installation,Medium,Infrastructure,Closed,33.0,2023-05-31 13:50:33,2023-06-01 22:50:33,Satisfied,True,Medium,Within SLA,May,2023,2,Wednesday,2,57,7
GSSA795674798,Requirement of working storage space in special studies,"Take backup of projects till yesterday, confirmed from all users,and free rest",Project Backup,Low,Applications,Closed,4.0,2025-10-20 16:39:27,2025-10-20 20:39:27,Satisfied,True,Fast,Within SLA,October,2025,4,Monday,1,78,12
GSSA1216544797,HRS software is very slow,"unable to do any work on HRS software, even a single click is taking so much time to execute.",Issue,High,IT Support,Closed,61.0,2024-10-31 14:45:10,2024-11-03 03:45:10,Urgent,True,Medium,Within SLA,October,2024,4,Thursday,3,93,19
GSSA1063154796,FTP GCM model to NRSI,pl send the folder Z:\Winterfell\JannickeS\NRSI_UPDATE to NRSI server,Data Transfer,High,Data Center,Closed,94.0,2024-07-04 09:10:14,2024-07-08 07:10:14,Satisfied,True,Slow,Breached,July,2024,3,Thursday,3,69,8
GSSA1252524795,Dynamic Framework Problem,"Dynamic Framework Problem, Whenever i get started to do net calculations, sessions got exit automatically.",Issue,Medium,Applications,In Progress,0.0,2024-10-20 00:09:20,,Satisfied,False,Unresolved,Within SLA,October,2024,4,Sunday,2,106,15
GSSA795674794,Paradigm appl issue,"While executing paradigm 17, few errors are observed , snapshots are attached, pl resolve user 125393",Issue,High,Infrastructure,In Progress,0.0,2024-09-30 15:00:13,,Frustrated,False,Unresolved,Within SLA,September,2024,3,Monday,3,101,16
GSSA795674793,CPF 88888 unable to login on Systems Support Desk.,CPF 88888 unable to login on Systems Support Desk. Kindly add the user/reset password for login.,User CUDA,Critical,IT Support,Closed,215.0,2024-12-26 11:56:29,2025-01-04 10:56:29,Neutral,True,Slow,Breached,December,2024,4,Thursday,4,96,16
GSSA795674792,System is running very slow.,System is running very slow. Kindly do the needful.,Issue,Medium,Data Center,Closed,66.0,2023-03-26 03:38:53,2023-03-28 21:38:53,Satisfied,True,Medium,Within SLA,March,2023,1,Sunday,2,51,9
GSSA1252524791,workstation 60 arise some sound,workstation 60 arise some sound,Issue,Critical,Data Center,In Progress,0.0,2025-11-12 00:50:59,,Neutral,False,Unresolved,Within SLA,November,2025,4,Wednesday,4,31,5
GSSA1062414790,please convert this tdq format to normal dat format,please convert this tdq format to normal dat format. also convert 5 column to 4 column. delete the 1st column. file path:/usb_share/SOUTHEROSF/L-III/final_vf_1001_3660@10X20.tdq,Other,Low,Security,Resolved,115.0,2025-10-12 02:35:10,2025-10-16 21:35:10,Satisfied,True,Slow,Breached,October,2025,4,Sunday,1,177,22
GSSA1219304789,Project Backup of Devonian GCM,Sir Please take the final project backup of the entire directory: F:\Devonian_PRESTACK_INV_23JULY2018 I have the attached the GMS form as well. thanks,Project Backup,Low,Security,Resolved,79.0,2025-09-30 19:19:38,2025-10-04 02:19:38,Satisfied,True,Slow,Breached,September,2025,3,Tuesday,1,150,22
GSSA1234204788,Geolog license not coming,Geolog license not coming,Issue,Medium,IT Support,Closed,209.0,2023-06-02 21:17:03,2023-06-11 14:17:03,Neutral,True,Slow,Breached,June,2023,2,Friday,2,25,4
GSSA1344224787,Petrel 2017,Kindly install Petrel 2017 in my system.,Software Installation,Medium,Applications,Closed,135.0,2023-04-05 03:48:15,2023-04-10 18:48:15,Frustrated,True,Slow,Breached,April,2023,2,Wednesday,2,40,7
GSSA1244044786,Mapping of 6th floor B-wing printer to the workstation39,Please add the install 6th floor B-wing printer device to workstation39,Software Installation,High,Data Center,Closed,179.0,2024-09-17 10:48:33,2024-09-24 21:48:33,Urgent,True,Slow,Breached,September,2024,3,Tuesday,3,71,11
GSSA777924785,Knowledge tree not working,Knowledge tree not working,Issue,Low,IT Support,In Progress,0.0,2024-06-11 02:07:04,,Neutral,False,Unresolved,Within SLA,June,2024,2,Tuesday,1,26,4
GSSA1225034784,Cannot connect to project in GEOFRAME,Cannot connect to PM SUPERSERVER error while logging into Devonian_2018_19 Geoframe project,Issue,Medium,IT Support,Resolved,153.0,2023-06-19 17:50:41,2023-06-26 02:50:41,Frustrated,True,Slow,Breached,June,2023,2,Monday,2,91,12
GSSA484454783,System taking long to recover from sleep mode,Fujitsu System (Windows) goes to sleep despite change in power settings and takes very long time to restart. Please check.,Issue,Medium,Applications,Resolved,138.0,2024-01-22 06:34:48,2024-01-28 00:34:48,Frustrated,True,Slow,Breached,January,2024,1,Monday,2,122,20
GSSA664594782,Help document not available,Kindly install HRS help system.,Software Installation,Medium,Infrastructure,Resolved,146.0,2023-10-25 14:59:44,2023-10-31 16:59:44,Satisfied,True,Slow,Breached,October,2023,4,Wednesday,2,31,5
GSSA944424781,Mounting of dump data to workstation95,Plz mount the dump data of SOUTHEROSF group to workstation 95. Thanking you,Other,Low,IT Support,Closed,56.0,2023-10-23 11:30:07,2023-10-25 19:30:07,Frustrated,True,Medium,Within SLA,October,2023,4,Monday,1,75,13
GSSA1219104780,no petrel license,no petrel license,Issue,Low,Data Center,Closed,109.0,2025-04-13 02:10:55,2025-04-17 15:10:55,Neutral,True,Slow,Breached,April,2025,2,Sunday,1,17,3
GSSA1060954779,Data transfer from regional to RC Stabbfjorden dome project,Kindly transfer surface picks from regional project to RC Devonian Dome project.,Project Creation,Low,Data Center,Closed,26.0,2024-11-27 21:31:31,2024-11-28 23:31:31,Neutral,True,Medium,Within SLA,November,2024,4,Wednesday,1,80,12
GSSA1252314778,update the Techlog software updated version,update the Techlog software updated version 2018.1 on workstation-41,Software Installation,Low,IT Support,Resolved,173.0,2023-08-06 18:22:29,2023-08-13 23:22:29,Frustrated,True,Slow,Breached,August,2023,3,Sunday,1,68,9
GSSA1253934777,restore deleted horizon,"kindly restore a deleted horizon ""L-1_auto_spk_sft"" in ""Z897WO24_IP"" project. Interpreter is ""Z897""",Backup Restore,High,IT Support,Closed,79.0,2024-10-17 08:53:15,2024-10-20 15:53:15,Neutral,True,Slow,Breached,October,2024,4,Thursday,3,99,12
GSSA948494776,Kindly install TECHLOG 18.1,"Installation of TECHLOG 18.1 as in this workstation older version is available Regards Jonas Andersen 640, 6th Floor, INTEG, NORPIC",Software Installation,Medium,IT Support,Resolved,76.0,2023-10-13 00:55:47,2023-10-16 04:55:47,Satisfied,True,Slow,Breached,October,2023,4,Friday,2,131,20
GSSA664594775,Jason well manager not working.,Hangup Jason when working with well manager of Jason.,Issue,Critical,IT Support,Closed,106.0,2024-03-08 16:54:56,2024-03-13 02:54:56,Frustrated,True,Slow,Breached,March,2024,1,Friday,4,53,9
GSSA1314214774,Monitor is not opening,Plz look into the problem as mentioned in issue title. Thanking you.,Issue,Low,Applications,Closed,156.0,2024-12-19 16:01:28,2024-12-26 04:01:28,Frustrated,True,Slow,Breached,December,2024,4,Thursday,1,68,12
GSSA1063154773,not able to see any log in RC1-KON-AGAR-2018 THROUGH TC19 INTERPRETER,.,Issue,Critical,IT Support,Closed,173.0,2024-01-24 01:27:33,2024-01-31 06:27:33,Urgent,True,Slow,Breached,January,2024,1,Wednesday,4,1,1
GSSA777944772,dont close visage as job is running,Hello sir As u r aware visage job is running on two other system and it is fired now . plz ensure system and visage licence is not closed. There are extra licenses available now for visage. bbye,Other,Low,Security,Closed,146.0,2023-04-28 02:33:08,2023-05-04 04:33:08,Frustrated,True,Slow,Breached,April,2023,2,Friday,1,194,38
GSSA1351854771,License for job submittal plus,kindly provide the license for job submittal plus,Other,Low,Security,Closed,26.0,2024-11-19 09:06:41,2024-11-20 11:06:41,Neutral,True,Medium,Within SLA,November,2024,4,Tuesday,1,49,8
GSSA1252524770,Refreh our project,IP Project Name: Kvamshesten_fm_2018_2019_IP,Project Creation,Low,Applications,Closed,81.0,2025-05-04 21:36:53,2025-05-08 06:36:53,Neutral,True,Slow,Breached,May,2025,2,Sunday,1,44,4
GSSA1060714769,Petrel 2017 Installation,Petrel 2017 Installation,Software Installation,High,Infrastructure,Closed,31.0,2023-06-02 02:18:07,2023-06-03 09:18:07,Neutral,True,Medium,Within SLA,June,2023,2,Friday,3,24,3
GSSA1245114768,WELL DATA RESTORATION,"WELL DATA RESTORATION FOR WELL LIST "" WELLS DT RHOB PROJECT LIM"" BY INTERPRETER ""EH18""",Backup Restore,High,Data Center,Pending,0.0,2023-03-20 14:04:10,,Urgent,False,Unresolved,Within SLA,March,2023,1,Monday,3,86,15
GSSA948494767,Screen display resolution need to be reset,"after re-starting, system screen display resolution is changed due to that font size and display of screen icons is increased. Kindly reset the display screen resolution. Regards",Issue,Medium,Security,Pending,0.0,2025-10-10 01:43:25,,Neutral,False,Unresolved,Within SLA,October,2025,4,Friday,2,178,27
GSSA1244044766,Back-up for completed projects are required for sponsoring agency and safekeeping.,"Back-ups for the completed  Lyngverfjorden project are required in two different tapes. Tape-1: Back up of  Lyngverfjorden Petrel project is to be sent to VALERIA Basin, ... ect is to be taken for GMS section in NORPIC.",Data Transfer,Critical,IT Support,Resolved,107.0,2025-04-19 18:34:44,2025-04-24 05:34:44,Frustrated,True,Slow,Breached,April,2025,2,Saturday,4,219,37
GSSA1270224765,"Transfer of GCM output to NRSI, Oslo","Please transfer the GCM output of Dayalpur Field to NRSI, Oslo. Data is kept in usbshare/ Winterfell/ JannickeS/GCM model to NRSI",Data Transfer,Medium,Security,Closed,72.0,2023-01-23 22:12:45,2023-01-26 22:12:45,Satisfied,True,Medium,Within SLA,January,2023,1,Monday,2,129,21
GSSA10024764,plotter not working,plotter queue in zeh server was showing the status as exec but the plotter was not doing anything.,Issue,Critical,IT Support,Closed,121.0,2023-05-25 21:05:17,2023-05-30 22:05:17,Satisfied,True,Slow,Breached,May,2023,2,Thursday,4,98,18
GSSA1215864763,Dump the PSDM Gathers of LF-ABC-2005/3,Please dump the PSDM gathers of LF-ABC-2005/3 in the specified place. /dumpdir/INPUT/LF-ABC-2005_3/PSDM_GATHERS/,Tape RW,Medium,Data Center,Resolved,105.0,2024-01-03 04:51:58,2024-01-07 13:51:58,Urgent,True,Slow,Breached,January,2024,1,Wednesday,2,112,12
GSSA1270224762,unable to give plot,submit icon is grey out while giving plot,Issue,Low,Security,Resolved,155.0,2023-09-16 08:31:39,2023-09-22 19:31:39,Neutral,True,Slow,Breached,September,2023,3,Saturday,1,41,8
GSSA1252524761,workstation60 not working,"workstation 60 is not working. It cannot be log in now, from few days back it seems to be hang off and its bar windows suddenly disappear.",Issue,Critical,Infrastructure,Resolved,126.0,2024-09-23 08:12:51,2024-09-28 14:12:51,Neutral,True,Slow,Breached,September,2024,3,Monday,4,138,27
GSSA777924760,plz Copy segy data from Processing Group to dump_SOUTHEROS/INPUT,plz Copy four segy data from Processing Group /norfs/omega/ud/LGF_sector/LGF_South/seismic_other/82_Tape_Copy_P to dump_SOUTHEROS/INPUT 1. psdm_gath_in_time_IL_2006.segy ... _2006.segy 4. pstm_gath_IL_1903_and_1947.segy,Data Transfer,Medium,Data Center,Closed,15.0,2025-01-24 10:00:48,2025-01-25 01:00:48,Urgent,True,Fast,Within SLA,January,2025,1,Friday,2,219,17
GSSA1270224759,Some wells are not appearing after creating IP projects using master poject,"Some wells e.g. RO-55,56,57 : are not appearing after creating IP project using master poject ACT_WinterfellB_XY",Issue,Critical,Applications,Closed,88.0,2025-01-17 18:20:33,2025-01-21 10:20:33,Neutral,True,Slow,Breached,January,2025,1,Friday,4,112,16
GSSA923774758,OW license not available,Open Works license not available. error is showing,Issue,Low,Applications,Closed,122.0,2023-11-29 01:04:36,2023-12-04 03:04:36,Neutral,True,Slow,Breached,November,2023,4,Wednesday,1,50,8
GSSA1061674757,DSG License,While opening DSG message is showing either the license is not available or the version you are requesting is not supported. Please resolve the above issue.,Issue,High,IT Support,Closed,236.0,2024-09-14 23:51:56,2024-09-24 19:51:56,Frustrated,True,Slow,Breached,September,2024,3,Saturday,3,156,26
GSSA777924756,Kindly take backup of E drive of workstation42.,Kindly take the backup of E drive of workstation42.,Project Backup,Low,Security,Resolved,129.0,2023-04-02 02:05:10,2023-04-07 11:05:10,Neutral,True,Slow,Breached,April,2023,2,Sunday,1,51,9
GSSA1052474755,Installation of Paradigm software suit on workstation-100,Pl install Paradigm software suit on my workstation workstation 100. Its a Linux machine. Thanks,Software Installation,High,Data Center,Pending,0.0,2023-09-13 18:07:00,,Satisfied,False,Unresolved,Within SLA,September,2023,3,Wednesday,3,96,15
GSSA1052474754,Not able to plot pdf documents on 34th Floor plotter,"Not able to plot pdf documents on 34th Floor plotter, Pl rectify",Issue,High,Security,Pending,0.0,2024-08-11 17:08:31,,Neutral,False,Unresolved,Within SLA,August,2024,3,Sunday,3,64,12
GSSA10024753,installation of new license file landmark and paradigm,installation of new license file landmark and paradigm,Other,Medium,IT Support,Closed,147.0,2023-01-04 08:21:29,2023-01-10 11:21:29,Frustrated,True,Slow,Breached,January,2023,1,Wednesday,2,54,8
GSSA1219304752,INSTALLATION OF HRS 10.3.1,Sir Please install HRS 10.3.1 on workstation 110. thanks Prashant,Software Installation,Low,Applications,Closed,169.0,2024-08-29 11:58:41,2024-09-05 12:58:41,Satisfied,True,Slow,Breached,August,2024,3,Thursday,1,65,10
GSSA1215864751,data to be sent outside integ,2 segy volumes and 9 Horizons have to be send outside to concerned basin. please prepare a cartridge for the same,Data Transfer,Medium,IT Support,Closed,79.0,2024-02-16 23:29:11,2024-02-20 06:29:11,Urgent,True,Slow,Breached,February,2024,1,Friday,2,113,21
GSSA1053854750,Restoration of project from backup,"Please restore a project "" GS-15/23 Inversion"" done special study group to path /projectdata/jason/PROJECTS",Backup Restore,Critical,Applications,Closed,22.0,2024-12-07 19:56:29,2024-12-08 17:56:29,Urgent,True,Fast,Within SLA,December,2024,4,Saturday,4,107,14
GSSA1219104749,Petrel 2018 to installed,Petrel 2018 to installed in the W/S,Software Installation,Medium,Data Center,Closed,181.0,2024-03-19 02:51:43,2024-03-26 15:51:43,Neutral,True,Slow,Breached,March,2024,1,Tuesday,2,35,7
GSSA923774748,well TD modification,error was observed while change the well TD of another interpreter. error image is attached,Issue,Low,Applications,Pending,0.0,2024-10-19 02:51:43,,Satisfied,False,Unresolved,Within SLA,October,2024,4,Saturday,1,91,15
GSSA923774747,modify IP project,new wells were created in Regional project of Winterfell group . kindly modify the Ip project of Stabbfjorden dome area,Project Creation,Critical,Applications,Closed,61.0,2025-12-18 02:48:48,2025-12-20 15:48:48,Frustrated,True,Medium,Within SLA,December,2025,4,Thursday,4,119,20
GSSA777924746,plz Copy three segy data from Processing Group to dump_SOUTHEROS/INPUT,plz Copy three segy data from Processing Group /norfs/omega/ud/LGF_sector/LGF_South/seismic_other/82_Tape_Copy_P to dump_SOUTHEROS/INPUT 1. psdm_gath_in_time_IL_1846.segy ... L_1852.segy 3. psdm_gath_in_time_IL_1313.segy,Data Transfer,Critical,IT Support,Closed,132.0,2025-05-13 08:32:41,2025-05-18 20:32:41,Neutral,True,Slow,Breached,May,2025,2,Tuesday,4,220,17
GSSA944634745,PTD well list,Kindly PTD GSOSN2004_1_new well list from GS_OSN2004_1_2017 project to the project MORE28_MORE42_IP,Other,Critical,Applications,Resolved,193.0,2025-10-25 04:21:03,2025-11-02 05:21:03,Urgent,True,Slow,Breached,October,2025,4,Saturday,4,99,12
GSSA1223664744,System is very slow,System is very slow while doing gridding in DSG.,Issue,Medium,IT Support,Resolved,117.0,2025-01-26 00:25:31,2025-01-30 21:25:31,Urgent,True,Slow,Breached,January,2025,1,Sunday,2,48,9
GSSA1270224743,Drillworks Projects are not working,unable to open drillworks Projects on system. Kindly resolve the issue as soon as possible,Issue,Medium,IT Support,In Progress,0.0,2023-08-29 11:14:38,,Frustrated,False,Unresolved,Within SLA,August,2023,3,Tuesday,2,90,15
GSSA1052474742,Create New Projects in Landmark,"Dera Sir/Madam, Pl create new projects titled as below: 1) Reservoir characterisation in Dabka Kural Area 2) Prestack Inversion in Chinnewala Tibba Area Regards",Project Creation,Medium,Infrastructure,Pending,0.0,2023-10-22 23:54:20,,Urgent,False,Unresolved,Within SLA,October,2023,4,Sunday,2,160,24
GSSA1215864741,related to opendtect,DSMF VOLUME IS SHOWING NULL VALUE. PLEASE SEE THE ERROR REPORT AND RECTIFY THE ISSUE.,Issue,High,Applications,Resolved,137.0,2024-04-05 22:04:10,2024-04-11 15:04:10,Frustrated,True,Slow,Breached,April,2024,2,Friday,3,85,15
GSSA1050924740,Link problem of GEOTERIC with Petrel software,There is some error message while transferring the data from Petrel to GEOTERIC software. The image of the error message is attached for reference.,Issue,High,Applications,In Progress,0.0,2023-12-05 04:28:39,,Neutral,False,Unresolved,Within SLA,December,2023,4,Tuesday,3,147,24
GSSA1050924739,Unable to send seismic volume to Geoteric for creation of project,I am trying to create a geoteric project from the Landmark project. The attached error message is coming. Pls do the needful.,Issue,Critical,Applications,Closed,180.0,2023-04-01 20:24:54,2023-04-09 08:24:54,Satisfied,True,Slow,Breached,April,2023,2,Saturday,4,125,22
GSSA944634738,Linking Regional Project of SOUTHEROSF to B-147IP project of 2018,Kindly link the regional project of SOUTHEROSF Basin to B-147_IP project of 2018 for transfer of Wells BS-12 and BS-13 field along with development wells,Project Creation,Low,Applications,Closed,236.0,2025-06-18 17:24:22,2025-06-28 13:24:22,Neutral,True,Slow,Breached,June,2025,2,Wednesday,1,153,25
GSSA1219104737,Backup of the drive need to be checked,Backup of the drive need to be checked,Issue,Low,Security,In Progress,0.0,2025-04-22 06:30:08,,Frustrated,False,Unresolved,Within SLA,April,2025,2,Tuesday,1,38,8
GSSA1215864736,dump the data of LF-ABC-2005/3,Please dump the five tape of LF-ABC-2005/3 in the specified place /dumpdir/ INPUT/LF-ABC-2005_3/,Tape RW,Critical,Security,Closed,27.0,2023-04-05 16:39:46,2023-04-06 19:39:46,Urgent,True,Medium,Within SLA,April,2023,2,Wednesday,4,96,13
GSSA1215864735,take a backup of Voring project,Please take a backup of Voring landmark and Voring hrs project,Project Backup,Low,Security,Closed,15.0,2024-05-02 04:02:05,2024-05-02 19:02:05,Satisfied,True,Fast,Within SLA,May,2024,2,Thursday,1,62,11
GSSA1270224734,Project Accsess for More_3D PROJECT,"PLEASE PROVIDE ACCESS TO FOLLOWING USERS FOR PROJECT More_3D: CPF: 54546456, Patricia CPF: 7686786 Samuel J K CPF: 23423  Mark  CPF: 56456546  Starc SK",User CUDA,Medium,Data Center,Resolved,200.0,2023-03-30 19:16:33,2023-04-08 03:16:33,Frustrated,True,Slow,Breached,March,2023,1,Thursday,2,151,24
GSSA959404733,ZPS not launching,ZPS not launching. pl do the needful.,Issue,Critical,IT Support,Resolved,61.0,2023-03-19 21:26:30,2023-03-22 10:26:30,Frustrated,True,Medium,Within SLA,March,2023,1,Sunday,4,37,7
GSSA1062414732,error during volume prediction in matlab,attached herewith the error in MATLAB Software while generating volume.,Issue,Critical,Infrastructure,In Progress,0.0,2025-06-26 11:43:09,,Frustrated,False,Unresolved,Within SLA,June,2025,2,Thursday,4,71,10
GSSA1062414731,backup of MORE28&42 project,please take backup of folder: /specialstudy/jason_hrs/MORE_JASON,Project Backup,High,Data Center,Closed,109.0,2025-01-10 15:57:51,2025-01-15 04:57:51,Urgent,True,Slow,Breached,January,2025,1,Friday,3,64,6
GSSA1062414730,confirmation of B173A project backup,Please confirm B173A project backup has been taken or not. if not the please take backup,Project Backup,Critical,Security,Resolved,235.0,2025-02-20 03:37:15,2025-03-01 22:37:15,Urgent,True,Slow,Breached,February,2025,1,Thursday,4,88,16
GSSA1253934729,data backup,"Kindly confirm data backup of hrs project titled ""Q345_121"" and ""WO-5-15-16"" (path: /specialstudy/hrs/PROJECTS ) has been taken or not. If not done kindly take backup and remove them to free the space.",Project Backup,Medium,Infrastructure,Resolved,85.0,2025-04-05 01:49:03,2025-04-08 14:49:03,Neutral,True,Slow,Breached,April,2025,2,Saturday,2,201,32
GSSA1253934728,copy data of Cluster-7 area in LTO,"Kindly copy data from ""/dumpdir/C7/OUTPUT_FOR_ASSET/*"" to a LTO for dispatching to NRSI.",Tape RW,Low,Applications,Closed,84.0,2023-09-02 13:31:03,2023-09-06 01:31:03,Urgent,True,Slow,Breached,September,2023,3,Saturday,1,88,12
GSSA777924727,plz Copy two segy data from Processing Group to dump_SOUTHEROS/INPUT,plz Copy two segy data from Processing Group to dump_SOUTHEROS/INPUT 1. psdm_gath_in_time_IL_1903.segy 2. APSDM_Stack_scale_to_time_LGF_south_without_bwxt.segy,Data Transfer,Medium,Applications,Closed,134.0,2023-03-30 08:37:27,2023-04-04 22:37:27,Urgent,True,Slow,Breached,March,2023,1,Thursday,2,159,14
GSSA948664726,plotter 6A not responding,plotter 6A not responding,Issue,High,Security,Closed,160.0,2025-02-27 21:13:07,2025-03-06 13:13:07,Urgent,True,Slow,Breached,February,2025,1,Thursday,3,25,4
GSSA1063284725,TECHLOG 2017 Installation,Please Install Techlog 2017 in workstation106,Software Installation,High,Security,Closed,217.0,2023-05-05 10:46:18,2023-05-14 11:46:18,Frustrated,True,Slow,Breached,May,2023,2,Friday,3,45,6
GSSA948494724,installtion of PDS viewer,"Kindly install PDS viewer of m/s schlumberger to view PDS log files. Jonas Andersen 640, 6th Floor, PPG group 9968282218",Software Installation,Critical,IT Support,Closed,239.0,2023-10-16 16:03:24,2023-10-26 15:03:24,Satisfied,True,Slow,Breached,October,2023,4,Monday,4,120,20
GSSA1216544723,create a CRS for Tripua area.,"pls create a new CRS for More area, parameters for the same are with me.",Project Creation,High,IT Support,Closed,237.0,2023-04-17 10:39:37,2023-04-27 07:39:37,Frustrated,True,Slow,Breached,April,2023,2,Monday,3,72,15
GSSA948664722,Well list 'AVAILABLE_LOC' to be refreshed from regional project to IP projectTN_IP,Well list 'AVAILABLE_LOC' to be refreshed from regional project to IP projectTN_IP,Project Creation,Critical,Infrastructure,Closed,220.0,2025-07-13 08:31:00,2025-07-22 12:31:00,Satisfied,True,Slow,Breached,July,2025,3,Sunday,4,82,12
GSSA1071054721,3592 cartridge dump required,please dump tape I57064JA in specialstudy/hrs/PROJECTS/B147-149-2018.prj/TAPE_DUMP,Tape RW,High,Applications,In Progress,0.0,2023-04-16 13:45:52,,Satisfied,False,Unresolved,Within SLA,April,2023,2,Sunday,3,82,6
GSSA777944720,simulation not run successfully,unable to load simulation kindly see. Whether job is completed or not that is also not confirmed. Results are in same folder from where input was given,Issue,Medium,Applications,Resolved,84.0,2025-11-14 21:44:54,2025-11-18 09:44:54,Urgent,True,Slow,Breached,November,2025,4,Friday,2,151,27
GSSA777924719,Plz install petrel 2017,Plz install petrel 2017,Software Installation,Critical,IT Support,Closed,118.0,2024-01-01 09:02:12,2024-01-06 07:02:12,Neutral,True,Slow,Breached,January,2024,1,Monday,4,23,4
GSSA1063154718,workstation99 is performing very slow while running petrel,.,Issue,Low,Security,Pending,0.0,2024-09-19 05:50:37,,Satisfied,False,Unresolved,Within SLA,September,2024,3,Thursday,1,1,1
GSSA1053484717,Data FTP from H&S Asset to NORPIC,Data transfer from H&S asset for C-24 project,Data Transfer,Medium,Security,Resolved,215.0,2023-07-06 05:41:48,2023-07-15 04:41:48,Satisfied,True,Slow,Breached,July,2023,3,Thursday,2,45,8
GSSA1253884716,plotter cartridge,need to reseat MK cartridge,Issue,Medium,Security,Closed,160.0,2025-06-03 23:02:19,2025-06-10 15:02:19,Frustrated,True,Slow,Breached,June,2025,2,Tuesday,2,27,5
GSSA1253884715,printing issue,not able to print document in printer34th Floor a wing,Issue,Critical,IT Support,Closed,33.0,2024-01-18 11:34:24,2024-01-19 20:34:24,Satisfied,True,Medium,Within SLA,January,2024,1,Thursday,4,54,10
GSSA10024714,System responding slow.,System responding slow,Issue,Low,Infrastructure,Closed,44.0,2025-06-18 07:40:00,2025-06-20 03:40:00,Satisfied,True,Medium,Within SLA,June,2025,2,Wednesday,1,22,3
GSSA777924713,plz Copy one segy data from Processing Group to dump_SOUTHEROS/INPUT,plz Copy one segy data from Processing Group to dump_SOUTHEROS/INPUT,Data Transfer,Low,IT Support,Closed,204.0,2025-07-12 13:16:50,2025-07-21 01:16:50,Urgent,True,Slow,Breached,July,2025,3,Saturday,1,68,10
GSSA1050814712,Failed to obtain PNS version for gpvmIRONISL65 host: No remote PNS server response from: gpvmIRONISL65,Failed to obtain PNS version for gpvmIRONISL65 host: No remote PNS server response from: gpvmIRONISL65,Issue,Critical,IT Support,Closed,239.0,2023-03-03 17:40:35,2023-03-13 16:40:35,Neutral,True,Slow,Breached,March,2023,1,Friday,4,102,15
GSSA960104711,print from plotter 1F/1FA is not coming out,"Yesterday i.e. on 16.01.19, 3 plots were given in the fist floor printer.However,print is not taking place.Please look into the issue. regards",Issue,High,Security,Closed,225.0,2025-08-20 04:12:59,2025-08-29 13:12:59,Neutral,True,Slow,Breached,August,2025,3,Wednesday,3,142,22
GSSA1051694710,Session frequently getting hanged.,Session frequently getting hanged.,Issue,Medium,Applications,Closed,195.0,2023-05-08 08:33:46,2023-05-16 11:33:46,Neutral,True,Slow,Breached,May,2023,2,Monday,2,34,4
GSSA10024709,petrosys license update,petrosys license updated on clap,Other,Medium,IT Support,Resolved,1.0,2024-10-13 05:50:15,2024-10-13 06:50:15,Neutral,True,Fast,Within SLA,October,2024,4,Sunday,2,32,5
GSSA948664708,Stabbfjorden project petrel backup required,Stabbfjorden project petrel backup required,Project Backup,Medium,Data Center,In Progress,0.0,2025-10-18 04:38:52,,Frustrated,False,Unresolved,Within SLA,October,2025,4,Saturday,2,43,5
GSSA1262354707,System hanged,System was not responding.,Issue,Low,Applications,Closed,230.0,2025-06-25 16:52:48,2025-07-05 06:52:48,Urgent,True,Slow,Breached,June,2025,2,Wednesday,1,26,4
GSSA1244894706,Updation of Java to version 8.0,Nexus software is not able to load perforation data. Support from Landmark suggested to update Java version to 8.0.,Issue,Critical,IT Support,Closed,225.0,2025-05-28 01:11:13,2025-06-06 10:11:13,Neutral,True,Slow,Breached,May,2025,2,Wednesday,4,115,19
GSSA1257134705,Request to connect MATLAB with PETREL,PL. connect MATLAB 2017B with PETREL 2016.,Software Installation,Medium,IT Support,Closed,147.0,2025-03-23 02:45:08,2025-03-29 05:45:08,Urgent,True,Slow,Breached,March,2025,1,Sunday,2,42,7
GSSA1257134704,Request for PETREL 2017,PL. install PETREL 2017 in workstation-29,Software Installation,Critical,Security,Resolved,190.0,2024-05-06 11:07:21,2024-05-14 09:07:21,Satisfied,True,Slow,Breached,May,2024,2,Monday,4,41,6
GSSA777924703,Copy data from Proceesing Group to DUMP_SOUTHEROSf,plz Copy one segy data from Processing Group to dump_SOUTHEROS/INPUT,Data Transfer,Medium,Data Center,Closed,95.0,2024-02-10 02:02:59,2024-02-14 01:02:59,Frustrated,True,Slow,Breached,February,2024,1,Saturday,2,68,10
GSSA1346114702,Request to dump cartridge,path- dumpdir/INPUT/TapeDumps,Tape RW,Critical,Infrastructure,Resolved,227.0,2023-11-14 07:20:05,2023-11-23 18:20:05,Frustrated,True,Slow,Breached,November,2023,4,Tuesday,4,29,2
GSSA10024701,can not mount dumpdir volumes as network drives,map network drive functionality not working for dumpdir volumes of any basin,Issue,Low,Applications,Closed,159.0,2025-11-06 09:11:38,2025-11-13 00:11:38,Satisfied,True,Slow,Breached,November,2025,4,Thursday,1,76,12
GSSA777944700,run for visage,The visage run to be given for simulation . Folder is in the path X:\output_3jan19_test_simulation_visage\SIM\CASE_9JAN_WITH3JANDATA To see the performance of the the mod ... ng for simulation job. Please do the needful.,Other,High,Data Center,Closed,211.0,2024-05-03 01:37:24,2024-05-11 20:37:24,Frustrated,True,Slow,Breached,May,2024,2,Friday,3,220,32
GSSA1215864699,Please copy the segy volume,Please copy the four segy volume from /userhome/u32323/Desktop/basin/ to tape.,Tape RW,Medium,Security,Closed,105.0,2024-01-06 18:51:26,2024-01-11 03:51:26,Urgent,True,Slow,Breached,January,2024,1,Saturday,2,78,10
GSSA1253934698,install hindi font,Kindly install Hindi font in the Microsoft office of workstation51,Software Installation,High,Data Center,Closed,182.0,2024-02-17 14:49:36,2024-02-25 04:49:36,Urgent,True,Slow,Breached,February,2024,1,Saturday,3,66,10
GSSA1071054697,one 3592 cartridge needs to be dumped,Dump tape S02029JA in specialstudy/hrs/PROJECTS/B147-149-2018.prj/TAPEDUMP,Tape RW,Low,Security,Closed,233.0,2024-09-06 19:57:57,2024-09-16 12:57:57,Frustrated,True,Slow,Breached,September,2024,3,Friday,1,74,5
GSSA1061674696,to create link for DSG to Geoteric,Please create link for DSG to Geoteric as early as possible.,Software Installation,High,Data Center,Closed,236.0,2023-07-23 07:29:45,2023-08-02 03:29:45,Frustrated,True,Slow,Breached,July,2023,3,Sunday,3,60,11
GSSA1052234695,Installation of Petrel Guru,Please install Petrel Guru new version,Software Installation,Low,Security,Resolved,80.0,2025-11-09 10:25:35,2025-11-12 18:25:35,Neutral,True,Slow,Breached,November,2025,4,Sunday,1,38,6
GSSA1244894694,Regarding License of Nexus software,"Reservoir Simulation job is running on the system. Expected time of completion is about 9-10 hours. hence, do not reset the license for the Nexus suite of software.",Other,Medium,Security,Closed,214.0,2025-09-29 18:00:49,2025-10-08 16:00:49,Frustrated,True,Slow,Breached,September,2025,3,Monday,2,164,28
GSSA1061674693,tabs are not showing on Bottom tool bar,please resolve issue of tabs are not showing on Bottom tool bar.,Issue,Critical,Data Center,Closed,209.0,2024-04-11 00:42:06,2024-04-19 17:42:06,Satisfied,True,Slow,Breached,April,2024,2,Thursday,4,64,12
GSSA1234204692,update of geolog,update of geolog,Software Installation,Medium,Security,In Progress,0.0,2024-12-11 06:34:03,,Neutral,False,Unresolved,Within SLA,December,2024,4,Wednesday,2,16,3
GSSA1234204691,update of techlog,update of techlog,Software Installation,Medium,Security,In Progress,0.0,2024-05-06 03:56:24,,Urgent,False,Unresolved,Within SLA,May,2024,2,Monday,2,17,3
GSSA1232814690,restore the pick surface,"kindly restore the pick surface EM from project QDEV98BY2, deleted yesterday. The well list is GS15-PRJ",Backup Restore,High,Data Center,In Progress,0.0,2023-04-23 16:36:12,,Neutral,False,Unresolved,Within SLA,April,2023,2,Sunday,3,103,16
GSSA1061674689,Plotter 1f,"please rectify the plotter issue, after submitting plot in status showing completed but plot is not coming.",Issue,Medium,IT Support,Closed,121.0,2023-01-15 11:18:19,2023-01-20 12:18:19,Frustrated,True,Slow,Breached,January,2023,1,Sunday,2,107,17
GSSA1223664688,Dumping of tape data in VALERIA dumdata/Inputs,"Please Dump tape data in VALERIA dumdata/Inputs. The details of tapes are listed below: I91879JA, I91882JA, I91883JA,I91881JA.",Tape RW,High,Security,Closed,119.0,2024-12-12 22:07:21,2024-12-17 21:07:21,Satisfied,True,Slow,Breached,December,2024,4,Thursday,3,126,17
GSSA948664687,copy of Stabbfjorden_dec2017 petrel project required,copy of Stabbfjorden_dec2017 & Stabbfjord_Cram_2017 petrel projects required from workstation58 to VALERIA group workstation79 (E:drive). Project source location: System ... pet & ptd F:/Stabbfjorden_Cram_2017.pet & ptd,Data Transfer,Critical,Security,Closed,129.0,2025-08-22 22:29:43,2025-08-28 07:29:43,Satisfied,True,Slow,Breached,August,2025,3,Friday,4,219,26
GSSA948664686,Backup of Kvamshesten_IP is required,Backup of Kvamshesten_IP project (landmark & HRS) is required,Project Backup,High,Data Center,In Progress,0.0,2025-05-24 13:55:27,,Urgent,False,Unresolved,Within SLA,May,2025,2,Saturday,3,61,9
GSSA1053854685,Data copy,Copy data from processing group Omega to MEREEN-PG Group. Path: /dumpdir/INPUT/SMNGC_DATA_251018,Data Transfer,Medium,Security,Closed,173.0,2023-06-05 07:34:16,2023-06-12 12:34:16,Neutral,True,Slow,Breached,June,2023,2,Monday,2,96,11
GSSA1063154684,create new interpreter,pl create one new Interpreter TC19 for current years Winterfell basin project,Project Creation,High,Data Center,Closed,230.0,2023-04-24 19:21:27,2023-05-04 09:21:27,Urgent,True,Slow,Breached,April,2023,2,Monday,3,77,12
GSSA1052564683,folder delete,plz delete these two folders from desktop 1. prob_geobody_6may 2. prob_geobody_6may (copy),Other,High,IT Support,Closed,178.0,2025-04-15 04:27:48,2025-04-22 14:27:48,Urgent,True,Slow,Breached,April,2025,2,Tuesday,3,90,12
GSSA1253934682,copy data for asset,Kindly copy data from /dumpdir/C7/OUTPUT_FOR_ASSET/(all_folder) to asset harddisk,Data Transfer,High,Infrastructure,Closed,105.0,2023-11-28 02:58:07,2023-12-02 11:58:07,Urgent,True,Slow,Breached,November,2023,4,Tuesday,3,81,8
GSSA948664681,plotter issue from yesterday,network issue in both 6th floor and 1st floor...plotters,Issue,Critical,Applications,Resolved,230.0,2025-02-24 20:44:54,2025-03-06 10:44:54,Urgent,True,Slow,Breached,February,2025,1,Monday,4,56,9
GSSA10024680,Changes in LAS Header,Kindly swap the UWI and WELL values in header of 3860 LAS files.,Issue,High,Data Center,Closed,83.0,2024-02-16 23:23:17,2024-02-20 10:23:17,Neutral,True,Slow,Breached,February,2024,1,Friday,3,64,13
GSSA923774679,data transfer to Processing group,kindly transfer the SEGY data to processing division. the path of the data is given below. /userhome/u544554/KH-NAM-AD-2019/PSTM-RP-MERGE2011.sgy,Data Transfer,High,Infrastructure,Closed,46.0,2023-07-25 18:20:19,2023-07-27 16:20:19,Urgent,True,Medium,Within SLA,July,2023,3,Tuesday,3,145,17
GSSA923774678,Oracle issue,kindly give access to workstation38 system to work in Winterfell group as it shows some oracle login message.,User CUDA,Medium,Infrastructure,Resolved,239.0,2024-06-26 03:59:32,2024-07-06 02:59:32,Frustrated,True,Slow,Breached,June,2024,2,Wednesday,2,109,18
GSSA1053724677,MobaXterm not responding,"MobaXterm not responding, not able to start local terminal for launching Geolog application.",Issue,Low,Data Center,Pending,0.0,2023-04-17 20:43:33,,Satisfied,False,Unresolved,Within SLA,April,2023,2,Monday,1,92,13
GSSA1252524676,ZPS not working since last week,ZPS not working since last week,Issue,Medium,IT Support,Closed,125.0,2024-01-15 11:34:59,2024-01-20 16:34:59,Satisfied,True,Slow,Breached,January,2024,1,Monday,2,31,6
GSSA1223664675,CPU making abnormal noise,CPU making noise,Issue,High,IT Support,Closed,71.0,2024-07-28 00:58:06,2024-07-30 23:58:06,Satisfied,True,Medium,Within SLA,July,2024,3,Sunday,3,16,3
GSSA1053724674,mouse related issue,mouse related issue,Issue,Medium,Data Center,Resolved,212.0,2024-03-18 17:06:00,2024-03-27 13:06:00,Neutral,True,Slow,Breached,March,2024,1,Monday,2,19,3
GSSA10024673,create a shell script to analyse the integ storage,"the final output excel file must have the date of creation/date of modification, file size, directory path with relevant filesystem type and basin name tags",Other,Critical,Security,Pending,0.0,2023-09-03 01:13:41,,Satisfied,False,Unresolved,Within SLA,September,2023,3,Sunday,4,156,25
GSSA1253884672,data transfer,new project data transfer asdV2019_IP,Project Creation,High,Infrastructure,Closed,16.0,2024-11-11 16:42:17,2024-11-12 08:42:17,Urgent,True,Fast,Within SLA,November,2024,4,Monday,3,37,5
GSSA1060834671,Changes in LAS Header,"Hi, Kindly swap the UWI and WELL byte locations in the header of 3860 LAS files, as discussed with Anniken. Regards, Ingvild",Other,High,Security,Resolved,115.0,2025-04-23 20:38:00,2025-04-28 15:38:00,Frustrated,True,Slow,Breached,April,2025,2,Wednesday,3,124,22
GSSA1223664670,While importing well TD facing problem in reading wells,While importing well TD facing problem in reading wells in Well header Pick List.,Issue,Critical,IT Support,Resolved,216.0,2024-04-14 22:39:23,2024-04-23 22:39:23,Satisfied,True,Slow,Breached,April,2024,2,Sunday,4,81,14
GSSA1344224669,Dump 4 Cartridges,Four cartridges need to be dumped to disk drive. Please collect them from me and do the needful. I can handover to the concerned person myself too.,Tape RW,High,Applications,Closed,15.0,2025-08-08 04:59:59,2025-08-08 19:59:59,Urgent,True,Fast,Within SLA,August,2025,3,Friday,3,147,27
GSSA1252524668,1st Floor plotter is not working since 27 DEC 2018,1st Floor plotter is not working since 27 DEC 2018,Issue,Medium,IT Support,Closed,34.0,2025-10-12 22:00:15,2025-10-14 08:00:15,Urgent,True,Medium,Within SLA,October,2025,4,Sunday,2,50,10
GSSA429194667,To view CGM files & Logs,I wish to load an application to open & see CGM files and log las files in my Room PC at 6th floor MEREEN-PG Group,Software Installation,Medium,Applications,Closed,194.0,2025-04-01 16:20:18,2025-04-09 18:20:18,Frustrated,True,Slow,Breached,April,2025,2,Tuesday,2,114,25
GSSA960104666,restoration of ROXAR project for meeting scheduled on 03.01.19,Please restore the ROXAR project of B-127 which will be considered for meeting scheduled on 03.01.19,Backup Restore,Critical,Infrastructure,Resolved,131.0,2023-01-13 03:39:59,2023-01-18 14:39:59,Frustrated,True,Slow,Breached,January,2023,1,Friday,4,100,16
GSSA1219104665,Plotter showing error while printing,Plotter showing error while printing,Issue,Low,Security,Closed,40.0,2025-11-03 11:44:41,2025-11-05 03:44:41,Neutral,True,Medium,Within SLA,November,2025,4,Monday,1,36,5
GSSA1215864664,related to plotter,when ever i submitted a job in plotter its always show in pending. please take the necessary action.,Issue,Critical,Data Center,Pending,0.0,2025-05-11 13:04:18,,Frustrated,False,Unresolved,Within SLA,May,2025,2,Sunday,4,100,18
GSSA1052234663,Petrel Licence Connection Problem,Petrel is not able to fetch licence. Please check,Issue,Low,Data Center,Pending,0.0,2024-04-10 01:38:55,,Satisfied,False,Unresolved,Within SLA,April,2024,2,Wednesday,1,49,9
GSSA1060834662,Copy all las files in different folders in a single folder.,"Hi, Kindly Copy all las files in different folders in a single folder. Regards, Ingvild",Data Transfer,Critical,IT Support,Closed,218.0,2025-10-27 12:55:26,2025-11-05 14:55:26,Neutral,True,Slow,Breached,October,2025,4,Monday,4,87,15
GSSA777944661,Petrel Job running on system,Visage job is running on system. plz ensure that licence of petrel and Visage (simulation) should not go away in between. The job requires run of more than 24 hours,Other,High,Infrastructure,Closed,160.0,2023-06-10 21:59:04,2023-06-17 13:59:04,Frustrated,True,Slow,Breached,June,2023,2,Saturday,3,164,30
GSSA10024660,window list not displaying in panel,window list not displaying in panel,Issue,Critical,Security,Resolved,41.0,2023-07-28 14:44:08,2023-07-30 07:44:08,Urgent,True,Medium,Within SLA,July,2023,3,Friday,4,35,6
GSSA944424659,Installation of software,Plz install the Paradigm (Version18) software at workstation 95 system. Thanking you,Software Installation,Medium,Infrastructure,Closed,1.0,2024-02-15 20:00:15,2024-02-15 21:00:15,Urgent,True,Fast,Within SLA,February,2024,1,Thursday,2,84,12
GSSA1053484658,Petrel is crashing frequently,"Petrel is crashing frequently, even after restarting the machine the problem remain persistent.",Issue,Low,IT Support,Closed,119.0,2023-06-29 07:29:33,2023-07-04 06:29:33,Urgent,True,Slow,Breached,June,2023,2,Thursday,1,95,13
GSSA1053904657,Deletion of studio data repository,studio data please may be deleted for SOUTHern onshore,Other,Low,Applications,Pending,0.0,2023-06-16 06:35:25,,Urgent,False,Unresolved,Within SLA,June,2023,2,Friday,1,54,9
GSSA1270224656,Restoration of interpretation project,"Kindly restore the backup of interpretation project of Stabbfjorden, Lyngverfjorden & More Area (2011-12) from tape provided (Tape ID: IN0009)",Backup Restore,Critical,Infrastructure,In Progress,0.0,2025-05-09 09:40:20,,Frustrated,False,Unresolved,Within SLA,May,2025,2,Friday,4,142,20
GSSA1061674655,1f Plotter status showing pending,please resolve issue of 1f plotter,Issue,High,Applications,Pending,0.0,2023-08-30 11:31:05,,Neutral,False,Unresolved,Within SLA,August,2023,3,Wednesday,3,34,6
GSSA1071054654,Tape dump required,please dump 6 cartridges of 3592 in /specialstudy/hrs/PROJECTS/B3443-149-2018.prj/TAPEDUMP Sl. No. I56918-I56923 and unlock the files,Tape RW,Medium,Applications,Closed,124.0,2024-02-28 01:52:38,2024-03-04 05:52:38,Urgent,True,Slow,Breached,February,2024,1,Wednesday,2,133,15
GSSA1223664653,Please dump the tape data,Please dump the tape data into /dumpdir/INPUT/ having tape numbers as below: I91879JA I91881JA I91882JA I91883JA.,Tape RW,High,Infrastructure,Closed,229.0,2024-03-13 16:38:06,2024-03-23 05:38:06,Neutral,True,Slow,Breached,March,2024,1,Wednesday,3,113,16
GSSA948664652,AOI extension for KTN_IP project & project creation in petrel,AOI extension for KTN_IP project is required for landmark and & project creation in petrel is required for this project,Project Creation,Critical,Data Center,Closed,128.0,2025-07-28 13:41:25,2025-08-02 21:41:25,Frustrated,True,Slow,Breached,July,2025,3,Monday,4,119,20
GSSA1215864651,donot reset the licence of GeoTeric,"One job is running in the geoteric software . so please, do not reset the licence today.",Other,High,IT Support,In Progress,0.0,2023-11-24 04:50:33,,Frustrated,False,Unresolved,Within SLA,November,2023,4,Friday,3,88,17
GSSA1215864650,related to Paradigm software,i am not able to see the openworks project in the Paradigm ULA. Please take the necessary action,Issue,Medium,Security,Closed,112.0,2024-06-16 15:30:13,2024-06-21 07:30:13,Neutral,True,Slow,Breached,June,2024,2,Sunday,2,96,18
GSSA777924649,REQUEST FOR BACKUP OF Z897IP PROJECT,REQUEST FOR BACKUP OF Z897IP PROJECT AS PER ATTACHED LIST,Project Backup,Low,Infrastructure,Closed,91.0,2023-11-13 06:39:28,2023-11-17 01:39:28,Satisfied,True,Slow,Breached,November,2023,4,Monday,1,57,10
GSSA1215864648,related to Paradigm software,"I am not able to open the paradigm software, its show some error message. Please take the necessary action.",Issue,High,Applications,Resolved,77.0,2025-12-03 23:45:02,2025-12-07 04:45:02,Neutral,True,Slow,Breached,December,2025,4,Wednesday,3,107,19
GSSA1219104647,Saving plot as CGM or PDF not working,Saving plot as CGM or PDF not working,Issue,High,Applications,Resolved,205.0,2025-09-12 06:06:17,2025-09-20 19:06:17,Frustrated,True,Slow,Breached,September,2025,3,Friday,3,37,8
GSSA1063154646,I/O error,classic application curve import and petroworks pro doesnt open from u1353535 login in workstation103. dsg application data import fails to reach O/W database wells. log ... be done from same login. this problem reccurs,Issue,Medium,Applications,Closed,151.0,2024-02-15 02:01:59,2024-02-21 09:01:59,Satisfied,True,Slow,Breached,February,2024,1,Thursday,2,219,34
GSSA1053824645,plz install petrel 2017 version,plz install petrel 2017 version,Software Installation,High,Infrastructure,Closed,133.0,2025-02-24 03:00:55,2025-03-01 16:00:55,Satisfied,True,Slow,Breached,February,2025,1,Monday,3,31,5
GSSA1253884644,Ip project creation,Ip project creation of More Visgrad area,Project Creation,High,Security,Pending,0.0,2025-01-28 21:47:15,,Urgent,False,Unresolved,Within SLA,January,2025,1,Tuesday,3,40,7
GSSA1219104643,Printer not working,Printer showing error message in 3-A wing,Issue,Low,Security,Resolved,227.0,2024-01-26 02:28:43,2024-02-04 13:28:43,Satisfied,True,Slow,Breached,January,2024,1,Friday,1,41,7
GSSA1219104642,Paper not attched/ no paper in plotter,Paper not attched/ no paper in plotter in 3-A wing,Issue,Medium,Data Center,In Progress,0.0,2023-03-20 21:55:12,,Satisfied,False,Unresolved,Within SLA,March,2023,1,Monday,2,50,10
GSSA1254214641,REQUEST FOR ENABLING PRINTING FACILITY,PLEASE ENABLE PRINTING IN MY SYSTEM. IT IS SHOWING DISABLED,Software Installation,Low,Security,Pending,0.0,2023-05-24 09:08:10,,Neutral,False,Unresolved,Within SLA,May,2023,2,Wednesday,1,59,10
GSSA1254214640,Request for dumping PSTM stack data from 3592 cartridge,REQUESTING TO DUMP PSTM STACK DATA for Z-345 IN /dumpdir/B789_BROADBAND/,Tape RW,Low,IT Support,Closed,98.0,2025-09-12 07:50:17,2025-09-16 09:50:17,Satisfied,True,Slow,Breached,September,2025,3,Friday,1,72,10
GSSA10024639,can not open a new DSG session,an error has occurred - see the log file /userhome/train2/Landmark/DecisionSpace/WorspaceThu_Dec_20_10_-03-09_IST_2018/.metadata/.log,Issue,Low,IT Support,Closed,182.0,2024-10-20 00:02:57,2024-10-27 14:02:57,Neutral,True,Slow,Breached,October,2024,4,Sunday,1,133,10
GSSA1053784638,copy data,"pls copy SEGY file from OMEGA group ,Processing to MEREEN-PG Group ,INTEG. Target Path is /dumpdir/INPUT/SMNGC_DATA_251018",Data Transfer,Critical,Security,Closed,71.0,2024-03-05 19:23:11,2024-03-08 18:23:11,Urgent,True,Medium,Within SLA,March,2024,1,Tuesday,4,122,16
GSSA10024637,visag permanent license,License against LOA no : MR/NWB/MM/MAP/SOFTWARE LICENCE/2018/4010096819 has been updated in petrel license server.,Other,High,Security,Closed,61.0,2023-03-10 11:40:25,2023-03-13 00:40:25,Frustrated,True,Medium,Within SLA,March,2023,1,Friday,3,114,14
GSSA10024636,ONGC quorum license server - SLB licensing upgradation,Schlumberger licensing 2017.1 is required for Schlumberger applications 2018 version .,Software Installation,Low,Security,Closed,9.0,2023-01-06 12:11:34,2023-01-06 21:11:34,Urgent,True,Fast,Within SLA,January,2023,1,Friday,1,86,11
GSSA795674635,Seg Y dump,Please dump the Seg Y data of SSW of SF (3592 cartridge ),Tape RW,Medium,IT Support,Closed,29.0,2024-06-02 03:53:20,2024-06-03 08:53:20,Satisfied,True,Medium,Within SLA,June,2024,2,Sunday,2,57,13
GSSA10024634,Oracle Database issue with GPVMSOUTHEROS65 server,Users were unable to save anything to Landmark Oracle database.,Issue,Low,Applications,Closed,209.0,2023-07-23 05:18:37,2023-07-31 22:18:37,Frustrated,True,Slow,Breached,July,2023,3,Sunday,1,63,10
GSSA10024633,Jason license server configuration in 20.10,Jason license server configuration in 20.10 so that issue arising because of license reservation of Jason features can be resolved.,Other,Low,Data Center,Closed,218.0,2025-09-16 17:18:29,2025-09-25 19:18:29,Neutral,True,Slow,Breached,September,2025,3,Tuesday,1,131,20
GSSA1223664632,Response of HRS application is slow,Response of HRS application is slow while opening seismics related workflows. Seismic has been imported from OpenWorks directly.,Issue,High,Data Center,Closed,196.0,2024-02-11 22:24:00,2024-02-20 02:24:00,Satisfied,True,Slow,Breached,February,2024,1,Sunday,3,128,18
GSSA959404631,Techlog upgradation,May kindly upgrade Techlog with 18.1 version,Software Installation,High,IT Support,In Progress,0.0,2023-09-09 00:12:45,,Frustrated,False,Unresolved,Within SLA,September,2023,3,Saturday,3,44,7
GSSA948494630,Powerlog - generic Xplot getting hanged,"While opening powerlog, generic Xplot showing error and powerlog getting hanged. Please look into.. Jonas Andersen EPABX : 6115",Issue,Critical,Data Center,Closed,61.0,2024-11-17 08:49:18,2024-11-19 21:49:18,Satisfied,True,Medium,Within SLA,November,2024,4,Sunday,4,127,19
GSSA1254214629,dsg error,dsg error,Issue,Critical,IT Support,Resolved,203.0,2025-05-07 00:08:12,2025-05-15 11:08:12,Frustrated,True,Slow,Breached,May,2025,2,Wednesday,4,9,2
GSSA1068694628,Frequent reset of Petrel License,"Since morning Petrel license is being reset at an interval, which is hindering work. Kindly do needful.",Issue,High,Security,Closed,68.0,2024-10-26 09:19:26,2024-10-29 05:19:26,Satisfied,True,Medium,Within SLA,October,2024,4,Saturday,3,103,17
GSSA777944627,petrel license getting lost frequently,petrel license getting lost frequently. Today 5 times we need to exit n get license plz do the needful bcz after loss we r unable to get license,Issue,High,Data Center,Resolved,201.0,2025-05-21 08:07:25,2025-05-29 17:07:25,Satisfied,True,Slow,Breached,May,2025,2,Wednesday,3,144,28
GSSA1050814626,Cartridge Dump,May please dump the backup of project Shale_Gas2017 from the data cartridge provide at /projectdata for IRONISL. Regards Bjarte,Tape RW,Critical,Infrastructure,Resolved,183.0,2023-01-16 00:30:45,2023-01-23 15:30:45,Neutral,True,Slow,Breached,January,2023,1,Monday,4,127,19
GSSA960104625,project back-up of NW-Voring,"A REQUEST HAS BEEN RECEIVED FROM NWB, Stabbfjorden REAGARDING THE project back-up of NW-Voring .kINDLY DO THE NEEDFUL FOR EARLY DESPATCH. REGARDS SOUMITRI",Backup Restore,Medium,Applications,Closed,176.0,2023-06-23 18:57:38,2023-07-01 02:57:38,Frustrated,True,Slow,Breached,June,2023,2,Friday,2,154,23
GSSA1215864624,Link issue between DSD and Geoteric,Please create a linK between DSD and Geoteric.,Software Installation,High,Data Center,Closed,9.0,2023-04-27 21:17:39,2023-04-28 06:17:39,Frustrated,True,Fast,Within SLA,April,2023,2,Thursday,3,46,8
GSSA1252524623,Sysytem log in problem,workstation60 CANNOT LOG IN,Issue,Critical,Infrastructure,Resolved,1.0,2025-12-09 11:04:43,2025-12-09 12:04:43,Satisfied,True,Fast,Within SLA,December,2025,4,Tuesday,4,27,4
GSSA1068694622,Data transfer from Processing to workstation,Please transfer the processed seismic data from Processing division to workstation.,Data Transfer,Critical,IT Support,In Progress,0.0,2023-08-20 13:08:47,,Frustrated,False,Unresolved,Within SLA,August,2023,3,Sunday,4,83,11
GSSA1050924621,Installation of FILEZILLA,Kindly install Filezilla to my workstation.,Software Installation,High,IT Support,Resolved,144.0,2025-04-27 13:04:49,2025-05-03 13:04:49,Neutral,True,Slow,Breached,April,2025,2,Sunday,3,43,6
GSSA1215864620,dump the PSDM Stack and velocity,Please dump the PSDM Stack and Velocity of MBOSN2005/1 & NB9,Tape RW,Medium,Security,Closed,42.0,2023-02-25 23:13:34,2023-02-27 17:13:34,Satisfied,True,Medium,Within SLA,February,2023,1,Saturday,2,60,11
GSSA1061674619,Memory Warning,"Message showing ""DecisionSpace is nearly out of memory performance will be affected. it is recommended to save your work""",Issue,Medium,Security,Resolved,23.0,2024-07-27 13:22:10,2024-07-28 12:22:10,Neutral,True,Fast,Within SLA,July,2024,3,Saturday,2,121,19
GSSA1225034618,Windows photo viewer,Error while opening image files through windows photo viewer.,Issue,Low,Data Center,Resolved,132.0,2025-06-23 21:31:50,2025-06-29 09:31:50,Neutral,True,Slow,Breached,June,2025,2,Monday,1,61,9
GSSA1219104617,No paper in plotter,No paper in plotter,Issue,Critical,IT Support,Resolved,143.0,2025-05-08 07:37:43,2025-05-14 06:37:43,Satisfied,True,Slow,Breached,May,2025,2,Thursday,4,19,4
GSSA1050814616,Cartridge Dump,May kindly dump one 3592 cartridge at /dumpdir/Stabbenfjord/Input/01_Seismic Regards Mark,Tape RW,Medium,Infrastructure,Closed,203.0,2023-08-19 01:20:11,2023-08-27 12:20:11,Urgent,True,Slow,Breached,August,2023,3,Saturday,2,89,10
GSSA1223664615,Needs to dump segy data to processing division,Needs to dump segy data to processing division /geofs/Paradigm/OUTPUT/AK/AFE from /userhome/u675756756765/Voring_2016/Voring_PSTM_2016.sgy.,Data Transfer,Medium,IT Support,In Progress,0.0,2024-10-29 15:36:36,,Neutral,False,Unresolved,Within SLA,October,2024,4,Tuesday,2,139,11
GSSA10024614,Installation of upgraded version of Roxar Software,-,Software Installation,Medium,IT Support,Closed,117.0,2023-07-17 23:30:48,2023-07-22 20:30:48,Neutral,True,Slow,Breached,July,2023,3,Monday,2,1,1
GSSA1346114613,Request to dump cartridge,dump cartridge,Tape RW,Critical,Applications,Closed,120.0,2023-03-06 23:29:34,2023-03-11 23:29:34,Urgent,True,Slow,Breached,March,2023,1,Monday,4,14,2
GSSA1223664612,Needs to dump catridges data into disk,Needs to dump catridges data into disk having cartridges no I91880JA and S01677JA.,Tape RW,Low,Applications,Closed,31.0,2024-04-23 20:42:15,2024-04-25 03:42:15,Neutral,True,Medium,Within SLA,April,2024,2,Tuesday,1,82,13
GSSA1053784611,dump cartridge,pls dump 7 nos. cartridges at dumpdir/INPUT/,Tape RW,Medium,Applications,Resolved,3.0,2024-07-20 11:11:37,2024-07-20 14:11:37,Urgent,True,Fast,Within SLA,July,2024,3,Saturday,2,44,7
GSSA1050924610,Data dump,Kindly dump the data bearing to tape no S01197 for loading in the interpretation project.,Tape RW,Critical,Infrastructure,Closed,89.0,2023-03-03 23:23:19,2023-03-07 16:23:19,Satisfied,True,Slow,Breached,March,2023,1,Friday,4,89,15
GSSA1053784609,copy data,"pls copy one segy file from MEREEN-PG Group ,INTEG to Omega Group, Processing. pls contact to Gaurav Gupta for getting target path. file path is /dumpdir/INPUT/SMNGC_PSTM_VER1.sgy",Data Transfer,Low,Security,Closed,97.0,2024-07-09 20:05:42,2024-07-13 21:05:42,Urgent,True,Slow,Breached,July,2024,3,Tuesday,1,179,26
GSSA1060954608,PLOTTER NOT WORKING FROM workstation102,PLOTTER NOT WORKING FROM workstation102. KINDLY RESOLVE.,Issue,Low,Data Center,Pending,0.0,2023-11-23 08:13:15,,Frustrated,False,Unresolved,Within SLA,November,2023,4,Thursday,1,56,7
GSSA10024607,System becoming unresponsive for some time repeatedly,System becoming unresponsive for some time repeatedly.,Issue,Critical,Data Center,Closed,117.0,2025-11-25 13:17:21,2025-11-30 10:17:21,Frustrated,True,Slow,Breached,November,2025,4,Tuesday,4,54,7
GSSA1223664606,Needs to dump data from processing division,Needs to dump data from processing division and the location of the data is /geofs/Paradigm/OUTPUT/AK/AFE. There will be 2 segy files which needs to be dumped into VALERIA dumpdir folder.,Data Transfer,High,Infrastructure,Closed,7.0,2024-01-23 15:08:34,2024-01-23 22:08:34,Satisfied,True,Fast,Within SLA,January,2024,1,Tuesday,3,187,30
GSSA1050924605,Data dump,Kindly dump the data bearing to tape no S07001JA for loading in the project.,Tape RW,Low,IT Support,Closed,128.0,2025-11-02 01:04:47,2025-11-07 09:04:47,Urgent,True,Slow,Breached,November,2025,4,Sunday,1,76,14
GSSA1053824604,unable to fetch plotter licence,showing server error .server connection failed message is coming.,Issue,Medium,Applications,Closed,192.0,2023-06-09 16:25:26,2023-06-17 16:25:26,Satisfied,True,Slow,Breached,June,2023,2,Friday,2,65,9
GSSA948494603,Display resolution of 1st monitor need to be corrected,1st monitor display resolution need to be corrected as it is showing windows in big fonts..2nd monitor display resolution is OK. Kindly look into,Issue,Low,Data Center,In Progress,0.0,2024-07-03 10:05:42,,Frustrated,False,Unresolved,Within SLA,July,2024,3,Wednesday,1,145,24
GSSA1253884602,petrosys software,please install the plugin of petrosys software for paradigm & openworks,Software Installation,High,Infrastructure,Resolved,4.0,2025-05-19 17:58:13,2025-05-19 21:58:13,Neutral,True,Fast,Within SLA,May,2025,2,Monday,3,71,11
GSSA1071054601,install paradigm software,install and create user id for paradigm in my workstation,User CUDA,Low,Applications,Closed,203.0,2024-09-23 06:50:49,2024-10-01 17:50:49,Urgent,True,Slow,Breached,September,2024,3,Monday,1,57,10
GSSA10024600,Landmark license file updated in CLAP,-,Other,Medium,Security,Closed,84.0,2025-08-22 03:56:17,2025-08-25 15:56:17,Neutral,True,Slow,Breached,August,2025,3,Friday,2,1,1
GSSA1223664599,Not able to fetch OpenWorks license,Not able to fetch OpenWorks license giving error licensed number of users already reached.,Issue,Low,IT Support,Resolved,123.0,2023-08-29 02:09:57,2023-09-03 05:09:57,Urgent,True,Slow,Breached,August,2023,3,Tuesday,1,90,14
GSSA1245114598,1 tape to be dumped for SEG_Y data,1 tape to be dumped for SEG_Y data,Tape RW,High,Security,Closed,187.0,2024-01-03 18:12:26,2024-01-11 13:12:26,Urgent,True,Slow,Breached,January,2024,1,Wednesday,3,34,8
GSSA1270224597,"Transfer well, seismic and interpretation data from one project to another.",Our current IP project is RC_KON_AGAR_2018. Kindly transfer all data from another project Stabbfjorden_DOME_BASIN to current project in such way original data of working ... ASIN should defer in name by some suffix etc.,Project Creation,Critical,IT Support,Closed,44.0,2023-09-10 10:30:17,2023-09-12 06:30:17,Neutral,True,Medium,Within SLA,September,2023,3,Sunday,4,219,34
GSSA1270224596,Extension of area of interest for Sundalbari Project and creation of new interpretation ID,"please increase the AOI of IP project RC-KON-AGAR-IP and create new interpretation ID. Co-ordinates for whole area are mention as follows along with image for reference. ... , Y= 635324.29 D: X= 2881607.85, Y= 617385.18",Project Creation,Critical,Security,Resolved,231.0,2023-10-03 00:59:26,2023-10-12 15:59:26,Urgent,True,Slow,Breached,October,2023,4,Tuesday,4,219,35
GSSA1053904595,Request for installing Petrosys plug-in for Petrel 2017.4,Please install Petrosys plug-in for Petrel 2017.4 on workstation81,Software Installation,Low,Security,Resolved,84.0,2024-10-02 11:26:59,2024-10-05 23:26:59,Urgent,True,Slow,Breached,October,2024,4,Wednesday,1,66,9
GSSA923774594,Remote system not connected to USB Share,Remote system not connected to USB Share since 3 dec 2018. KIndly resolve.,Issue,Critical,Security,Pending,0.0,2023-02-08 12:06:09,,Neutral,False,Unresolved,Within SLA,February,2023,1,Wednesday,4,74,13
GSSA1215864593,chane unit from m/min to ft/s,pls change the unit of velocity in project LF-ABC-2205/1 from m/min to ft/s,Project Creation,Critical,Security,Pending,0.0,2023-10-06 15:03:00,,Frustrated,False,Unresolved,Within SLA,October,2023,4,Friday,4,75,13
GSSA10024592,paradigm license file in CLAP,paradigm license file in CLAP,Other,High,IT Support,Resolved,50.0,2024-05-31 00:46:18,2024-06-02 02:46:18,Urgent,True,Medium,Within SLA,May,2024,2,Friday,3,29,5
GSSA1053904591,Request to dump velocity file of 8_vol_merge from cartridge,Request to dump velocity file of 8_vol_merge from cartridge,Tape RW,Critical,Security,Closed,8.0,2024-10-01 13:46:45,2024-10-01 21:46:45,Frustrated,True,Fast,Within SLA,October,2024,4,Tuesday,4,59,9
GSSA959404590,System boot problem,Sytem is unable to boot. Pl do the needful for booting the system.,Issue,High,IT Support,In Progress,0.0,2025-11-06 15:56:52,,Frustrated,False,Unresolved,Within SLA,November,2025,4,Thursday,3,66,13
GSSA1053784589,copy data,pls copy some Angle Stacks from Processing OMEGA group to MEREEN-PG GROUP. Copy data at dumpdir/INPUT/SMNGC_DATA_251018/,Data Transfer,High,IT Support,Closed,101.0,2024-01-21 12:20:43,2024-01-25 17:20:43,Neutral,True,Slow,Breached,January,2024,1,Sunday,3,120,16
GSSA1061674588,Additation of B170B14 Survey,Please attach the following survey 3D05-BOOS-B170B14_EH_TD from Basin Project to Kvamshesten_FM_2018_19.,Project Creation,Medium,Security,Closed,123.0,2024-02-19 11:14:16,2024-02-24 14:14:16,Frustrated,True,Slow,Breached,February,2024,1,Monday,2,104,11
GSSA10024587,Restoration of Landmark projects taking lot of time and unable to complete,-,Backup Restore,Critical,Data Center,Resolved,108.0,2023-09-05 07:19:32,2023-09-09 19:19:32,Frustrated,True,Slow,Breached,September,2023,3,Tuesday,4,1,1
GSSA1242334586,SEGY File Transfer From Processing division,Segy file transfer is required from processing divison. Path is /norfs/omega/wgdata3/MEREEN_osn_2004_1_psdm/MEREEN_osn_Qmarine/velocity_files/49_For_INTEG_P/Depth_UNCALIB_int_vel_Convert_2_RMS_vel_time.segy,Data Transfer,Low,Infrastructure,Resolved,194.0,2023-06-17 22:05:49,2023-06-26 00:05:49,Neutral,True,Slow,Breached,June,2023,2,Saturday,1,206,11
GSSA1050814585,May kindly dump one 3592 cartridge at /dumpdir/Voring_more/01_INPUT,The details are : Cartridge No : S01896 File Sequence Number : 09-10 ( PSTM Stack and PSTM Velocity of G524_529 Path : /dumpdir/Voring_more/01_INPUT Regards Bjarte,Tape RW,High,Security,Closed,113.0,2024-08-17 06:11:20,2024-08-21 23:11:20,Neutral,True,Slow,Breached,August,2024,3,Saturday,3,163,26
GSSA1053484584,CIFS SOUTHEROSF link,Data Copy required need CIFS SOUTHEROSf link and I drive delink.,Data Transfer,Medium,Security,Closed,185.0,2023-03-02 03:45:28,2023-03-09 20:45:28,Neutral,True,Slow,Breached,March,2023,1,Thursday,2,64,11
GSSA1245114583,1 Tape to be dumped for SEG-Y data,1 Tape to be dumped for SEG-Y data,Tape RW,Critical,IT Support,Closed,168.0,2025-01-01 04:35:45,2025-01-08 04:35:45,Satisfied,True,Slow,Breached,January,2025,1,Wednesday,4,34,8
GSSA948664582,DSD 3D grid corrupted. yesterday backup required.,DSD 3D grid (TV_GCM_NOV16_1) in TVR_IP project got corrupted today. yesterday backup required.,Backup Restore,Low,Security,Closed,51.0,2023-12-12 12:55:48,2023-12-14 15:55:48,Satisfied,True,Medium,Within SLA,December,2023,4,Tuesday,1,94,13
GSSA1254214581,System is running very slow,System is running very slow as soon as it has been started.,Issue,Low,IT Support,Closed,220.0,2023-11-07 00:36:51,2023-11-16 04:36:51,Satisfied,True,Slow,Breached,November,2023,4,Tuesday,1,59,12
GSSA1053904580,Request to dump velocity file of 8_vol_merge from cartridge,Please dump the velocity file of 8_vol_merge data from the cartidge,Tape RW,Critical,Infrastructure,Closed,61.0,2024-12-16 01:20:54,2024-12-18 14:20:54,Urgent,True,Medium,Within SLA,December,2024,4,Monday,4,67,11
GSSA10024579,Paradigm PNS not available on SOUTHEROS basin server,-,Issue,Medium,Security,Closed,205.0,2024-06-27 04:12:39,2024-07-05 17:12:39,Frustrated,True,Slow,Breached,June,2024,2,Thursday,2,1,1
GSSA777944578,missing pet file,"Project file with name "" geom_pet_october"" pet file is missing. Th e project was in F drive. M able to see ptd file",Issue,Medium,Security,Closed,151.0,2024-04-19 02:20:24,2024-04-25 09:20:24,Neutral,True,Slow,Breached,April,2024,2,Friday,2,115,23
GSSA1060954577,"PROJECT CREATION KONABAN-Stabbfjorden DOME, SOUTH More","KINDLY CREATE PROJECT TITLED ,"" RESERVOIR CHARACTERISATION AND PROSPECTIVITY ANALYSIS OF MIDDLE AND UPPER BHUBAN IN KONABAN AND Stabbfjorden DOME AREA, SOUTH More"". IN LA ... E ENCLOSE FORMAT IN HARD COPY. Thank you Sir.",Project Creation,Low,Infrastructure,Closed,100.0,2023-12-20 13:22:29,2023-12-24 17:22:29,Frustrated,True,Slow,Breached,December,2023,4,Wednesday,1,220,35
GSSA10024576,Request to reserve one license for petromod3d,Request to reserve one license for petromod3d received from odisaaiiws Mr Jonas Stevensen uptill 22.12.2018,Other,Critical,Infrastructure,Closed,49.0,2023-12-13 07:11:32,2023-12-15 08:11:32,Satisfied,True,Medium,Within SLA,December,2023,4,Wednesday,4,107,15
GSSA10024575,updation of Techlog licenses.,updation of Techlog licenses.,Other,High,Security,Resolved,5.0,2023-02-06 18:16:26,2023-02-06 23:16:26,Neutral,True,Fast,Within SLA,February,2023,1,Monday,3,29,4
GSSA10024574,updation of petrosys license.,updation of petrosys license.,Other,Low,IT Support,Closed,3.0,2025-10-22 07:49:14,2025-10-22 10:49:14,Satisfied,True,Fast,Within SLA,October,2025,4,Wednesday,1,29,4
GSSA1253884573,libreofc 4.2,not able to save file after editing .,Issue,Medium,Data Center,Resolved,78.0,2023-10-28 00:24:01,2023-10-31 06:24:01,Frustrated,True,Slow,Breached,October,2023,4,Saturday,2,37,8
GSSA1253884572,zps command not working,zps command not working,Issue,High,Infrastructure,Closed,53.0,2024-09-10 23:53:18,2024-09-13 04:53:18,Frustrated,True,Medium,Within SLA,September,2024,3,Tuesday,3,23,4
GSSA948664571,workstation 79 windows system needs to connect to plotter,workstation 79 windows system needs to connect to plotter.,Software Installation,Critical,Infrastructure,Closed,170.0,2024-05-24 22:29:33,2024-06-01 00:29:33,Satisfied,True,Slow,Breached,May,2024,2,Friday,4,58,9
GSSA1071054570,license reserve for specific workstation,"kindly book the reserved license of geoteric for workstation workstation93...user u342342343 ....for project specific work of Bombay high project, SOUTHEROSF, INTEG.",Other,Medium,Applications,In Progress,0.0,2024-03-08 19:04:29,,Neutral,False,Unresolved,Within SLA,March,2024,1,Friday,2,165,21
GSSA822474569,Kindly load petrel version 2018 and 2017.2,Kindly load petrel version 2018 and 2017.2. This is as per recommendation of vendor to address structural gridding issues,Software Installation,Medium,Security,Closed,86.0,2023-04-18 20:11:35,2023-04-22 10:11:35,Satisfied,True,Slow,Breached,April,2023,2,Tuesday,2,121,19
GSSA429194568,access to projects,Kindly allow to access regional projects QDEV and MEREENBASINXY,User CUDA,Medium,Data Center,Closed,64.0,2024-03-09 14:32:02,2024-03-12 06:32:02,Neutral,True,Medium,Within SLA,March,2024,1,Saturday,2,63,9
GSSA10024567,geoteric license reservation,geoteric license reservation is done for demo licenses for NORPIC workstations.,Other,Critical,Applications,Resolved,196.0,2024-06-29 11:40:35,2024-07-07 15:40:35,Neutral,True,Slow,Breached,June,2024,2,Saturday,4,79,11
GSSA1062414566,Backup of Voring Inversion project,please take backup of Voring Inversion project /specialstudy/jason_hrs/Voring_R_SERIES/JASON,Project Backup,High,Applications,Closed,17.0,2025-09-23 12:10:21,2025-09-24 05:10:21,Neutral,True,Fast,Within SLA,September,2025,3,Tuesday,3,92,8
GSSA1060834565,"Cant change Data for 2 wells in our IP Project LIII_MH_SL_2018_IP, Interpreters ID: LIII","Sir, Can't change Data for 2 wells (BH-72, BH-73) in our IP Project LIII_SF_SL_2018_IP, Interpreters ID: LIII. Some authority issue. Snapshot attached. Kindly resolve the issue. Regards, Ingvild",User CUDA,Critical,Applications,Closed,129.0,2025-03-02 08:01:12,2025-03-07 17:01:12,Neutral,True,Slow,Breached,March,2025,1,Sunday,4,194,28
GSSA795674564,Removal of completed projects,"Pl. remove the old projects from projectdata after checking that backup has been taken or not, request for backups had already been given in past for completed projects. The projects are LGFORA & BODFIELD",Other,Low,IT Support,Resolved,18.0,2024-09-12 21:05:24,2024-09-13 15:05:24,Urgent,True,Fast,Within SLA,September,2024,3,Thursday,1,204,34
GSSA1253934563,not able to plot,Not able to plot on Ist floor printer,Issue,High,IT Support,Resolved,22.0,2025-11-21 14:16:17,2025-11-22 12:16:17,Urgent,True,Fast,Within SLA,November,2025,4,Friday,3,37,8
GSSA815654562,Abrupt shudown,An abrupt shutdown occurred at 10.25am today. Fix the problem by considering error log record .,Issue,Low,Infrastructure,Pending,0.0,2025-04-12 23:34:17,,Neutral,False,Unresolved,Within SLA,April,2025,2,Saturday,1,95,16
GSSA1050924561,System slowness,My system performance is very down. unable to make map smoothly. Taking more than usual time. kindly check the system.,Issue,Critical,Applications,Closed,66.0,2024-05-29 10:09:42,2024-06-01 04:09:42,Satisfied,True,Medium,Within SLA,May,2024,2,Wednesday,4,118,20
GSSA1060834560,Linux Panel Window list issue,"Hi, There is a issue in adding window list in my Linux Panel. Briefed Anniken about it. Kindly resolve the issue. Thanks",Issue,High,Infrastructure,Closed,176.0,2023-02-12 21:01:21,2023-02-20 05:01:21,Neutral,True,Slow,Breached,February,2023,1,Sunday,3,120,22
GSSA1052564559,Project data backup of B-119-121_project and conversion of workstation54 windows system to linux,Project data backup of B-119-121_project and conversion of workstation54 windows system to Linux,Project Backup,Critical,IT Support,In Progress,0.0,2023-06-29 04:15:07,,Satisfied,False,Unresolved,Within SLA,June,2023,2,Thursday,4,96,13
GSSA1068694558,Reinstallation of Petrel 2016,Kindly reinstall Petrel 2016 due to error in configuration.,Software Installation,Low,IT Support,Pending,0.0,2024-02-10 18:48:30,,Frustrated,False,Unresolved,Within SLA,February,2024,1,Saturday,1,59,9
GSSA959684557,Geolog sofwate process is very slow,Geolog sofwate process is very slow,Issue,Critical,Infrastructure,Closed,4.0,2023-10-05 09:29:26,2023-10-05 13:29:26,Frustrated,True,Fast,Within SLA,October,2023,4,Thursday,4,35,6
GSSA1060834556,"On Clicking Geoteric Command Prompt, DSG Sessions cant be accessed now.","Hi Sir, On Clicking Geoteric Command Prompt, all DSG Sessions cant be accessed now. Kindly resolve the issue. I have many DSG sessions, can be seen in my Userhome Landmark. Thansk & Regards, Ingvild",Issue,High,Applications,Closed,193.0,2025-06-20 21:57:14,2025-06-28 22:57:14,Urgent,True,Slow,Breached,June,2025,2,Friday,3,198,34
GSSA959684555,PARADIGM 18 to be installed,"PARADIGM 18 to be installed. If u need CD, I have.",Software Installation,High,Applications,Resolved,95.0,2024-02-17 09:18:12,2024-02-21 08:18:12,Urgent,True,Slow,Breached,February,2024,1,Saturday,3,50,11
GSSA737754554,Writing of segy data to 3592 cartridge,"Pls write segy data in 3592 cartridge to sent to MBA basin, Kolkata. The location of the files: /projectdata/WB_ASH_NGR/HRS/ash_ngr.prj/seismic.dir/AG_Radon_NRM_WG.sgy, Radon_NRM_WG.sgy Total segy files: 2",Tape RW,Critical,Infrastructure,Closed,100.0,2023-03-01 10:19:54,2023-03-05 14:19:54,Neutral,True,Slow,Breached,March,2023,1,Wednesday,4,205,24
GSSA1252524553,permission for editing in well data manager,"please give permission for editing in well data manager,for lat long edit",User CUDA,Critical,Data Center,Closed,49.0,2023-06-18 09:32:23,2023-06-20 10:32:23,Neutral,True,Medium,Within SLA,June,2023,2,Sunday,4,73,12
GSSA1071054552,software installation,"kindly install AASPI software in windows workstation placed at 2nd last cubicle of SOUTHEROSF, INTEG..",Software Installation,High,Security,Resolved,52.0,2025-07-15 17:47:18,2025-07-17 21:47:18,Neutral,True,Medium,Within SLA,July,2025,3,Tuesday,3,102,15
1352244936,,"Please request an update to the integration settings to ensure compatibility with various devices for the software project management workflows, to guarantee seamless operations.",Change,Low,Product Support,Closed,70.0,2024-11-06 01:42:40,2024-11-08 23:42:40,Satisfied,True,Medium,Within SLA,November,2024,4,Wednesday,1,178,24
1352244937,Data Breach Happened Because of Lack of Encryption,Insufficient encryption led to the data breach problem,Incident,High,Technical Support,Resolved,112.0,2024-06-21 00:08:58,2024-06-25 16:08:58,Neutral,True,Slow,Breached,June,2024,2,Friday,3,54,8
1352244938,Query Concerning Decline in Website Traffic,The analytics data for the website have indicated a notable decrease in traffic last week. This could be due to recent algorithm changes or technical issues. Despite effo ... and resolving the root cause of the problem.,Incident,Low,Customer Service,Closed,145.0,2024-05-02 06:44:16,2024-05-08 07:44:16,Frustrated,True,Slow,Breached,May,2024,2,Thursday,1,219,37
1352244939,,"I am currently encountering integration problems with CyberLink PowerDirector 19, DaVinci Resolve 17, and Asana following the recent update.",Problem,Medium,Technical Support,Closed,62.0,2024-11-08 21:56:35,2024-11-11 11:56:35,Satisfied,True,Medium,Within SLA,November,2024,4,Friday,2,140,19
1352244940,Optimization of Investments Using Alteryx,"Hello Customer Support, I am interested in understanding how Alteryx can improve our data analytics for investment optimization. Could you provide detailed information on ... nce. I look forward to hearing from you soon.",Request,High,Customer Service,Closed,158.0,2025-07-30 17:06:14,2025-08-06 07:06:14,Satisfied,True,Slow,Breached,July,2025,3,Wednesday,3,220,34
1352244941,Support for Integrating BigCommerce with ClickUp,Can you offer comprehensive instructions for integrating BigCommerce with ClickUp for project management?,Request,Medium,IT Support,Closed,7.0,2025-03-05 11:14:01,2025-03-05 18:14:01,Frustrated,True,Fast,Within SLA,March,2025,1,Wednesday,2,105,13
1352244942,Request for Information on Investment Optimization Services and Data Analytics Solutions,Could you provide details on the investment optimization services and data analytics solutions you offer? Thank you.,Request,Low,Returns and Exchanges,Pending,0.0,2023-06-29 15:35:14,,Satisfied,False,Unresolved,Within SLA,June,2023,2,Thursday,1,116,17
1352244943,Enhance Investment Analysis Tools,"Customer Support, reaching out for the optimization of investment analysis tools to enhance data analytics capabilities. Aim to enable better financial decision-making by ... ible. Thank you for your time and assistance.",Change,High,Returns and Exchanges,Closed,62.0,2024-08-21 09:07:35,2024-08-23 23:07:35,Frustrated,True,Medium,Within SLA,August,2024,3,Wednesday,3,220,32
1352244944,Recent Slowdown in Marketing Activities,"Our digital marketing initiatives have plateaued. Despite refreshing content and optimizing SEO, we haven't seen substantial improvements. We need innovative strategies t ... . Please assist us in revamping our approach.",Problem,Medium,Product Support,Closed,43.0,2025-06-14 16:45:37,2025-06-16 11:45:37,Frustrated,True,Medium,Within SLA,June,2025,2,Saturday,2,220,31
1352244945,Crash of the data analytics dashboard following incompatible software updates,"The data analytics dashboard abruptly stopped functioning after receiving incompatible software updates. After restarting the systems and verifying the updates, the probl ... ures to avoid similar problems in the future.",Incident,Medium,Technical Support,Closed,157.0,2023-10-23 06:39:01,2023-10-29 19:39:01,Satisfied,True,Slow,Breached,October,2023,4,Monday,2,220,31
1352244946,Inquiry for In-Depth Platform Architecture Details,"Dear Customer Support Team,\n\nI hope this message reaches you in good health. I am writing to request comprehensive information about the system architecture. Gaining an ... of a suitable time to meet with a specialist.",Request,Low,Technical Support,Pending,0.0,2024-01-31 16:44:36,,Satisfied,False,Unresolved,Within SLA,January,2024,1,Wednesday,1,220,35
1352244947,,Facing integration challenges with the SaaS platform,Problem,Low,Sales and Pre-Sales,Closed,51.0,2023-03-10 22:50:59,2023-03-13 01:50:59,Satisfied,True,Medium,Within SLA,March,2023,1,Friday,1,52,7
1352244948,Inquiry into Data Analytics Tools for Investment Strategy Optimization,"Hello Customer Support, I am reaching out to inquire about the data analytics tools that you offer, which can help in optimizing investment strategies. Could you provide ... assistance. I look forward to your response.",Request,Low,Product Support,Resolved,117.0,2024-11-08 09:24:09,2024-11-13 06:24:09,Urgent,True,Slow,Breached,November,2024,4,Friday,1,218,35
1352244949,Timeout Incidents,The SaaS platform encounters frequent timeout errors during peak usage periods.,Problem,Medium,Product Support,Closed,45.0,2023-01-03 15:03:19,2023-01-05 12:03:19,Urgent,True,Medium,Within SLA,January,2023,1,Tuesday,2,79,11
1352244950,Integration Failure,"Dear Customer Support, I am contacting you to report a failure in multiple integrations. This issue began when I noticed that our various services were not working correc ... ward to your response. Sincerely, [Your Name]",Incident,Low,Technical Support,Closed,111.0,2025-03-18 16:02:07,2025-03-23 07:02:07,Satisfied,True,Slow,Breached,March,2025,1,Tuesday,1,220,36
1352244951,Request for Enhanced Encryption of Medical Data,It is imperative to address the need for stronger encryption methods for the storage and transmission of medical data on our products and systems. This is a crucial conce ... to improve the security of our medical data.,Change,Medium,Billing and Payments,Closed,35.0,2025-04-16 10:56:43,2025-04-17 21:56:43,Urgent,True,Medium,Within SLA,April,2025,2,Wednesday,2,219,38
1352244952,Problems with Digital Marketing Software Update,"Facing technical difficulties with digital tools, and attempts to restart and reinstall have not succeeded.",Incident,High,Technical Support,Closed,137.0,2025-12-02 23:53:25,2025-12-08 16:53:25,Satisfied,True,Slow,Breached,December,2025,4,Tuesday,3,107,15
1352244953,Found Discrepancies in Patient Billing System,"Noticed discrepancies in patient billing for several accounts, likely due to recent database migrations. Reviewed transaction logs, re-verified payment submissions to identify issues and work on a resolution.",Problem,Low,Billing and Payments,Closed,99.0,2025-11-07 18:50:34,2025-11-11 21:50:34,Frustrated,True,Slow,Breached,November,2025,4,Friday,1,208,28
1352244954,Request for Insights on Digital Strategies for Brand Growth,Seeking information on digital strategies that drive brand growth. Your details will help us better understand and improve our marketing efforts. Looking forward to learn ... ce. We look forward to hearing from you soon.,Request,Medium,Customer Service,Closed,108.0,2023-11-03 02:00:07,2023-11-07 14:00:07,Neutral,True,Slow,Breached,November,2023,4,Friday,2,220,35
1352244955,Disruptions in Design Automation Workflows Due to Figma and Zapier Inaccessibility,"On October 15, the agency faced disruptions in design automation workflows due to inaccessibility issues with Figma and Zapier. Despite restarting devices, verifying inte ... esolve this matter and restore the workflows.",Incident,High,IT Support,Closed,92.0,2024-07-19 19:09:38,2024-07-23 15:09:38,Urgent,True,Slow,Breached,July,2024,3,Friday,3,220,32
1352244956,Enquiry on Enhancing Data Analytics Tools for Investment Forecasting and Portfolio Management,I am contacting to ask about how to optimize data analytics tools for investment forecasting and portfolio management. Could you give me some guidance on the best practic ... to help me improve my investment strategies.,Change,High,Product Support,In Progress,0.0,2024-10-31 23:55:57,,Satisfied,False,Unresolved,Within SLA,October,2024,4,Thursday,3,219,36
1352244957,,"Respected customer support, our project schedules are behind schedule because tasks are disappearing from the dashboard. Despite restarting servers, reviewing database lo ... in addressing this to regain team efficiency.",Problem,High,Sales and Pre-Sales,Closed,146.0,2023-04-19 16:48:45,2023-04-25 18:48:45,Neutral,True,Slow,Breached,April,2023,2,Wednesday,3,220,30
1352244958,Protecting Medical Data in Healthcare Facilities,"Customer Support is seeking guidance on securing medical information through Mesh Network Simulink hospital systems. As you may be aware, safeguarding sensitive patient d ... s on this topic would be greatly appreciated.",Request,High,Technical Support,Resolved,118.0,2025-10-28 20:34:32,2025-11-02 18:34:32,Urgent,True,Slow,Breached,October,2025,4,Tuesday,3,220,33
1352244959,Investment Returns Discrepancy,I am contacting you to report a variance in the returns from my investments. The actual returns differ from the forecasted returns. Despite restarting the system and revi ... er guidance on how to address this situation.,Problem,Low,Customer Service,Closed,103.0,2024-05-27 22:44:58,2024-06-01 05:44:58,Neutral,True,Slow,Breached,May,2024,2,Monday,1,220,37
1352244960,Support for Software Crash During Data Analysis,Greetings from Customer Support. We are sorry to note that an unexpected software crash occurred while analyzing investment data. It might be due to insufficient system r ... a suitable time to contact you at <tel_num>.,Incident,Medium,Technical Support,Closed,44.0,2025-08-26 00:55:03,2025-08-27 20:55:03,Frustrated,True,Medium,Within SLA,August,2025,3,Tuesday,2,219,36
1352244961,Problem with Network,Facing connectivity challenges across various digital platforms impacting brand expansion plans.,Problem,High,Technical Support,Pending,0.0,2024-05-02 15:37:24,,Urgent,False,Unresolved,Within SLA,May,2024,2,Thursday,3,96,11
1352244962,Request to Update Billing for Digital Products,"Dear Customer Support, I am writing to request an update to the billing information for our digital products. Our current system, while providing accurate tracking, is ca ... gement and tracking. Thank you for your time.",Change,High,Billing and Payments,Closed,57.0,2025-10-27 12:52:39,2025-10-29 21:52:39,Neutral,True,Medium,Within SLA,October,2025,4,Monday,3,220,36
1352244963,Concern Regarding Security Breach in Hospital System,An unexpected data breach has been identified in the hospital's system. The issue may have arisen due to outdated security protocols and unpatched software vulnerabilitie ... ry access restrictions to mitigate the risks.,Incident,Medium,Technical Support,Resolved,77.0,2023-07-13 14:22:06,2023-07-16 19:22:06,Urgent,True,Slow,Breached,July,2023,3,Thursday,2,220,33
1352244964,,"Customer Support, <br>I am writing to report a potential security issue with the hospital's system. Recently, there was an unauthorized access attempt, which may be due t ... uidance to ensure the security of our system?",Incident,Low,Billing and Payments,Closed,85.0,2024-04-11 12:49:32,2024-04-15 01:49:32,Frustrated,True,Slow,Breached,April,2024,2,Thursday,1,220,36
1352244965,Problem with Integrating Ubiquiti UniFi Dream Machine SaaS,"Encountering difficulties while writing the report related to integrating Ubiquiti UniFi Dream Machine SaaS. Users are experiencing frequent connectivity issues, possibly ... her and schedule a call at a convenient time.",Problem,Medium,Product Support,Closed,141.0,2025-02-26 18:53:50,2025-03-04 15:53:50,Frustrated,True,Slow,Breached,February,2025,1,Wednesday,2,220,31
1352244966,Problem with Data Upload Failures,"Customer support has reported an issue with generating reports on the firm's investment analytics platform. The platform has failed to process recent data uploads, possib ... dures have not yet identified the root issue.",Incident,High,Returns and Exchanges,Closed,22.0,2024-04-25 10:58:04,2024-04-26 08:58:04,Neutral,True,Fast,Within SLA,April,2024,2,Thursday,3,220,34
1352244967,Reported Data Breach Incident,Underwent a data breach. Initial assessment indicates unauthorized access likely from phishing. Passwords have been reset and systems scanned.,Incident,High,Technical Support,Closed,130.0,2025-11-01 23:34:10,2025-11-07 09:34:10,Neutral,True,Slow,Breached,November,2025,4,Saturday,3,142,19
1352244968,,"Dear Customer Support, I am writing to report intermittent connectivity issues with our project management SaaS platform. These issues may have started recently, possibly ... e let us know the status as soon as possible.",Incident,High,Technical Support,Resolved,98.0,2024-09-26 09:59:28,2024-09-30 11:59:28,Frustrated,True,Slow,Breached,September,2024,3,Thursday,3,220,35
1352244969,Issue with Concurrent Integration Failures,"Following a recent update to Node.js, multiple integrations have failed at the same time. There is a suspicion of compatibility issues. We have already restarted the serv ... remains unresolved and needs further support.",Incident,High,Customer Service,Resolved,4.0,2024-05-21 16:58:48,2024-05-21 20:58:48,Urgent,True,Fast,Within SLA,May,2024,2,Tuesday,3,220,34
1352244970,Concerns Regarding SendGrid Email Delivery Service,"Noted recent inconsistencies in the SendGrid email delivery service, which has affected project notifications for users. The issue might have arisen from integration prob ... nsure that notifications to users are timely.",Problem,Low,Technical Support,Closed,167.0,2024-09-17 02:34:25,2024-09-24 01:34:25,Satisfied,True,Slow,Breached,September,2024,3,Tuesday,1,220,32
1352244971,Request for Overview of Scalable SaaS Features in Project Management,Is it possible to provide an overview of the scalable SaaS features and their benefits for project management?,Request,High,Technical Support,Closed,40.0,2025-12-19 01:48:49,2025-12-20 17:48:49,Neutral,True,Medium,Within SLA,December,2025,4,Friday,3,110,18
1352244972,Network Disruptions Impacting Medical Data Access,"Dear Customer Support, I am reporting an issue with the healthcare provider's network. We are experiencing sporadic network outages that hinder access to medical data. We ... ng our operations and affecting patient care.",Problem,Medium,Product Support,Closed,125.0,2024-04-04 06:49:29,2024-04-09 11:49:29,Frustrated,True,Slow,Breached,April,2024,2,Thursday,2,220,34
1352244973,,Employee facing connectivity problems with WhatsApp Desktop on Acer Predator XB273K Monitor.,Incident,Low,Human Resources,Closed,165.0,2025-05-11 05:59:43,2025-05-18 02:59:43,Neutral,True,Slow,Breached,May,2025,2,Sunday,1,92,12
1352244974,Support for Digital Marketing Campaign Delays,"Facing considerable delays in digital marketing campaigns, which are hindering the growth of our brand. These delays might be due to integration issues between various pl ... to help us resolve these integration issues.",Problem,High,Technical Support,Closed,40.0,2023-07-17 17:37:59,2023-07-19 09:37:59,Urgent,True,Medium,Within SLA,July,2023,3,Monday,3,219,34
1352244975,Concerns Regarding Performance of SaaS Application,"Hello Customer Support, I have been experiencing performance issues with the SaaS application used for project management tasks. The problems might be due to recent softw ... and I look forward to hearing from you soon.",Problem,Low,Technical Support,Resolved,11.0,2023-10-26 00:19:01,2023-10-26 11:19:01,Satisfied,True,Fast,Within SLA,October,2023,4,Thursday,1,219,36
1352244976,Identified Inconsistencies in Returns Data,"Encountered issues with inconsistent returns data across multiple products, impacting the accuracy of investment analysis. The problem might be due to errors in data inte ... ng this matter at the earliest possible time.",Incident,Medium,Returns and Exchanges,Resolved,166.0,2024-10-15 03:22:31,2024-10-22 01:22:31,Satisfied,True,Slow,Breached,October,2024,4,Tuesday,2,220,34
1352244977,Problems Synchronizing Multiple Products on a Daily Basis,Several software and hardware products experience intermittent failures when syncing with the SaaS platform. Attempts to resolve this by rebooting devices and clearing caches have been unsuccessful.,Incident,Medium,Technical Support,Closed,34.0,2025-10-29 22:21:57,2025-10-31 08:21:57,Urgent,True,Medium,Within SLA,October,2025,4,Wednesday,2,198,27
1352244978,Recurring Connection Problems with SaaS Application on Diverse Devices,I am reaching out to document the ongoing connectivity issues with the SaaS application across different devices. After multiple attempts to resolve the issue by resettin ... olution at your earliest convenience. Please.,Problem,High,Product Support,Closed,107.0,2024-08-11 23:33:37,2024-08-16 10:33:37,Neutral,True,Slow,Breached,August,2024,3,Sunday,3,220,33
1352244979,Support Required for GIMP,Is it possible to get advice on optimizing GIMP for data analytics scenarios? Thank you!,Request,Low,Technical Support,Closed,164.0,2025-11-18 04:14:35,2025-11-25 00:14:35,Neutral,True,Slow,Breached,November,2025,4,Tuesday,1,88,15
1352244980,Project Delay,"The user has reported sporadic delays in project task updates, potentially caused by database synchronization problems. Attempts to resolve included clearing the cache and refreshing the page.",Problem,Low,Product Support,Closed,94.0,2023-09-28 08:12:34,2023-10-02 06:12:34,Neutral,True,Slow,Breached,September,2023,3,Thursday,1,192,27
1352244981,Unanticipated Billing Discrepancy Causing Confusion in Accounts,"Received an unexpected billing discrepancy for the current month, leading to confusion with account details. This might have occurred due to a misalignment in subscriptio ... to possibly avoid any further complications.",Problem,Medium,Billing and Payments,Resolved,8.0,2025-08-14 04:03:33,2025-08-14 12:03:33,Frustrated,True,Fast,Within SLA,August,2025,3,Thursday,2,219,32
1352244982,Support Request for Enhancements in Data Analytics Tools,"Seeking to enhance data analytics tools for improved investment optimization and performance tracking across affected products, aiming for better growth results.",Change,High,Product Support,Closed,154.0,2025-06-03 01:46:54,2025-06-09 11:46:54,Satisfied,True,Slow,Breached,June,2025,2,Tuesday,3,161,21
1352244983,Unauthorized Access to Medical Data Servers,"There have been unauthorized access attempts to our medical data servers. This might have occurred due to outdated security protocols. To date, we have updated our antivi ... e. Please let us know the next steps to take.",Problem,Medium,Customer Service,Resolved,99.0,2024-04-12 12:13:28,2024-04-16 15:13:28,Satisfied,True,Slow,Breached,April,2024,2,Friday,2,220,38
1352244984,Innovative Digital Strategies For Electronics,"Hello Customer Support, I am contacting you to seek advice on the best digital strategies that can enhance brand growth for electronics companies. With the digital age's ... r. Thank you for your consideration and help.",Request,Medium,Customer Service,In Progress,0.0,2024-09-22 19:34:46,,Frustrated,False,Unresolved,Within SLA,September,2024,3,Sunday,2,219,36
1352244985,Enhancing Security of Medical Data with Symantec,Enquiring about securing medical data in a healthcare setting using Symantec Endpoint Protection. Could you provide details on best practices and configurations to ensure ... ooking forward to your assistance. Thank you.,Request,Medium,Billing and Payments,Resolved,4.0,2025-05-01 04:34:47,2025-05-01 08:34:47,Satisfied,True,Fast,Within SLA,May,2025,2,Thursday,2,220,32
1352244986,Smart Home Support,inquiring about digital marketing strategies to employ for promoting smart home devices. Would appreciate detailed information on methods to use for reaching potential cu ... ng forward to your assistance on this matter.,Request,High,Technical Support,Resolved,34.0,2023-01-01 15:08:04,2023-01-03 01:08:04,Urgent,True,Medium,Within SLA,January,2023,1,Sunday,3,220,33
1352244987,Concerns About Service Outages,"There were sporadic service outages impacting several applications, which might be related to recent updates or server overload. We have restarted the affected services and are keeping an eye on the server load.",Incident,Low,Service Outages and Maintenance,Closed,140.0,2024-04-17 01:16:45,2024-04-22 21:16:45,Neutral,True,Slow,Breached,April,2024,2,Wednesday,1,211,33
1352244988,Issue Reported,To the support team. Regarding '**Issue Detail:** * Observed: Medical data encryption failed unexpectedly during the night. * Suspected: Might be a result of a software u ... and verified configuration settings so far.',Problem,High,Technical Support,Closed,40.0,2024-03-21 16:55:07,2024-03-23 08:55:07,Frustrated,True,Medium,Within SLA,March,2024,1,Thursday,3,219,34
1352244989,Support Inquiry: Investment Tool Problem,The investment optimization tool is offering inaccurate forecasts following the recent data integration modifications.,Problem,Low,IT Support,Closed,8.0,2023-11-23 12:10:42,2023-11-23 20:10:42,Neutral,True,Fast,Within SLA,November,2023,4,Thursday,1,118,14
1352244990,Integration Challenges with Marketing Agency Platform,"Customer Support, drafting a report on integration challenges with the marketing agency platform. The client is facing data synchronization failures across various produc ... s requesting assistance to resolve the issue.",Incident,Medium,Technical Support,Resolved,59.0,2024-10-29 19:23:30,2024-11-01 06:23:30,Frustrated,True,Medium,Within SLA,October,2024,4,Tuesday,2,220,31
1352244991,Support Required for Adobe Photoshop CC 2021,Looking for detailed strategies to leverage Adobe Photoshop CC 2021 in digital marketing campaigns? Need tips on editing and creating engaging visuals.,Request,High,Technical Support,Closed,129.0,2025-06-19 23:23:59,2025-06-25 08:23:59,Frustrated,True,Slow,Breached,June,2025,2,Thursday,3,151,22
1352244992,,"Customer Support, exploring methods to enhance brand growth through digital channels. Could you furnish specific details on effective digital strategies to boost brand gr ... stance. I look forward to your response soon.",Request,Medium,IT Support,Closed,4.0,2025-07-31 09:58:57,2025-07-31 13:58:57,Frustrated,True,Fast,Within SLA,July,2025,3,Thursday,2,220,33
1352244993,Support for Ensuring Medical Data Security in Microsoft Dynamics 365,"Dear Customer Support, I am inquiring about securing medical data within the Microsoft Dynamics 365 environment. It is crucial to ensure that sensitive medical informatio ... this matter. I look forward to your response.",Request,High,Product Support,In Progress,0.0,2025-10-14 01:11:41,,Frustrated,False,Unresolved,Within SLA,October,2025,4,Tuesday,3,220,34
1352244994,Support for Data Breach Event,Underwent a data breach that compromised medical records due to weak access controls.,Problem,High,Technical Support,Closed,108.0,2024-05-15 14:19:19,2024-05-20 02:19:19,Frustrated,True,Slow,Breached,May,2024,2,Wednesday,3,85,13
1352244995,Multiple Equipment Malfunctions Reported,"Dear Customer Support Team,\n\nI am submitting a report regarding a severe problem impacting several vital devices used in clinical procedures. Over the past few hours, n ... ht be connected to recent changes or updates.",Incident,High,Technical Support,Closed,115.0,2024-12-23 08:00:58,2024-12-28 03:00:58,Satisfied,True,Slow,Breached,December,2024,4,Monday,3,220,35
1352244996,Alert Regarding Data Breach,"A medical data breach happened due to inadequate encryption and outdated Apache Hadoop. Patient records were accessed without authorization. Despite updating MongoDB and restarting Cassandra, the problem continues.",Problem,High,Technical Support,Closed,115.0,2024-11-17 06:58:35,2024-11-22 01:58:35,Frustrated,True,Slow,Breached,November,2024,4,Sunday,3,214,28
1352244997,Technical Issue with Data Analytics Dashboard,"The data analytics dashboard encountered a problem and froze while performing investment optimization, which might be related to an outdated GIMP plugin. I have already r ... obe Premiere Pro, but the issue still exists.",Incident,High,Technical Support,Closed,148.0,2024-11-17 20:54:43,2024-11-24 00:54:43,Frustrated,True,Slow,Breached,November,2024,4,Sunday,3,220,35
1352244998,Frequent Crashes in Data Analytics System,"The data analytics system has been experiencing crashes, which might be due to software incompatibilities or resource overload. Despite rebooting the systems and updating ... provide us with the information you require.",Incident,High,Product Support,Closed,114.0,2025-11-15 13:12:32,2025-11-20 07:12:32,Satisfied,True,Slow,Breached,November,2025,4,Saturday,3,219,32
1352244999,Report of Security Breach,"A healthcare organization detected unauthorized access attempts on its hospital network systems, potentially due to outdated security patches on Debian 10. Initial firewa ... keep you informed as new information emerges.",Incident,Low,Technical Support,Closed,145.0,2023-11-28 23:21:56,2023-12-05 00:21:56,Neutral,True,Slow,Breached,November,2023,4,Tuesday,1,220,31
1352245000,Concerns with Digital Tools Integration,"Our marketing agency is facing difficulties with integrating various digital tools, which is impacting the efficiency of our campaigns. The issues might be due to softwar ... eamlessly to enhance our campaign efficiency.",Incident,High,Technical Support,Closed,74.0,2025-03-05 01:56:52,2025-03-08 03:56:52,Frustrated,True,Slow,Breached,March,2025,1,Wednesday,3,220,33
1352245001,Assistance Needed for Data Breach Event,"A healthcare organization encountered a possible data breach impacting several systems, possibly due to outdated security measures. Despite manual security efforts, the i ... to this urgent matter is highly appreciated.",Incident,High,IT Support,Closed,95.0,2025-01-05 01:39:34,2025-01-09 00:39:34,Satisfied,True,Slow,Breached,January,2025,1,Sunday,3,219,31
1352245002,Request for Support on Zoom Connection Issues,"Customer support, I am writing to report the problem with my recent Zoom call. This was a data analysis meeting where the call was frequently dropped, which disrupted our ... l steps I should take to resolve the problem.",Incident,Medium,Technical Support,Closed,51.0,2023-09-21 14:33:13,2023-09-23 17:33:13,Frustrated,True,Medium,Within SLA,September,2023,3,Thursday,2,220,39
1352245003,Assistance Required for Marketing Campaign Enhancement,"The digital campaigns managed by the marketing agency have recently underperformed, potentially due to outdated tactics. Initial modifications resulted in limited progres ... d support to get the campaigns back on track.",Problem,Medium,Customer Service,Closed,123.0,2025-10-20 11:44:10,2025-10-25 14:44:10,Satisfied,True,Slow,Breached,October,2025,4,Monday,2,220,32
1352245004,,Seeking information on data analytics tools and techniques to enhance investment strategies for financial organizations. Could you supply comprehensive details about the ... of how these solutions can benefit our firm.,Request,High,Customer Service,Closed,53.0,2023-05-12 17:24:24,2023-05-14 22:24:24,Urgent,True,Medium,Within SLA,May,2023,2,Friday,3,218,31
1352245005,Assistance for Enhancing Brand Growth,Would it be possible to provide more information on the digital strategies and services available for brand growth? Thank you.,Request,High,Product Support,Resolved,110.0,2024-03-16 20:19:26,2024-03-21 10:19:26,Neutral,True,Slow,Breached,March,2024,1,Saturday,3,126,20
1352245006,Problem with Investment Analytics Platform,"The investment analytics platform has unexpectedly become sluggish, potentially due to problems with MongoDB 4.4 Azure integration. Attempts to resolve this by restarting ... ving this issue would be greatly appreciated.",Problem,High,Customer Service,Closed,123.0,2025-03-11 17:26:37,2025-03-16 20:26:37,Satisfied,True,Slow,Breached,March,2025,1,Tuesday,3,220,31
1352245007,Issue with Billing Discrepancies,"Dear Customer Support,\n\nI am reaching out to highlight a billing inconsistency observed with recent software and hardware purchases. After carefully reviewing the invoi ... these inconsistencies still persist.\n\nCould",Problem,Medium,Billing and Payments,Closed,138.0,2025-10-28 06:15:53,2025-11-03 00:15:53,Neutral,True,Slow,Breached,October,2025,4,Tuesday,2,220,28
1352245008,Reported Performance Problems in SaaS,"Customer Support, submitting a report regarding performance issues in SaaS. Experiencing sporadic performance slowdowns, which are suspected to be caused by conflicts amo ... know if you need any additional information.",Incident,Low,Technical Support,Resolved,131.0,2025-09-10 05:44:43,2025-09-15 16:44:43,Neutral,True,Slow,Breached,September,2025,3,Wednesday,1,219,31
1352245009,Strategies for Digital Brand Growth with Multiple Software Products,"Dear Customer Support, <br><br>Could you provide insights into digital strategies that enhance brand growth when a business offers several software solutions? In the mode ... e soon. <br><br>Best regards, <br>[Your Name]",Request,Medium,Returns and Exchanges,Closed,83.0,2025-08-19 23:42:58,2025-08-23 10:42:58,Satisfied,True,Slow,Breached,August,2025,3,Tuesday,2,220,31
1352245010,,Customer support inquiry: A financial organization encountered errors during investment optimization data analysis. The problem may be related to software conflicts invol ... f any additional steps or information needed.,Problem,High,Product Support,In Progress,0.0,2024-06-04 16:43:26,,Frustrated,False,Unresolved,Within SLA,June,2024,2,Tuesday,3,220,30
1352245011,Assistance with Data Analytics Integration,"Hello, I would like to seek guidance on optimizing the integration of data analytics with the various software and hardware we use, in an effort to enhance our investment ... eration in improving our investment analysis.",Change,Low,Customer Service,In Progress,0.0,2023-05-26 01:43:37,,Satisfied,False,Unresolved,Within SLA,May,2023,2,Friday,1,220,36
1352245012,Concern Regarding Service Outage and Its Impact on Digital Marketing,"Customer Support, <br><br>I am reporting an issue with a service outage that has affected our digital marketing strategies, leading to a decline in the performance of our ... te the resolution process. <br><br>Thank you.",Incident,High,Service Outages and Maintenance,Closed,95.0,2023-12-31 20:32:09,2024-01-04 19:32:09,Frustrated,True,Slow,Breached,December,2023,4,Sunday,3,220,34
1352245013,,"Digital applications such as Slack, Magento, and Sony Vegas Pro 18 are crashing often, interrupting campaign processes. Recent updates to the software might be leading to ... been tried, but the issues remain unresolved.",Problem,High,Technical Support,Closed,108.0,2025-11-11 03:38:26,2025-11-15 15:38:26,Neutral,True,Slow,Breached,November,2025,4,Tuesday,3,220,34
1352245014,,"Customer Support, reporting an issue with report synchronization in the project management SaaS. Experiencing sporadic sync failures, which may be caused by server overlo ... e advise on additional troubleshooting steps.",Problem,Low,Product Support,In Progress,0.0,2024-04-27 05:16:35,,Satisfied,False,Unresolved,Within SLA,April,2024,2,Saturday,1,220,31
1352245015,,have encountered delays in data processing during the weekly analytics run. this might be due to an increase in data volume or server performance issues.,Incident,Medium,Technical Support,Closed,128.0,2023-12-15 23:12:39,2023-12-21 07:12:39,Frustrated,True,Slow,Breached,December,2023,4,Friday,2,153,25
1352245016,Improve Investment Strategies with Advanced Data Analytics Tools,"Greetings, Customer Support. We are inquiring about the implementation of data analytics tools to enhance investment strategies and optimize portfolio performance across ... from you soon. Thank you for your assistance.",Change,Medium,IT Support,Closed,41.0,2023-11-06 08:06:07,2023-11-08 01:06:07,Frustrated,True,Medium,Within SLA,November,2023,4,Monday,2,219,31
1352245017,,Would you be able to share information on digital strategies that boost brand growth? Thank you.,Request,Medium,Billing and Payments,Closed,76.0,2023-08-17 21:45:14,2023-08-21 01:45:14,Urgent,True,Slow,Breached,August,2023,3,Thursday,2,96,16
1352245018,Problem with Metrics Tracking,The metrics for the digital campaign are not being tracked accurately. This could be due to an incorrect setup of the API integration. I have already checked the API cred ... steps to troubleshoot or resolve this issue?,Incident,Medium,Customer Service,Closed,80.0,2023-02-07 22:38:40,2023-02-11 06:38:40,Frustrated,True,Slow,Breached,February,2023,1,Tuesday,2,219,38
1352245019,Customer Support Enquiry on Brand Growth Strategies,"Customer Support, we are looking to inquire about the digital strategies and services you offer for brand growth. Could you provide information on the methods and techniq ... o hearing from you soon. Regards, [Your Name]",Request,Low,Returns and Exchanges,Closed,142.0,2023-03-13 18:58:20,2023-03-19 16:58:20,Satisfied,True,Slow,Breached,March,2023,1,Monday,1,220,36
1352245020,Discrepancies Observed in Investment Performance Indicators,"Dear Support Team, recently, our data analytics reports have highlighted inconsistencies in investment performance indicators. These discrepancies might be due to outdate ... ving this issue at your earliest convenience.",Problem,Low,IT Support,Resolved,128.0,2024-01-16 08:23:29,2024-01-21 16:23:29,Urgent,True,Slow,Breached,January,2024,1,Tuesday,1,220,30
1352245021,Marketing Project Inquiry,Is it possible to get detailed information on optimizing ClickUp for marketing projects? Thank you!,Request,Medium,IT Support,Closed,107.0,2025-01-08 02:22:00,2025-01-12 13:22:00,Urgent,True,Slow,Breached,January,2025,1,Wednesday,2,99,15
1352245022,Performance Concerns in SaaS Application,"Customer Support team, reporting an issue with the SaaS application's recent update affecting performance. The application appears to be significantly slowed down, possib ... tly. Could you please investigate the matter?",Incident,High,Product Support,Resolved,162.0,2025-08-07 13:56:43,2025-08-14 07:56:43,Frustrated,True,Slow,Breached,August,2025,3,Thursday,3,220,31
1352245023,Request for DataRobot HubSpot CRM Integration Details,Could you provide information on integrating DataRobot with HubSpot CRM for project management? Thank you.,Request,Medium,Returns and Exchanges,Closed,76.0,2023-04-24 03:13:59,2023-04-27 07:13:59,Satisfied,True,Slow,Breached,April,2023,2,Monday,2,106,15
1352245024,Unanticipated Crash of Investment Data Analytics Dashboard,The investment data analytics dashboard has unexpectedly crashed. It could be due to a recent Oracle Database update that might not be compatible. We have tried restartin ... sue to prevent further service interruptions.,Incident,High,Technical Support,Resolved,118.0,2024-12-08 11:08:43,2024-12-13 09:08:43,Neutral,True,Slow,Breached,December,2024,4,Sunday,3,220,34
1352245025,,Would you be able to offer insights on digital strategies that could enhance brand growth? Thank you!,Request,High,Technical Support,Closed,141.0,2024-10-05 19:28:50,2024-10-11 16:28:50,Urgent,True,Slow,Breached,October,2024,4,Saturday,3,101,17
1352245026,,"Dear Customer Support, I am contacting you to request an enhancement in our digital marketing strategies to boost our brand visibility and engagement, particularly for ou ... to reach a wider audience and increase sales.",Change,Medium,Sales and Pre-Sales,Closed,144.0,2025-09-05 07:21:18,2025-09-11 07:21:18,Neutral,True,Slow,Breached,September,2025,3,Friday,2,220,35
1352245027,Problem Report for SaaS Platform,"The SaaS platform encountered outages, potentially caused by server overload or software glitches. Additional server capacity was added and patches were implemented.",Problem,Medium,Returns and Exchanges,Closed,138.0,2025-06-13 06:34:00,2025-06-19 00:34:00,Satisfied,True,Slow,Breached,June,2025,2,Friday,2,165,22
1352245028,,"Customer Support, please investigate a potential security breach in the hospital's systems. An unauthorized access attempt has been detected, which may have compromised m ... vent potential breaches and protect the data.",Incident,High,Product Support,Closed,137.0,2023-10-30 01:04:15,2023-11-04 18:04:15,Urgent,True,Slow,Breached,October,2023,4,Monday,3,220,32
1352245029,Guide for Integrating Adobe CC SaaS,I need assistance with integrating the Adobe Illustrator CC 2021 SaaS platform. Can you provide detailed steps for the integration process?,Request,High,Technical Support,Closed,105.0,2025-12-17 17:58:05,2025-12-22 02:58:05,Urgent,True,Slow,Breached,December,2025,4,Wednesday,3,139,21
1352245030,Sales Collateral Update Request,I would like to request that the sales collateral be updated with the details of the new project management feature. This will help our sales team provide the latest information to our customers.,Change,Medium,Sales and Pre-Sales,Resolved,158.0,2024-08-19 11:45:17,2024-08-26 01:45:17,Frustrated,True,Slow,Breached,August,2024,3,Monday,2,195,33
1352245031,Concern Regarding Digital Campaign Effectiveness,Digital campaigns did not perform as expected owing to inadequate data analysis and ineffective targeting strategies. We have revised the ad targeting and boosted the budget allocation.,Incident,Medium,Customer Service,Closed,109.0,2025-02-06 23:43:00,2025-02-11 12:43:00,Urgent,True,Slow,Breached,February,2025,1,Thursday,2,185,27
1352245032,Adobe Illustrator,I am seeking advice on leveraging Adobe Illustrator CC 2021 for brand growth strategies. Could you provide insights on how to effectively utilize the software to enhance ... visual identity and create engaging content?,Request,High,Sales and Pre-Sales,Closed,112.0,2024-09-12 20:08:19,2024-09-17 12:08:19,Frustrated,True,Slow,Breached,September,2024,3,Thursday,3,218,34
1352245033,Concerns Regarding QuickBooks Online Integration Mismatches,"Dear Support Team, recently, discrepancies have emerged in the QuickBooks Online integration, which might be due to a syncing error post-update. I have attempted to manua ... ow if you require any additional information.",Problem,High,Billing and Payments,Closed,125.0,2024-01-15 00:23:57,2024-01-20 05:23:57,Frustrated,True,Slow,Breached,January,2024,1,Monday,3,220,34
1352245034,,"An issue with encrypting medical data has been reported. This could be a result of an older version of Symantec Endpoint Protection. We have restarted the servers, updated Figma, and reviewed the logs for Cassandra 4.0.",Problem,Medium,Billing and Payments,Closed,137.0,2023-08-18 05:51:30,2023-08-23 22:51:30,Frustrated,True,Slow,Breached,August,2023,3,Friday,2,219,36
1352245035,Performance Challenges in Data Analytics,"We are currently facing performance issues with our data analytics, which are hindering the optimization of our investment processes. The slowdown could be due to system ... if we need to provide additional information.",Incident,High,Technical Support,In Progress,0.0,2025-10-16 03:36:55,,Satisfied,False,Unresolved,Within SLA,October,2025,4,Thursday,3,219,34
1352245036,Problem with Microsoft Teams Firebase Connection,"The marketing team is facing connectivity problems with Microsoft Teams Firebase, which is impeding our collaboration. This issue might have arisen due to recent software ... take and the information you require from us.",Incident,Medium,IT Support,Resolved,1.0,2025-12-04 04:25:18,2025-12-04 05:25:18,Neutral,True,Fast,Within SLA,December,2025,4,Thursday,2,220,34
1352245037,Enhancing Security of Medical Data in PostgreSQL 13,Inquiring about support for securing medical data within PostgreSQL 13 to comply with healthcare standards. Medical data is highly sensitive and requires specific measure ... s to meet healthcare compliance requirements?,Request,High,Technical Support,In Progress,0.0,2023-01-09 14:43:32,,Neutral,False,Unresolved,Within SLA,January,2023,1,Monday,3,220,31
1352245038,Recurring Crash Issues,"PowerPoint keeps crashing frequently during presentations. This might be caused by software conflicts or outdated drivers. Despite restarting, updating, and temporarily disabling antivirus, the problem still occurs.",Problem,Medium,IT Support,Resolved,152.0,2023-06-15 13:51:44,2023-06-21 21:51:44,Frustrated,True,Slow,Breached,June,2023,2,Thursday,2,215,27
1352245039,,"request update for software compatibility, optimization tools, enhance digital strategy execution, and brand growth. this will enable us to better serve customers and improve overall performance.",Change,Medium,IT Support,Resolved,110.0,2024-10-22 10:35:56,2024-10-27 00:35:56,Neutral,True,Slow,Breached,October,2024,4,Tuesday,2,195,26
1352245040,Urgent Attention Required for Enhanced Encryption of Medical Data,I am contacting you to highlight the necessity of improved encryption measures for the storage and transmission of medical data on the relevant products and systems. This ... . I am looking forward to your response soon.,Change,Medium,Billing and Payments,In Progress,0.0,2023-12-06 22:59:20,,Satisfied,False,Unresolved,Within SLA,December,2023,4,Wednesday,2,220,37
1352245041,Support Inquiry on Data Analytics for Investment Optimization,"Hello, we are seeking support with understanding how data analytics can be utilized to optimize investments for better outcomes. Could you provide some insights or guidan ... pertise. Your support is greatly appreciated.",Request,Medium,Customer Service,Closed,51.0,2023-10-01 05:31:50,2023-10-03 08:31:50,Urgent,True,Medium,Within SLA,October,2023,4,Sunday,2,220,33
1352245042,,"Customer Support, We have noticed a substantial decline in engagement metrics for our digital campaigns. This might be due to recent app updates that have affected perfor ... e issue and improve our campaign performance.",Incident,Medium,Product Support,Closed,4.0,2025-12-17 01:28:17,2025-12-17 05:28:17,Satisfied,True,Fast,Within SLA,December,2025,4,Wednesday,2,220,35
1352245043,Support Required for Major Service Outage,Facing significant service outage impacting access to healthcare data. The issue might stem from a network configuration error or a security breach. Have already attempte ... rt the services and checked the connectivity.,Incident,High,Service Outages and Maintenance,Closed,123.0,2025-03-15 14:51:52,2025-03-20 17:51:52,Satisfied,True,Slow,Breached,March,2025,1,Saturday,3,220,33
1352245044,Request for Digital Brand Growth Strategies,"Customer Support, looking to inquire about digital strategies for brand growth. Could you provide details on the approaches to digital marketing services that are availab ... aring back soon. Help is greatly appreciated.",Request,High,Technical Support,Closed,69.0,2024-12-22 15:40:30,2024-12-25 12:40:30,Frustrated,True,Medium,Within SLA,December,2024,4,Sunday,3,220,33
1352245045,Technical Problem with Project Dashboard,Customers are facing occasional delays when loading the project dashboard. This might be caused by the increased server load during peak usage times. A user has already a ... lear the cache and optimize database queries.,Incident,Medium,Product Support,Resolved,51.0,2023-03-20 00:16:37,2023-03-22 03:16:37,Frustrated,True,Medium,Within SLA,March,2023,1,Monday,2,220,36
1352245046,Issues with Underperforming Marketing Campaigns Affecting Growth,"Marketing campaigns are underperforming, which is affecting growth. Ineffective strategies and tool issues might be contributing factors. We have analyzed the data and ad ... targeting, but there has been no improvement.",Incident,Medium,Product Support,Closed,115.0,2025-05-15 21:35:39,2025-05-20 16:35:39,Satisfied,True,Slow,Breached,May,2025,2,Thursday,2,220,32
1352245047,Security Measures for Medical Data on Handheld Scanners,"I am contacting you to learn about the best security procedures for storing and transmitting medical data via our Handheld Scanners, which are crucial for protecting pati ... you can provide would be greatly appreciated.",Request,Low,Human Resources,In Progress,0.0,2024-01-23 02:47:06,,Neutral,False,Unresolved,Within SLA,January,2024,1,Tuesday,1,220,35
1352245048,Security Notification: Potential Medical Data Breach,"Dear Customer Support, we are notifying you that the healthcare provider's secure medical data system at the hospital has detected a possible breach attempt. An investiga ... ilable. In the meantime, please rest assured.",Incident,Low,Technical Support,Pending,0.0,2023-07-08 12:34:35,,Urgent,False,Unresolved,Within SLA,July,2023,3,Saturday,1,220,34
1352245049,Scikit Learn Assistance Required,I am seeking customer support for integrating Scikit-learn with my SAP ERP system to perform investment analysis. Could you provide guidance on how to accomplish this tas ... assistance. I look forward to your response.,Request,Low,Customer Service,Resolved,79.0,2024-12-10 02:07:49,2024-12-13 09:07:49,Neutral,True,Slow,Breached,December,2024,4,Tuesday,1,219,35
1352245050,Trouble with Asana Task Synchronization,"I am encountering difficulties while trying to synchronize my Asana tasks, which may stem from an API conflict. Despite attempting to restart the integration, the problem ... the API conflict? Thank you for your support.",Problem,Medium,Product Support,Closed,105.0,2023-07-27 03:14:31,2023-07-31 12:14:31,Urgent,True,Slow,Breached,July,2023,3,Thursday,2,220,35
1352245051,Problem With Several Devices,Various tools and devices are not functioning properly. They might be due to a system overload or compatibility problems. You have restarted the devices and ensured they have the latest updates.,Incident,Medium,Technical Support,In Progress,0.0,2024-12-22 19:09:19,,Frustrated,False,Unresolved,Within SLA,December,2024,4,Sunday,2,194,31
1352245052,,"Customer support, recent data batch investment analysis encountered issues during the processing stage. The interruption on the analytics dashboard might be due to a serv ... nd prevent similar occurrences in the future.",Incident,Medium,Technical Support,Resolved,51.0,2025-11-03 01:06:06,2025-11-05 04:06:06,Frustrated,True,Medium,Within SLA,November,2025,4,Monday,2,220,33
1352245053,Problem with Application Crash,Facing issues with application crashing,Incident,High,Technical Support,Closed,147.0,2025-04-05 02:01:54,2025-04-11 05:01:54,Neutral,True,Slow,Breached,April,2025,2,Saturday,3,39,5
1352245054,Challenges in Marketing Strategies,"We have faced considerable challenges with our digital marketing strategies, leading to a halt in brand growth. This may be due to the ineffective use of software tools l ... the problem and explore potential solutions.",Problem,High,Product Support,In Progress,0.0,2025-05-18 06:14:42,,Frustrated,False,Unresolved,Within SLA,May,2025,2,Sunday,3,219,36
1352245055,Inquiry About SaaS Project Management Tools,"I am interested in learning about the features and pricing plans of your SaaS project management tools. Could you provide details on the features, pricing plans, and any ... formation in a follow-up email or phone call.",Request,Low,Returns and Exchanges,Closed,110.0,2025-07-14 00:04:17,2025-07-18 14:04:17,Urgent,True,Slow,Breached,July,2025,3,Monday,1,219,37
1352245056,Concern Regarding Dashboard Performance,"Dear Customer Support, Recently, users have encountered substantial delays while accessing the project management dashboard. This may be due to an increase in user load i ... any additional information you need from us.",Problem,High,Technical Support,Resolved,55.0,2024-05-07 21:43:30,2024-05-10 04:43:30,Satisfied,True,Medium,Within SLA,May,2024,2,Tuesday,3,219,34
1352245057,Revise Billing System,"Customer support team, requesting an update to the billing system to include support for multiple payment options. The current system is outdated and requires security im ... tance. We look forward to your response soon.",Change,High,Billing and Payments,Closed,94.0,2024-11-18 12:19:59,2024-11-22 10:19:59,Urgent,True,Slow,Breached,November,2024,4,Monday,3,220,35
1352245058,Billing Details,"Can you provide information on the different billing options, payment plans, and project management for SaaS? Your assistance is greatly appreciated. Please let me know a ... via call at <tel_num> or email at <acc_num>.",Request,Medium,Billing and Payments,Closed,150.0,2025-08-09 17:20:02,2025-08-15 23:20:02,Frustrated,True,Slow,Breached,August,2025,3,Saturday,2,219,35
1352245059,Project Management SaaS Encounters Occasional Performance Lags,"Servers were rebooted, software was upgraded, and network hardware was inspected; however, the problem continues, potentially due to CPU overheating.",Incident,Low,Customer Service,Resolved,38.0,2025-02-23 03:29:38,2025-02-24 17:29:38,Satisfied,True,Medium,Within SLA,February,2025,1,Sunday,1,149,20
1352245060,Enhanced Analytics Features,Inquiring about support for incorporating advanced analytics features into the project. This would significantly boost our capability to track and analyze project perform ... forward to further discussion. Best regards.,Change,High,Technical Support,Closed,13.0,2024-10-24 22:02:54,2024-10-25 11:02:54,Satisfied,True,Fast,Within SLA,October,2024,4,Thursday,3,219,30
1352245061,Problems with Data Consistency in Financial Analysis Tools,"A financial company is encountering data inconsistency issues while analyzing investment trends, which may be linked to integration errors in the software. Despite attemp ... checking for updates, discrepancies persist.",Problem,Medium,Customer Service,Closed,40.0,2025-05-01 02:08:48,2025-05-02 18:08:48,Frustrated,True,Medium,Within SLA,May,2025,2,Thursday,2,219,30
1352245062,Enhancing Security for Medical Data with Norton 360 Solutions,I require assistance in securing medical data using Norton 360 healthcare systems. Could you provide details on the best practices and features to ensure compliance and protection?,Request,Medium,Technical Support,Closed,133.0,2024-11-23 16:51:51,2024-11-29 05:51:51,Neutral,True,Slow,Breached,November,2024,4,Saturday,2,180,27
1352245063,Support Needed for Data Analytics Tools,Request for an update on data analytics tools used for optimizing investment strategies. Current tools are outdated and lack integration with the current product suite. I ... ted soon would be greatly appreciated. Please,Change,Low,Product Support,Resolved,117.0,2023-09-05 05:50:12,2023-09-10 02:50:12,Neutral,True,Slow,Breached,September,2023,3,Tuesday,1,220,34
1352245064,Concerns Regarding Data Security in Hospital System,"Our hospital's system is facing data security challenges, possibly linked to a recent Malwarebytes update. Despite conducting comprehensive scans and updating security me ... safety of our system and patient information.",Problem,Medium,Technical Support,Closed,47.0,2025-01-07 09:08:44,2025-01-09 08:08:44,Neutral,True,Medium,Within SLA,January,2025,1,Tuesday,2,220,31
1352245065,Assistance with Data Analytics Platform,"A financial organization faced delays in data processing on their analytics platform, which affected investment decision-making. The problem might be related to conflicts ... d updating Malwarebytes, the issue continued.",Incident,High,Technical Support,Closed,45.0,2024-11-30 03:49:00,2024-12-02 00:49:00,Frustrated,True,Medium,Within SLA,November,2024,4,Saturday,3,220,30
1352245066,Investment Analysis Dashboard Problem,"Please find below a brief description of the issue: The investment analysis dashboard has not loaded, which may be related to a data analytics tool integration problem. A ... ful for your help in addressing this problem.",Incident,Medium,Returns and Exchanges,Pending,0.0,2024-02-07 15:21:40,,Satisfied,False,Unresolved,Within SLA,February,2024,1,Wednesday,2,220,37
1352245067,Investment Forecasting Problem,The investment optimization model is generating inaccurate forecasts due to recent data integration issues.,Incident,Medium,Product Support,Closed,120.0,2024-01-20 01:45:55,2024-01-25 01:45:55,Frustrated,True,Slow,Breached,January,2024,1,Saturday,2,107,14
1352245068,Boost Brand Expansion Strategies,Seeking to understand digital strategies that can enhance brand expansion. Would greatly appreciate detailed information on types of strategies that have been successful ... much appreciated. Thanks for your assistance.,Request,Medium,Billing and Payments,Resolved,144.0,2025-09-17 13:44:29,2025-09-23 13:44:29,Urgent,True,Slow,Breached,September,2025,3,Wednesday,2,219,30
1352245069,Problems After Recent Software Updates,Recently encountered technical glitches across various devices. Potential issues arose due to the latest updates.,Problem,High,IT Support,Resolved,129.0,2024-03-06 18:54:59,2024-03-12 03:54:59,Satisfied,True,Slow,Breached,March,2024,1,Wednesday,3,113,15
1352245070,Problem with Digital Campaign Measurement,The metrics for the digital campaign are not functioning accurately. There could be an issue with the integration between the system and QuickBooks Online. I have already ... he API connectivity and data synchronization.,Incident,Low,Sales and Pre-Sales,Closed,157.0,2025-03-20 19:27:56,2025-03-27 08:27:56,Satisfied,True,Slow,Breached,March,2025,1,Thursday,1,220,34
1352245071,,"Dear Customer Support, I am contacting you to request an enhancement in our digital marketing strategies to boost our brand visibility and engagement, particularly for ou ... to reach a wider audience and increase sales.",Change,Medium,Sales and Pre-Sales,Closed,40.0,2025-01-22 19:05:10,2025-01-24 11:05:10,Frustrated,True,Medium,Within SLA,January,2025,1,Wednesday,2,220,35
1352245072,Data Analytics Tools,Can you supply information on data analytics tools?,Request,Medium,Technical Support,Closed,137.0,2025-08-31 14:52:31,2025-09-06 07:52:31,Urgent,True,Slow,Breached,August,2025,3,Sunday,2,51,8
1352245073,Urgent Review Required for Inaccurate Investment Predictions,"Hello Customer Support, I am contacting you because the investment predictions we received are not accurate, which concerns me. I suspect this might be due to outdated mo ... s feature. Thank you for your help with this.",Problem,Medium,IT Support,Closed,114.0,2024-01-07 15:43:56,2024-01-12 09:43:56,Neutral,True,Slow,Breached,January,2024,1,Sunday,2,220,38
1352245074,Security Measures for Medical Data Protection in Steinberg Cubase 11,"Hello, I would like to know the suggested security procedures for ensuring that medical data remains confidential while being managed in Steinberg Cubase 11. Would you be ... ing sensitive information within the program?",Request,Medium,Billing and Payments,In Progress,0.0,2024-03-02 13:44:05,,Neutral,False,Unresolved,Within SLA,March,2024,1,Saturday,2,220,34
1352245075,Challenge with Integration Compatibility,"Dear Customer Support,\n\nWe recently encountered integration issues with our project management SaaS, particularly with products like Jenkins and Elasticsearch. These is ... mpt assistance.\n\nBest regards,\n[Your Name]",Problem,Medium,Product Support,Closed,156.0,2024-11-14 07:38:20,2024-11-20 19:38:20,Satisfied,True,Slow,Breached,November,2024,4,Thursday,2,220,26
1352245076,Report on Unplanned Downtime,There was an unexpected period without service which might be related to excessive demand on PostgreSQL. Restarting the Django server did not solve the problem. Additional examination is needed.,Incident,High,Technical Support,In Progress,0.0,2023-05-01 08:47:19,,Neutral,False,Unresolved,Within SLA,May,2023,2,Monday,3,194,29
1352245077,Improve Financial Data Analysis Tools,"Requesting enhancements to data analytics tools to improve investment optimization, performance tracking, and financial operations for better decision-making.",Change,Medium,Returns and Exchanges,Closed,156.0,2024-03-19 20:43:03,2024-03-26 08:43:03,Satisfied,True,Slow,Breached,March,2024,1,Tuesday,2,158,18
1352245078,Support Query for Adobe Sign Issue,A marketing agency is facing difficulties with Adobe Sign's client signature processing. It might be due to recent software updates that are conflicting with their existi ... f there is any additional information needed.,Incident,Medium,Product Support,Closed,47.0,2023-12-31 06:33:15,2024-01-02 05:33:15,Neutral,True,Medium,Within SLA,December,2023,4,Sunday,2,220,34
1352245079,Enhancement of Investment Strategies via Data Analytics,Seeking assistance in evaluating and optimizing investment strategies through the use of data analytics tools. We aim to identify areas for improvement across various pro ... ake data-driven decisions to enhance revenue.,Change,Medium,Customer Service,Closed,67.0,2024-02-27 02:16:24,2024-02-29 21:16:24,Urgent,True,Medium,Within SLA,February,2024,1,Tuesday,2,220,32
1352245080,Securing Medical Data in Hospitals,Please provide details on medical data security solutions.,Request,High,Customer Service,Closed,72.0,2024-06-05 17:18:13,2024-06-08 17:18:13,Frustrated,True,Medium,Within SLA,June,2024,2,Wednesday,3,58,8
1352245081,Improving Brand Visibility Online Efficiently,"Customer Support, we are seeking to enhance our brand's online visibility using Squarespace. We aim to expand our online presence and would greatly appreciate any insight ... and we look forward to hearing from you soon.",Request,Medium,Customer Service,Closed,167.0,2024-05-11 15:38:11,2024-05-18 14:38:11,Neutral,True,Slow,Breached,May,2024,2,Saturday,2,220,36
1352245082,Concern about Recent Deployment's Access Problems,A critical bug in the latest deployment has led to intermittent access issues for users. It might have resulted from recent code updates. After rebooting the servers and ... vestigation is needed to resolve the problem.,Incident,High,IT Support,Closed,114.0,2025-04-19 02:20:04,2025-04-23 20:20:04,Satisfied,True,Slow,Breached,April,2025,2,Saturday,3,219,36
1352245083,,"Customer Support, seeking assistance in securing Kubernetes for medical data compliance in hospital environments. Hospitals manage sensitive patient data, necessitating s ... Could you provide resources or documentation?",Request,High,Technical Support,In Progress,0.0,2023-05-06 04:09:10,,Neutral,False,Unresolved,Within SLA,May,2023,2,Saturday,3,220,28
1352245084,GitLab Assistance,"Customer Support: We are seeking guidance on integrating GitLab with Express.js version 4.17 to enhance our digital marketing workflows. Currently, we utilize GitLab for ... support and guidance would be greatly valued.",Request,High,IT Support,Closed,10.0,2023-08-03 22:57:32,2023-08-04 08:57:32,Satisfied,True,Fast,Within SLA,August,2023,3,Thursday,3,219,32
1352245085,Unexpected Data Analytics Platform Crash Disrupting Investment Optimization,"The data analytics platform experienced an unexpected failure, which interrupted the investment optimization process. The incident was likely triggered by recent software ... d identifying the cause would be appreciated.",Incident,High,IT Support,Closed,102.0,2023-08-23 07:22:28,2023-08-27 13:22:28,Satisfied,True,Slow,Breached,August,2023,3,Wednesday,3,220,30
1352245086,Securing Medical Data on Express Wi-Fi,I am seeking best practices for safeguarding medical data when using Express.js with a Netgear Nighthawk Mesh Wi-Fi 6 System. Could you offer guidance on maintaining the ... t can be implemented to protect medical data.,Request,High,Service Outages and Maintenance,Closed,5.0,2023-12-26 06:03:10,2023-12-26 11:03:10,Urgent,True,Fast,Within SLA,December,2023,4,Tuesday,3,219,36
1352245087,Improving Investment Portfolio Strategies,I am seeking details on data analytics tools that can enhance investment portfolio optimization. Could you share some relevant information?,Request,High,Customer Service,In Progress,0.0,2024-08-18 00:35:26,,Urgent,False,Unresolved,Within SLA,August,2024,3,Sunday,3,139,20
1352245088,Multiple Tool Performance Issues Due to System Slowdowns,"The organization has encountered system performance issues impacting macOS, VPN, SAP, and analytics platforms, potentially caused by network congestion. Initial troublesh ... to implement measures to prevent recurrence.",Incident,High,IT Support,Closed,3.0,2025-12-14 00:19:27,2025-12-14 03:19:27,Urgent,True,Fast,Within SLA,December,2025,4,Sunday,3,219,28
1352245089,Security Protocols for Medical Data in Hospital IT Systems,Could you provide information on the security protocols that are recommended for protecting medical data in hospital IT systems? This is necessary for my project.,Request,Low,Sales and Pre-Sales,Resolved,43.0,2023-08-26 08:59:35,2023-08-28 03:59:35,Neutral,True,Medium,Within SLA,August,2023,3,Saturday,1,162,25
1352245090,New Request for Dashboard Layout Enhancement,"Requesting improvements to the user dashboard layout within our project management SaaS platform. The current layout, while functional, is confusing for new users and lac ... g curve for new users. This enhancement would",Change,Low,Product Support,Closed,33.0,2023-11-29 08:44:29,2023-11-30 17:44:29,Urgent,True,Medium,Within SLA,November,2023,4,Wednesday,1,220,34
1352245091,Encountered Billing Discrepancies in SaaS,"Faced billing discrepancies in SaaS, with recent overcharges. These issues might be linked to recent system updates or payment gateway problems. After recalculating invoi ... ent configurations, the issues still persist.",Incident,Medium,Billing and Payments,Pending,0.0,2023-04-10 18:37:30,,Urgent,False,Unresolved,Within SLA,April,2023,2,Monday,2,220,31
1352245092,,"There was an incident involving unauthorized access attempts to medical data, which may be due to a weak firewall configuration. Access controls have been tightened and s ... oncerns remain about ongoing vulnerabilities.",Incident,High,Returns and Exchanges,Closed,16.0,2024-10-06 11:23:46,2024-10-07 03:23:46,Urgent,True,Fast,Within SLA,October,2024,4,Sunday,3,220,33
1352245093,Request for Digital Strategy Information,"Dear Customer Support, I would like to learn more about your digital strategies and services for brand growth and development. Could you provide me with detailed informat ... ur time, and I look forward to your response.",Request,Medium,Customer Service,Closed,114.0,2024-09-25 04:24:21,2024-09-29 22:24:21,Urgent,True,Slow,Breached,September,2024,3,Wednesday,2,220,37
1352245094,Challenges in Marketing Initiatives and Strategies for Brand Expansion,"Marketing efforts have come to a standstill. After reviewing recent analytics, inconsistencies were discovered. Attempts to update campaigns and boost social media presen ... help the brand regain its growth trajectory.",Problem,Medium,Product Support,Closed,35.0,2024-05-29 00:09:08,2024-05-30 11:09:08,Frustrated,True,Medium,Within SLA,May,2024,2,Wednesday,2,219,31
1352245095,Problem with Investment Optimization Algorithm,"The investment optimization algorithm has failed to run, causing delayed outputs. This might be due to a recent software update. After restarting the application and chec ... ed to facilitate the troubleshooting process.",Incident,Medium,Product Support,Closed,69.0,2025-04-22 22:00:34,2025-04-25 19:00:34,Urgent,True,Medium,Within SLA,April,2025,2,Tuesday,2,220,33
1352245096,Trouble with Project Timelines Synchronization,"Hello Customer Support, \n\nI am contacting you to report an issue with project timelines failing to synchronize across various integrations, which has led to inconsisten ... nThank you for your attention and assistance.",Problem,High,Product Support,Closed,94.0,2024-12-24 18:55:01,2024-12-28 16:55:01,Urgent,True,Slow,Breached,December,2024,4,Tuesday,3,220,33
1352245097,Details on API Integrations for Project Management,Are you able to provide specifics on API integrations for a project management SaaS solution? This information would greatly assist us in understanding how to integrate t ... d look forward to hearing back from you soon.,Request,High,IT Support,In Progress,0.0,2024-10-07 21:11:13,,Satisfied,False,Unresolved,Within SLA,October,2024,4,Monday,3,220,37
1352245098,Inquiry About Tools for Optimizing Investment Portfolios,"Hello Customer Support, I am writing to inquire about data analytics tools that can assist with optimizing investment portfolios for individual investors. As an individua ... r response. Thanks for your time and support.",Request,Medium,Customer Service,Resolved,127.0,2023-04-07 17:26:02,2023-04-13 00:26:02,Satisfied,True,Slow,Breached,April,2023,2,Friday,2,220,34
1352245099,Challenge in Securing Medical Data,Facing difficulties in securing medical data within our hospital system. The issue might be due to outdated security protocols. We have attempted to update the firewall s ... es to resolve this issue as soon as possible.,Problem,Medium,Product Support,Closed,25.0,2023-11-18 07:20:41,2023-11-19 08:20:41,Satisfied,True,Medium,Within SLA,November,2023,4,Saturday,2,220,37
1352245100,Improve Investment Optimization Through Advanced Data Analytics Tools,Seeking assistance in optimizing the use of investment tools for better performance tracking across our product line. The current tools are lacking in the level of detail ... stment experience and lead to better returns.,Change,Medium,Returns and Exchanges,In Progress,0.0,2024-10-14 16:05:08,,Satisfied,False,Unresolved,Within SLA,October,2024,4,Monday,2,220,35
1352245101,Problems Encountered with Unilateral Access Prohibition,Incident description: Unexpected denial of access to medical records. It might be due to a server configuration error or a security update. Tackled thus far: Servers were ... ct me to the correct troubleshooting actions.,Incident,High,Technical Support,Closed,26.0,2024-08-28 00:44:52,2024-08-29 02:44:52,Neutral,True,Medium,Within SLA,August,2024,3,Wednesday,3,220,35
1352245102,Problem with Campaign Launch,"Hello customer support, I am contacting you to report that my digital marketing campaigns have not been able to start. This may be because of an incompatibility with the ... ther details from me to address this concern.",Incident,Low,Technical Support,Closed,25.0,2025-06-26 08:03:31,2025-06-27 09:03:31,Neutral,True,Medium,Within SLA,June,2025,2,Thursday,1,219,38
1352245103,Slow Response Issues,experienced sluggish performance in the project management SaaS application because of heightened user activity and limited resources.,Problem,Medium,Customer Service,Closed,15.0,2025-12-16 10:58:35,2025-12-17 01:58:35,Neutral,True,Fast,Within SLA,December,2025,4,Tuesday,2,134,17
1352245104,Report on Software Integration Problems Today,"Today, software integrations have failed, leading to discrepancies in the data. The problem could stem from incompatible updates or configuration issues. Restarting the s ... e been attempted, but the issue still exists.",Incident,Low,IT Support,Closed,130.0,2023-01-31 08:12:14,2023-02-05 18:12:14,Frustrated,True,Slow,Breached,January,2023,1,Tuesday,1,220,33
1352245105,Enhancing Security for Medical Data on Android,I am contacting you to seek advice on the efficient security protocols for safeguarding medical data on Android smartphones. Could you outline the top strategies to ensur ... ng the protection of medical data on Android.,Request,High,Technical Support,Closed,39.0,2025-06-13 07:17:30,2025-06-14 22:17:30,Urgent,True,Medium,Within SLA,June,2025,2,Friday,3,220,36
1352245106,Inquiry Regarding Digital Strategies,"Hello Customer Support, I am reaching out to inquire about digital strategies that can drive brand growth. Could you provide details on the methods used to increase brand ... ard to hearing back soon. Please let me know.",Request,High,IT Support,Closed,12.0,2024-08-13 21:37:57,2024-08-14 09:37:57,Satisfied,True,Fast,Within SLA,August,2024,3,Tuesday,3,220,38
1352245107,Issue with Multiple Software Tools Crashing Sudden,"Hello Customer Support, I am contacting you to report an issue where several software tools have suddenly started crashing. This happened unexpectedly and I suspect there ... y end. Thank you for your attention and help.",Incident,Medium,Service Outages and Maintenance,Closed,144.0,2025-01-10 23:05:36,2025-01-16 23:05:36,Neutral,True,Slow,Breached,January,2025,1,Friday,2,220,36
1352245108,Protection Measures and Security Solutions Inquiry,"Dear Customer Support Team,\n\nI am reaching out to request comprehensive details about the security tools your company provides to safeguard healthcare platforms. Specif ... available that are tailored for these needs?",Request,Medium,Product Support,Closed,118.0,2023-01-10 03:49:18,2023-01-15 01:49:18,Satisfied,True,Slow,Breached,January,2023,1,Tuesday,2,219,31
1352245109,Engagement Support Concern,There has been a decline in client engagement.,Problem,Low,Customer Service,Closed,74.0,2024-06-30 10:31:07,2024-07-03 12:31:07,Satisfied,True,Slow,Breached,June,2024,2,Sunday,1,46,8
1352245110,,"Customer Support, encountering difficulties generating a report on the issue of being unable to access billing features across various platforms. This problem emerged fol ... ound as soon as possible. Please let me know.",Incident,Medium,Billing and Payments,Closed,119.0,2024-04-08 21:05:11,2024-04-13 20:05:11,Frustrated,True,Slow,Breached,April,2024,2,Monday,2,220,34
1352245111,Critical: Simultaneous Service Disruption Alert,"Dear Support Team,\n\nWe are currently experiencing a significant issue involving several vital smart device security systems all suffering from synchronized outages. We ... situation, your prompt attention is required.",Incident,High,Product Support,Closed,48.0,2024-08-28 19:45:21,2024-08-30 19:45:21,Satisfied,True,Medium,Within SLA,August,2024,3,Wednesday,3,219,29
1352245112,,"Encountered data loss when analyzing investment portfolios using RapidMiner Firebase. Syncing appears to be failing due to integration problems. Despite attempts to re-sync and review logs, the issue remains unresolved.",Incident,High,Human Resources,Resolved,128.0,2024-10-12 22:14:44,2024-10-18 06:14:44,Neutral,True,Slow,Breached,October,2024,4,Saturday,3,219,30
1352245113,Emergency: Critical Bug in Project Management SaaS Integration Causing Disruptions,"A critical bug has emerged in the project management SaaS integration, leading to disruptions. Recent API updates might be the cause. I have attempted to reset the integr ... y the API keys, but the issue still persists.",Problem,Medium,Product Support,Closed,20.0,2025-04-16 02:19:01,2025-04-16 22:19:01,Satisfied,True,Fast,Within SLA,April,2025,2,Wednesday,2,220,38
1352245114,,"The investment optimization application experienced a crash while processing large datasets, possibly due to database overload. The Oracle Database was restarted and memory leaks were checked.",Incident,High,Technical Support,Resolved,137.0,2025-04-28 09:17:17,2025-05-04 02:17:17,Frustrated,True,Slow,Breached,April,2025,2,Monday,3,192,26
1352245115,Urgent Request for Immediate Data Analytics Tools Update,"Customer Support, I am submitting a request to update our current data analytics software integration. The existing system is outdated, which impacts the accuracy of our ... n to this matter would be highly appreciated.",Change,Medium,Returns and Exchanges,Closed,91.0,2025-07-26 02:53:11,2025-07-29 21:53:11,Frustrated,True,Slow,Breached,July,2025,3,Saturday,2,219,35
1352245116,,The investment optimization software is producing inaccurate projections. Recent updates might have introduced data input errors. Despite resetting the system and reviewi ... . Assistance is needed to resolve this issue.,Incident,Medium,Product Support,Closed,130.0,2023-12-09 14:16:42,2023-12-15 00:16:42,Frustrated,True,Slow,Breached,December,2023,4,Saturday,2,220,31
1352245117,Support for ActiveCampaign Analytics,Improving data analytics with ActiveCampaign can significantly optimize investments. Could you please offer more information on this topic? I would greatly appreciate any ... capabilities. Thank you for your assistance.,Request,Low,Sales and Pre-Sales,Closed,149.0,2025-01-28 10:30:51,2025-02-03 15:30:51,Neutral,True,Slow,Breached,January,2025,1,Tuesday,1,219,30
1352245118,,Do you require assistance in optimizing your investments through the use of data analytics tools such as Scikit-learn and Smartsheet? We can provide detailed insights but ... formation about your current setup and goals.,Request,Low,Returns and Exchanges,Closed,96.0,2023-12-07 20:37:53,2023-12-11 20:37:53,Satisfied,True,Slow,Breached,December,2023,4,Thursday,1,220,34
1352245119,Support for Unauthorised Access,"An unauthorized access attempt was identified in the hospital's systems, possibly due to malware or outdated software. Actions taken include a malware scan using Malwareb ... event future incidents and secure the system.",Incident,High,Technical Support,Closed,76.0,2024-02-28 23:45:57,2024-03-03 03:45:57,Urgent,True,Slow,Breached,February,2024,1,Wednesday,3,220,33
1352245120,Query for Customer Support,"I am experiencing issues with my data analysis tools, which might be due to software compatibility problems. I've attempted to reinstall CorelDRAW and Avast, and have res ... s. I require support to address this problem.",Incident,High,Customer Service,Closed,58.0,2024-11-08 01:08:34,2024-11-10 11:08:34,Satisfied,True,Medium,Within SLA,November,2024,4,Friday,3,220,36
1352245121,System Malfunction,"The company's data analysis software unexpectedly failed during investment optimization, potentially due to conflicting software updates. Initial troubleshooting included ... to address it and prevent future occurrences.",Incident,Medium,Technical Support,Closed,126.0,2025-01-24 10:02:45,2025-01-29 16:02:45,Satisfied,True,Slow,Breached,January,2025,1,Friday,2,220,27
1352245122,Critical Alert: Fault in Automated Portfolio Rebalancing System,"Dear Support Team,\n\nI am reaching out to highlight an urgent problem with the automated rebalancing component within our integrated portfolio management platform. Over ... nt outcomes and requires immediate attention.",Incident,Medium,Technical Support,Closed,140.0,2023-02-15 02:07:25,2023-02-20 22:07:25,Urgent,True,Slow,Breached,February,2023,1,Wednesday,2,219,30
1352245123,Expansion,I would like to explore more about digital tactics for brand expansion and how these can be put into practice for achieving success.,Request,Medium,Technical Support,Closed,4.0,2024-08-27 01:38:50,2024-08-27 05:38:50,Frustrated,True,Fast,Within SLA,August,2024,3,Tuesday,2,132,23
1352245124,,"Customer Support, kindly address the recent billing issue. A marketing agency was overcharged for services related to multiple products, leading to an unexpected high bil ... tion as soon as possible. Please let us know.",Problem,High,Billing and Payments,Resolved,126.0,2024-06-06 03:49:03,2024-06-11 09:49:03,Neutral,True,Slow,Breached,June,2024,2,Thursday,3,220,35
1352245125,Concern Regarding Access to Medical Information,A report has been made regarding a possible incident of unauthorized access to medical data. This might have happened because of misconfigured network settings or outdate ... ue to prevent any future unauthorized access.,Incident,Low,Customer Service,Closed,33.0,2025-11-05 01:24:57,2025-11-06 10:24:57,Satisfied,True,Medium,Within SLA,November,2025,4,Wednesday,1,220,34
1352245126,Exploring Data Analytics for Investment,Looking for detailed information on using data analytics for investing in Adobe Creative Cloud and Zoho Books. Need assistance in integrating these tools. Please provide ... f data analytics you are aiming to integrate.,Request,High,Billing and Payments,Pending,0.0,2025-11-21 00:14:40,,Neutral,False,Unresolved,Within SLA,November,2025,4,Friday,3,219,34
1352245127,,"Seeking detailed insights into integration capabilities for project management within SaaS platforms, specifically for Blackboard Learn. Please provide comprehensive info ... erstanding if SaaS can meet our requirements.",Request,Low,Human Resources,Closed,120.0,2024-09-20 02:01:04,2024-09-25 02:01:04,Neutral,True,Slow,Breached,September,2024,3,Friday,1,220,28
1352245128,Enquiring About Integrating IBM SPSS Statistics Analytics Tools,"Seeking information on integrating IBM SPSS Statistics with existing data analytics tools. Would be grateful for insights on the topic, particularly on the capabilities, ... ources provided would be greatly appreciated.",Request,High,Technical Support,Closed,27.0,2023-09-14 09:18:48,2023-09-15 12:18:48,Satisfied,True,Medium,Within SLA,September,2023,3,Thursday,3,219,31
1352245129,Investment Portfolio Optimization,"Greetings, customer support. I am contacting you to seek information on data analytics tools that can effectively optimize my investment portfolio. I am currently explori ... rward to your response. Thanks for your help.",Request,Medium,Product Support,Closed,141.0,2024-12-27 01:34:03,2025-01-01 22:34:03,Neutral,True,Slow,Breached,December,2024,4,Friday,2,220,34
1352245130,Urgent Assistance Needed for Medical Data Security Breach,"Respected Customer Support Team, I am contacting you to report a significant breach in the security of medical records. Lately, I have noticed that private medical detail ... wait your swift response. Thanks, [Your Name]",Incident,High,Product Support,Pending,0.0,2023-07-18 06:18:32,,Urgent,False,Unresolved,Within SLA,July,2023,3,Tuesday,3,220,35
1352245131,,"Customer Support, reporting an issue with the data processing system. Recently, the company has been experiencing substantial delays in data processing, which has impacte ... essing are resulting in inaccurate analytics.",Problem,Medium,IT Support,In Progress,0.0,2025-08-24 15:25:15,,Urgent,False,Unresolved,Within SLA,August,2025,3,Sunday,2,220,31
1352245132,Medical Data Breach Occurred,"There has been a medical data breach, possibly because of outdated antivirus software. Despite attempts to update Bitdefender, the issue still exists. I am worried about ... urgently need help to resolve this situation.",Problem,High,Product Support,Closed,122.0,2025-04-09 17:34:20,2025-04-14 19:34:20,Frustrated,True,Slow,Breached,April,2025,2,Wednesday,3,219,34
1352245133,Support for Traffic Decline,There has been a sudden decrease in website traffic and engagement metrics. This may be due to recent changes in digital ad campaigns. After reverting those changes and o ... rsists. Assistance is needed to resolve this.,Incident,High,IT Support,Closed,163.0,2023-02-11 21:22:55,2023-02-18 16:22:55,Frustrated,True,Slow,Breached,February,2023,1,Saturday,3,220,37
1352245134,Approaches for Boosting Sales and Brand Awareness with Digital Strategies,I am writing to inquire about the digital strategies that have been effective in enhancing brand growth and sales for Smart-Rauchmelder. I would like to know which method ... nput. Thank you for your time and assistance.,Request,Low,Sales and Pre-Sales,Closed,78.0,2024-09-04 02:08:23,2024-09-07 08:08:23,Neutral,True,Slow,Breached,September,2024,3,Wednesday,1,220,37
1352245135,Team Collaboration and Task Assignment Features Inquiry,"Hello Customer Support, I would like to know more about the capabilities of your project management SaaS in terms of team collaboration and task assignment. Can you elabo ... . I look forward to your response. Thank you.",Request,Medium,Product Support,Closed,128.0,2025-07-08 11:21:43,2025-07-13 19:21:43,Frustrated,True,Slow,Breached,July,2025,3,Tuesday,2,220,38
1352245136,Identifying Performance Issues on Digital Platform,"We are encountering performance problems across our digital platform. The recent Docker update might be the cause. Although rolling back the configuration optimizations p ... e relief, it did not fully resolve the issue.",Incident,High,Technical Support,Closed,161.0,2025-05-26 18:03:29,2025-06-02 11:03:29,Urgent,True,Slow,Breached,May,2025,2,Monday,3,220,34
1352245137,Problem with Campaign,"There has been a recent drop in campaign analytics, possibly due to data integration problems. After clearing caches and re-establishing connections, the issue still exists.",Incident,High,Technical Support,Closed,162.0,2025-10-26 22:25:21,2025-11-02 16:25:21,Frustrated,True,Slow,Breached,October,2025,4,Sunday,3,173,25
1352245138,Support for Improving Brand Engagement,There has been a noticeable decrease in brand engagement metrics across various digital platforms. This might be due to recent algorithm changes or content strategy adjus ... edia posts have shown some positive outcomes.,Incident,High,Product Support,Resolved,148.0,2023-02-12 02:26:15,2023-02-18 06:26:15,Urgent,True,Slow,Breached,February,2023,1,Sunday,3,220,34
1352245139,Support Data Breach Concern,"A data breach was identified on the hospital's systems, possibly endangering patient data due to outdated security measures. The team has initiated software updates and r ... e provide guidance on the next steps to take.",Problem,Medium,Technical Support,Closed,73.0,2023-05-11 09:47:17,2023-05-14 10:47:17,Satisfied,True,Slow,Breached,May,2023,2,Thursday,2,220,36
1352245140,Support for Integrating Oracle Database 19c with Zoho CRM for Enhanced Data Analytics,Can offer assistance in integrating Oracle Database 19c with Zoho CRM to optimize data analytics and improve customer insights? Please provide details on your current set ... ient call to discuss the integration process.,Request,Low,Customer Service,Closed,73.0,2025-09-25 11:26:37,2025-09-28 12:26:37,Frustrated,True,Slow,Breached,September,2025,3,Thursday,1,220,34
1352245141,Problem with Inconsistent Digital Engagement Metrics,"Customer Support,<br>The marketing agency is encountering inconsistent digital engagement metrics across different platforms. <br>We suspect this inconsistency might be d ... ring consistent metrics across all platforms?",Incident,Medium,Product Support,Pending,0.0,2024-10-27 19:50:32,,Urgent,False,Unresolved,Within SLA,October,2024,4,Sunday,2,220,27
1352245142,Concern Over Hospital Security Systems,"Possible recent data breach, currently examining access logs",Problem,Medium,Technical Support,Pending,0.0,2023-07-30 19:14:36,,Urgent,False,Unresolved,Within SLA,July,2023,3,Sunday,2,60,8
1352245143,Unexpected Downtime of Digital Campaigns,"Dear Customer Support,\n\nThe digital marketing campaigns managed by the agency suddenly experienced an outage, likely due to server overload or misconfiguration errors. ... assistance is needed to resolve the problem.",Incident,High,Service Outages and Maintenance,Resolved,101.0,2024-12-18 05:21:56,2024-12-22 10:21:56,Neutral,True,Slow,Breached,December,2024,4,Wednesday,3,218,30
1352245144,Modify Billing Arrangement, Assistance Required,Change,High,Billing and Payments,Closed,163.0,2023-10-10 07:20:57,2023-10-17 02:20:57,Neutral,True,Slow,Breached,October,2023,4,Tuesday,3,20,2
1352245145,Incident Report: Exposure of Healthcare Provider Data,"Customer Support,<br><br>We are notifying you of a potential data exposure incident impacting the hospital's systems. The issue appears to be linked to misconfigured netw ... port to help us resolve this matter promptly.",Incident,Medium,Human Resources,Closed,21.0,2023-03-20 02:44:49,2023-03-20 23:44:49,Neutral,True,Fast,Within SLA,March,2023,1,Monday,2,220,33
1352245146,Data Analytics Solutions,"Customer Support is reaching out to inquire about billing options, payment plans available for data analytics and investment optimization services. Could you please provi ... benefit my business. Thank you for your time.",Request,High,Billing and Payments,In Progress,0.0,2024-02-09 03:19:49,,Urgent,False,Unresolved,Within SLA,February,2024,1,Friday,3,220,33
1352245147,Support for Billing Management,I require assistance in optimizing the billing process for multiple software and hardware tools utilized by financial analysts. Could you help me streamline this process?,Change,Medium,Billing and Payments,Closed,26.0,2024-08-11 22:00:59,2024-08-13 00:00:59,Urgent,True,Medium,Within SLA,August,2024,3,Sunday,2,170,25
1352245148,Medical Data Security on Oracle Database 19c,"Dear Customer Support, I am writing to seek advice on securing medical data on Oracle Database 19c. Given the sensitive nature of medical information, it is crucial to ta ... nd eagerly await your response. Best regards.",Request,Medium,Technical Support,Closed,55.0,2024-05-23 12:35:31,2024-05-25 19:35:31,Frustrated,True,Medium,Within SLA,May,2024,2,Thursday,2,220,37
1352245149,Inquiry About Integration of KVM-Switch with Project Management SaaS Platform,"Hello, I am contacting you to seek information regarding the integration capabilities between KVM-Switch and your project management SaaS platform. Could you provide me w ... mpt response and eagerly await your feedback.",Request,High,Product Support,Closed,77.0,2023-11-25 19:16:02,2023-11-29 00:16:02,Frustrated,True,Slow,Breached,November,2023,4,Saturday,3,220,33
1352245150,Request for Upgrading Data Analytics Tools,"Seeking enhancements to data analytics tools to improve investment optimization and integration across products, aiding better decision-making and efficient portfolio man ... ate on the potential implementation timeline.",Change,Medium,Customer Service,Closed,37.0,2024-12-07 08:25:10,2024-12-08 21:25:10,Satisfied,True,Medium,Within SLA,December,2024,4,Saturday,2,220,28
1352245151,Suspected Data Breach,Unapproved access to patient information has been identified. It is suspected that outdated software and insufficient passwords are to blame. Despite running Malwarebytes ... uesting urgent help to protect patient files.,Problem,Medium,Customer Service,Closed,154.0,2024-05-22 17:41:41,2024-05-29 03:41:41,Urgent,True,Slow,Breached,May,2024,2,Wednesday,2,220,31
1352245152,Request for Updating Software Security Tools,"I am writing to request an update on our software analytics and security tools, aimed at enhancing our investment in optimization and data protection. This update is cruc ... ing. I look forward to hearing from you soon.",Change,Medium,Customer Service,Closed,62.0,2024-06-08 06:55:56,2024-06-10 20:55:56,Satisfied,True,Medium,Within SLA,June,2024,2,Saturday,2,220,38
1352245153,Investigation of Alteryx Application Crashes,"The organization has been encountering repeated crashes while using Alteryx for analyzing investment data, potentially due to software conflicts. Efforts to resolve the p ... nues, and we seek your support to address it.",Incident,High,Technical Support,Closed,95.0,2024-08-11 22:50:59,2024-08-15 21:50:59,Satisfied,True,Slow,Breached,August,2024,3,Sunday,3,220,34
1352245154,Digital Campaigns Failing to Function Properly,"The digital campaigns have malfunctioned unexpectedly. This might be due to problems with software integration. I have restarted the systems and verified the network connectivity, but the issue still exists.",Incident,Medium,Product Support,Closed,55.0,2024-03-08 06:09:30,2024-03-10 13:09:30,Urgent,True,Medium,Within SLA,March,2024,1,Friday,2,207,30
1352245155,Technical Support for Investment Analytics Tools,Facing substantial delays in data processing within the investment analytics tools following recent updates to IntelliJ IDEA and TensorFlow. Efforts to reinstall and optimize database queries have been unavailing.,Problem,High,Technical Support,Resolved,140.0,2024-10-16 21:04:33,2024-10-22 17:04:33,Frustrated,True,Slow,Breached,October,2024,4,Wednesday,3,213,29
1352245156,Request for Security Protocols to Protect Sensitive Medical Data,"Dear Customer Support, I am reaching out to seek advice on the appropriate security measures to safeguard sensitive medical information. It is crucial for me to understan ... Thank you for your attention and assistance.",Request,High,Technical Support,Closed,150.0,2024-01-27 21:21:51,2024-02-03 03:21:51,Urgent,True,Slow,Breached,January,2024,1,Saturday,3,219,35
1352245157,Digital Campaign Launch Failure,"Dear Customer Support,\n\nI am reaching out to inform you about a recent issue with our digital campaigns. These campaigns have suddenly failed to launch, which we believ ... to this matter.\n\nBest regards,\n[Your Name]",Problem,High,Technical Support,Closed,132.0,2023-05-08 05:41:08,2023-05-13 17:41:08,Satisfied,True,Slow,Breached,May,2023,2,Monday,3,220,33
1352245158,Unauthorized Access Notification from Hospital,An unauthorized access alert has been triggered. Access logs have been reviewed and temporary security measures have been implemented.,Incident,Medium,Returns and Exchanges,Resolved,149.0,2024-12-31 14:18:35,2025-01-06 19:18:35,Urgent,True,Slow,Breached,December,2024,4,Tuesday,2,134,19
1352245159,Issue with SaaS Platform,"Hello Customer Support, I am contacting you to report a problem with the SaaS platform. The platform experienced an unexpected crash overnight. I believe this could be li ... and avoid any additional service disruptions.",Problem,High,Technical Support,Resolved,119.0,2023-01-31 02:39:40,2023-02-05 01:39:40,Urgent,True,Slow,Breached,January,2023,1,Tuesday,3,220,35
1352245160,Incident Notification,"Customer Support,\n\nI am composing a report regarding an incident at the software company that specializes in developing scalable SaaS project management solutions. The ... servers to eliminate any temporary glitches.",Incident,Low,Product Support,In Progress,0.0,2025-04-17 22:59:59,,Urgent,False,Unresolved,Within SLA,April,2025,2,Thursday,1,218,30
1352245161,Request for Assistance with Project Management SaaS Integrations,"Dear Customer Support Team, we are writing to report issues with multiple integrations in our project management SaaS tool. These failures might be due to recent API chan ... ere are any additional steps we need to take.",Incident,High,Technical Support,Closed,93.0,2023-03-22 21:53:31,2023-03-26 18:53:31,Frustrated,True,Slow,Breached,March,2023,1,Wednesday,3,220,38
1352245162,Strategies for Digital Marketing and Brand Growth,"Customer Support, <br> I am reaching out to inquire about the digital marketing strategies your company uses for brand growth. As a potential client, I am interested in l ... <br> Thank you for your time and assistance.",Request,Low,Billing and Payments,Closed,56.0,2024-06-27 15:28:02,2024-06-29 23:28:02,Satisfied,True,Medium,Within SLA,June,2024,2,Thursday,1,219,38
1352245163,Inquiry About Digital Marketing Solutions for Brand Expansion,I'm interested in understanding digital marketing strategies to enhance brand development. Could you please share more information to assist my business?,Request,High,IT Support,Closed,139.0,2023-12-15 07:36:29,2023-12-21 02:36:29,Neutral,True,Slow,Breached,December,2023,4,Friday,3,153,21
1352245164,Support for Digital Strategy Campaign,"Customer Support, our recent digital strategy campaign has shown expected growth metrics. However, it might be due to poor audience targeting and ineffective messaging. W ... o improve targeting and messaging strategies?",Problem,Low,Customer Service,Closed,26.0,2025-10-06 23:07:43,2025-10-08 01:07:43,Satisfied,True,Medium,Within SLA,October,2025,4,Monday,1,220,32
1352245165,,"Customer Support, reporting an issue with the project management SaaS platform. Experiencing sporadic outages, which are believed to be caused by server overload during p ... prevent future incidents. Please let us know.",Problem,Medium,IT Support,Closed,140.0,2023-04-17 14:16:41,2023-04-23 10:16:41,Urgent,True,Slow,Breached,April,2023,2,Monday,2,220,33
1352245166,Klipsch Customer Support,Would you be able to supply comprehensive integration instructions for the Klipsch ProMedia 2.1 THX SaaS platform?,Request,Low,Customer Service,Closed,162.0,2025-10-09 11:10:29,2025-10-16 05:10:29,Neutral,True,Slow,Breached,October,2025,4,Thursday,1,114,17
1352245167,Secure Medical Data with MATLAB and AWS,"Customer Support, we are seeking information on securing medical data using MATLAB R2021a in AWS healthcare applications. Could you provide details on the practices and p ... of any available resources or documentation.",Request,Low,Technical Support,Closed,139.0,2023-03-04 12:55:55,2023-03-10 07:55:55,Frustrated,True,Slow,Breached,March,2023,1,Saturday,1,219,33
1352245168,Digital Campaign Challenges,Digital marketing efforts are not meeting expectations due to integration problems across various platforms.,Incident,High,Product Support,Closed,165.0,2023-02-18 04:52:55,2023-02-25 01:52:55,Urgent,True,Slow,Breached,February,2023,1,Saturday,3,108,14
1352245169,Request for Support on SaaS Platform Crash,There was an unexpected crash of the SaaS platform which led to data loss. Potential reasons may be inadequate Kubernetes resources and Express.js compatibility problems. ... elp to resolve this and avoid future crashes.,Incident,High,Technical Support,Closed,72.0,2024-01-20 03:23:23,2024-01-23 03:23:23,Neutral,True,Medium,Within SLA,January,2024,1,Saturday,3,220,34
1352245170,,"A marketing agency is facing billing discrepancies with IntelliJ IDEA and Microsoft Office. The issue might be due to overlapping subscription renewals, system errors, or ... nce is needed to avoid further complications.",Problem,Medium,Billing and Payments,Closed,92.0,2023-11-06 16:42:17,2023-11-10 12:42:17,Neutral,True,Slow,Breached,November,2023,4,Monday,2,220,33
1352245171,Details on Security Features for Managing Medical Data Solutions,Could provide comprehensive details on the security features used in managing medical data solutions? This information would greatly help us understand how to protect sen ... ank you for your assistance with this matter.,Request,Medium,Customer Service,Closed,89.0,2023-02-01 15:49:19,2023-02-05 08:49:19,Neutral,True,Slow,Breached,February,2023,1,Wednesday,2,220,34
1352245172,,"Dear Customer Support,\n\nI am reaching out to inquire about best practices for utilizing H2O.ai with Oracle Database 19c to drive brand growth through digital marketing ... lete, please specify if needed)\n\nThank you.",Request,Medium,Customer Service,Closed,76.0,2025-08-23 05:04:20,2025-08-26 09:04:20,Urgent,True,Slow,Breached,August,2025,3,Saturday,2,219,32
1352245173,Issues with Server Response Times During Peak Hours,"During high traffic periods, there were noticeable delays in loading project dashboards, which might be related to the recent code updates impacting server performance.",Incident,High,Product Support,Closed,102.0,2023-08-25 17:13:32,2023-08-29 23:13:32,Neutral,True,Slow,Breached,August,2023,3,Friday,3,168,24
1352245174,Unforeseen Charges in My Account,I have encountered unexpected charges on several products.,Incident,High,Billing and Payments,Closed,3.0,2024-01-06 13:36:00,2024-01-06 16:36:00,Frustrated,True,Fast,Within SLA,January,2024,1,Saturday,3,58,8
1352245175,,"Could you provide details on how SaaS integrates with third-party products such as MATLAB and Avast? I'm interested in learning about the compatibility, potential limitat ... requirements or setup needed for integration.",Request,Low,Sales and Pre-Sales,Closed,116.0,2023-07-16 01:51:32,2023-07-20 21:51:32,Frustrated,True,Slow,Breached,July,2023,3,Sunday,1,220,32
1352245176,,"Customer Support, I am reaching out to request enhancements to our security measures for managing medical data in our hospital systems. Currently, we use Airtable and Bit ... rity of our systems and protect patient data.",Change,Medium,Product Support,Closed,89.0,2025-01-05 15:38:09,2025-01-09 08:38:09,Neutral,True,Slow,Breached,January,2025,1,Sunday,2,220,36
1352245177,,"Dear Customer Support, we are facing issues with our digital marketing campaigns. The campaigns are not performing well due to ineffective targeting and low engagement ra ... port, and we look forward to your assistance.",Incident,Medium,Technical Support,Closed,17.0,2025-11-05 23:14:05,2025-11-06 16:14:05,Satisfied,True,Fast,Within SLA,November,2025,4,Wednesday,2,220,35
1352245178,,I am seeking to integrate IBM SPSS Statistics 28 into our current investment data analytics tools. Could you provide details on the process? We are interested in learning ... on this matter would be greatly appreciated.,Request,Medium,Billing and Payments,In Progress,0.0,2023-06-27 16:44:51,,Urgent,False,Unresolved,Within SLA,June,2023,2,Tuesday,2,219,36
1352245179,Issues with Data Discrepancies in Investment Analytics Reports,I am encountering data discrepancies in the investment analytics reports generated from an Oracle Database 19c. The problem might have arisen due to a recent update to th ... r and provide a solution as soon as possible.,Problem,High,Technical Support,Closed,115.0,2025-05-26 02:18:35,2025-05-30 21:18:35,Frustrated,True,Slow,Breached,May,2025,2,Monday,3,220,38
1352245180,Seeking Guidance,"In need of customer support to seek guidance on integrating TensorFlow with SAP ERP for investment optimization. Could you provide resources, documentation, and help get ... forward to hearing back soon. Regards, [Your",Request,Low,Customer Service,Closed,60.0,2023-12-05 14:18:25,2023-12-08 02:18:25,Neutral,True,Medium,Within SLA,December,2023,4,Tuesday,1,218,33
1352245181,Support Needed for System Crashes,"A financial company is encountering system crashes while optimizing investments. The team has already rebooted and updated the software, but the issues continue.",Incident,High,Technical Support,Closed,22.0,2024-12-23 09:43:24,2024-12-24 07:43:24,Satisfied,True,Fast,Within SLA,December,2024,4,Monday,3,161,23
1352245182,Investment Forecasts Are Inexact,"Hello support team, I am contacting you to address a problem with the investment forecasts. The predictive models have not been adjusted, which may be because of outdated ... casts is impacting our investment strategies.",Problem,Medium,Product Support,In Progress,0.0,2025-12-22 13:56:39,,Urgent,False,Unresolved,Within SLA,December,2025,4,Monday,2,220,35
1352245183,Marketing Strategy Fails to Boost Brand Growth,The digital strategies implemented by the marketing agency did not effectively enhance the expected brand growth. There might be a misalignment with the target audience. ... esired outcomes and improve brand visibility.,Problem,Medium,Product Support,Closed,118.0,2024-02-03 01:27:26,2024-02-07 23:27:26,Urgent,True,Slow,Breached,February,2024,1,Saturday,2,219,32
1352245184,Concern Regarding Recent Delays in Data Processing for Investment Analytics,We have encountered unexpected delays in data processing for our investment analytics. This issue may have arisen due to recent system updates. After rebooting the server ... as soon as possible to minimize disruptions.,Incident,High,IT Support,Closed,66.0,2024-07-27 01:24:32,2024-07-29 19:24:32,Frustrated,True,Medium,Within SLA,July,2024,3,Saturday,3,219,34
1352245185,Query on Medical Data Security with Apache Hadoop 3.2.1,"Hello, I am seeking clarification on how to secure medical data using Apache Hadoop 3.2.1. Could you provide details on the practices and protocols that ensure the confid ... l data from unauthorized access and breaches?",Request,Low,Service Outages and Maintenance,Closed,165.0,2023-09-18 15:37:57,2023-09-25 12:37:57,Frustrated,True,Slow,Breached,September,2023,3,Monday,1,220,36
1352245186,Onboard New Devices & Software,Incorporate new devices and software into our project management SaaS platform to ensure a smooth and cohesive customer experience and support.,Change,High,Customer Service,Closed,143.0,2025-07-30 05:19:00,2025-08-05 04:19:00,Satisfied,True,Slow,Breached,July,2025,3,Wednesday,3,143,21
1352245187,Technical Problem with Several Products,"An incident has occurred impacting multiple applications, including IFTTT, VLC, Switch, DataRobot, and iMac. The issue appears to be linked to recent system updates. Desp ... steps for troubleshooting and offer support?",Incident,Low,Customer Service,Closed,157.0,2025-08-01 07:49:38,2025-08-07 20:49:38,Satisfied,True,Slow,Breached,August,2025,3,Friday,1,219,32
1352245188,Data Breach Incident and Immediate Actions Taken,There was a data breach due to inadequate encryption measures. I have changed my passwords and conducted security checks.,Problem,Medium,Returns and Exchanges,Closed,19.0,2023-06-27 22:05:41,2023-06-28 17:05:41,Neutral,True,Fast,Within SLA,June,2023,2,Tuesday,2,121,19
1352245189,QuickBooks Integration Details,Is it possible to get information on integrating QuickBooks project management SaaS? Thank you!,Request,Medium,Product Support,Resolved,49.0,2023-09-12 09:37:54,2023-09-14 10:37:54,Frustrated,True,Medium,Within SLA,September,2023,3,Tuesday,2,95,14
1352245190,Medical Facility Assistance,Detected unauthorized login attempts on hospital network systems impacting Oracle Database 19c servers.,Incident,Medium,IT Support,Closed,99.0,2024-04-28 04:22:17,2024-05-02 07:22:17,Neutral,True,Slow,Breached,April,2024,2,Sunday,2,103,13
1352245191,Improve User Experience,"Dear Customer Support, I am requesting the integration of seamless functionality across the listed products to significantly enhance the project management efficiency and ... nal information is needed from me. Thank you.",Change,Low,Customer Service,Closed,47.0,2023-06-17 22:12:48,2023-06-19 21:12:48,Frustrated,True,Medium,Within SLA,June,2023,2,Saturday,1,220,32
1352245192,Problem with Database Connection,Facing database connectivity issues with PostgreSQL 13 on Ubuntu 20.04 LTS when using Asana Notion. Efforts to restart and reconfigure have been unsuccessful.,Incident,Medium,Technical Support,Closed,145.0,2025-06-17 22:55:50,2025-06-23 23:55:50,Frustrated,True,Slow,Breached,June,2025,2,Tuesday,2,158,23
1352245193,Support for Investment Optimization,Seeking to enhance investment tracking and integrate advanced data analytics for improved operational efficiency and better decision-making.,Change,Medium,IT Support,Closed,130.0,2023-02-09 21:21:39,2023-02-15 07:21:39,Urgent,True,Slow,Breached,February,2023,1,Thursday,2,140,17
1352245194,Support for Digital Strategies in Brand Growth,"Hello customer support, I am contacting you to request information on digital strategies that can aid in brand growth and development. Could you kindly share details abou ... e. Thank you for your consideration and help.",Request,Medium,IT Support,Pending,0.0,2024-04-29 14:36:32,,Frustrated,False,Unresolved,Within SLA,April,2024,2,Monday,2,220,36
1352245195,Concern with Project Management SaaS,"Customer Support, we are encountering major latency issues with our project management SaaS, which might be due to network misconfiguration or insufficient bandwidth. Ste ... rther details are needed, please let us know.",Problem,High,Technical Support,Closed,60.0,2025-06-13 11:15:28,2025-06-15 23:15:28,Urgent,True,Medium,Within SLA,June,2025,2,Friday,3,220,33
1352245196,Support Inquiry About Payment Discrepancies,Our financial entity has identified inconsistencies in the billing through the payments platform. A potential reason for these issues could be related to integration challenges with the analytics tools.,Incident,Medium,Billing and Payments,Closed,94.0,2025-11-18 05:20:13,2025-11-22 03:20:13,Frustrated,True,Slow,Breached,November,2025,4,Tuesday,2,202,29
1352245197,Enhancing Data Analytics with Adobe Illustrator CC 2021,Seeking insights on optimizing data analytics using Adobe Illustrator CC 2021 for investment strategies. Would appreciate detailed guidance on how to effectively utilize ... s and visualization in investment strategies.,Request,High,Technical Support,Closed,29.0,2024-08-06 00:27:27,2024-08-07 05:27:27,Neutral,True,Medium,Within SLA,August,2024,3,Tuesday,3,219,30
1352245198,Resolving Bose Headset and QNAP NAS Connectivity Problem,"Customer Support Team,\n\nI hope this message reaches you in good health. I am reaching out for help regarding a connection problem between my Bose headset and my QNAP NA ... onnect and restart the devices several times.",Incident,Medium,Technical Support,Resolved,107.0,2024-09-08 04:20:57,2024-09-12 15:20:57,Neutral,True,Slow,Breached,September,2024,3,Sunday,2,220,37
1352245199,Enhancing Security for Medical Data with ActiveCampaign Services,"Inquiring about securing medical data within ActiveCampaign services in relation to WooCommerce. As a healthcare provider, it is crucial to ensure that patient informatio ... curity features would be greatly appreciated.",Request,High,Technical Support,Pending,0.0,2023-11-05 02:16:12,,Neutral,False,Unresolved,Within SLA,November,2023,4,Sunday,3,220,31
1352245200,Unexpected Halt in Brand Expansion,"Customer Support, I am reaching out concerning a serious issue with our marketing agency's brand development. Despite implementing various digital marketing strategies, o ... s resolve this matter would be highly valued.",Problem,High,Technical Support,Pending,0.0,2023-04-29 01:21:14,,Neutral,False,Unresolved,Within SLA,April,2023,2,Saturday,3,220,32
1352245201,Frequent App Crashes,"The application crashes during task synchronization on iOS Shopify, potentially due to update conflicts.",Problem,Low,Customer Service,Closed,116.0,2025-07-08 19:00:29,2025-07-13 15:00:29,Neutral,True,Slow,Breached,July,2025,3,Tuesday,1,104,14
1352245202,Concerning a Major Medical Data Breach,"An unsanctioned loss of medical data took place yesterday because of weak encryption and obsolete software. We have initiated a restart of systems, reviewed firewalls, an ... immediate intervention to address this issue.",Incident,High,General Inquiry,Resolved,76.0,2025-12-08 19:58:17,2025-12-11 23:58:17,Urgent,True,Slow,Breached,December,2025,4,Monday,3,220,33
1352245203,Request for Assistance with Adobe Sign Integration,Customer Support team is seeking detailed instructions for integrating Adobe Sign with Firebase into a scalable SaaS project management system. We are exploring methods t ... Adobe Sign with Firebase within our platform?,Request,Medium,Returns and Exchanges,Closed,125.0,2025-09-01 09:17:29,2025-09-06 14:17:29,Frustrated,True,Slow,Breached,September,2025,3,Monday,2,220,33
1352245204,Technical difficulty with data encryption due to potential software compatibility,"Hello Customer Support, <br><br>I need your assistance with a data encryption problem that I encountered on my workstation. When I tried to encrypt some sensitive files, ... ssistance. <br><br>Sincerely, <br>[Your Name]",Incident,Medium,IT Support,Closed,149.0,2024-01-13 06:04:52,2024-01-19 11:04:52,Neutral,True,Slow,Breached,January,2024,1,Saturday,2,219,31
1352245205,,"Customer Support, I am reaching out to request detailed instructions for integrating scalable SaaS solutions with Debian 10 on Android platforms. Could you please provide ... S systems. Please let me know how to proceed.",Request,Low,Customer Service,Resolved,71.0,2023-06-08 07:09:21,2023-06-11 06:09:21,Urgent,True,Medium,Within SLA,June,2023,2,Thursday,1,220,35
1352245206,,Can you offer guidance on optimizing the use of ClickUp and QuickBooks Online for efficient financial data analysis workflows? Assistance in streamlining the process would be appreciated.,Request,High,Service Outages and Maintenance,Pending,0.0,2025-12-19 01:14:20,,Urgent,False,Unresolved,Within SLA,December,2025,4,Friday,3,187,27
1352245207,Boosting Marketing Strategies Urgently Required,"The digital marketing strategies of the agency are underperforming, which is impacting the brand's growth. I suspect that there is a lack of adequate analysis of the targ ... , but I need assistance to rectify the issue.",Incident,Low,General Inquiry,Resolved,44.0,2024-04-13 11:49:02,2024-04-15 07:49:02,Neutral,True,Medium,Within SLA,April,2024,2,Saturday,1,220,38
1352245208,Concerning the Investment Optimization Tool,"The investment optimization tool is producing inaccurate predictions, which we suspect might be due to recent data processing errors. After verifying the data integrity, ... r prompt assistance in resolving this matter.",Problem,High,Technical Support,Closed,39.0,2025-11-28 23:01:33,2025-11-30 14:01:33,Neutral,True,Medium,Within SLA,November,2025,4,Friday,3,219,32
1352245209,Inquiry on Elasticsearch Integration for Data Analytics Solutions,Could you provide details on how Elasticsearch integrates with data analytics solutions and optimizes investment? I would appreciate information on the benefits and the implementation process.,Request,High,Sales and Pre-Sales,Closed,13.0,2025-07-21 16:58:02,2025-07-22 05:58:02,Frustrated,True,Fast,Within SLA,July,2025,3,Monday,3,192,26
1352245210,Unsynchronized project timelines experienced today once more,"Greetings Customer Support, I am reaching out to report an issue with project timelines suddenly becoming unsynchronized. This morning, without any warning, the timelines ... side. I look forward to your prompt response.",Incident,Medium,Customer Service,Closed,163.0,2023-07-08 01:15:35,2023-07-14 20:15:35,Urgent,True,Slow,Breached,July,2023,3,Saturday,2,220,33
1352245211,Security Incident in Medical Systems,A security breach was identified due to outdated antivirus software. An updated Norton Antivirus has been installed and the system has been scanned.,Problem,Medium,Technical Support,In Progress,0.0,2025-05-29 03:29:41,,Neutral,False,Unresolved,Within SLA,May,2025,2,Thursday,2,148,23
1352245212,Potential Data Breach in Hospital System,"There is a potential data breach in the hospital system, which poses a risk to the security of medical data. It is suspected that outdated software and configuration erro ... d resolve the issue to prevent further risks.",Problem,Medium,Returns and Exchanges,Closed,75.0,2023-03-05 19:10:05,2023-03-08 22:10:05,Satisfied,True,Slow,Breached,March,2023,1,Sunday,2,220,38
1352245213,Assistance with Billing Error,"A billing error has occurred, leading to multiple customers being charged incorrectly due to a recent system update.",Incident,High,Billing and Payments,Closed,19.0,2024-06-23 08:41:40,2024-06-24 03:41:40,Frustrated,True,Fast,Within SLA,June,2024,2,Sunday,3,116,18
1352245214,Severe Data Breach in Medical Records System,"To Whom It May Concern, <br><br>I hope this message finds you well. I am writing to inform you about a critical issue that has arisen within our medical records system. A ... ter. <br><br>Yours sincerely, <br>[Your Name]",Incident,High,Technical Support,Pending,0.0,2025-04-07 14:10:56,,Urgent,False,Unresolved,Within SLA,April,2025,2,Monday,3,220,37
1352245215,Issues with Underperforming Marketing Campaigns,"Our marketing campaigns are not performing well. Despite efforts to adjust our ad spend and update our materials, the results have not improved. This could be due to inef ... and enhance the performance of our campaigns.",Problem,Low,Product Support,Resolved,138.0,2024-10-27 11:05:23,2024-11-02 05:05:23,Satisfied,True,Slow,Breached,October,2024,4,Sunday,1,220,37
1352245216,Details Required for Barcode Scanner Integration,Exploring the integration of the Barcode-Scanner SaaS platform into our project management system. Could you please supply the necessary information? I would greatly appr ... nce to help us start the integration process.,Request,Low,Customer Service,Closed,15.0,2025-10-24 15:18:11,2025-10-25 06:18:11,Urgent,True,Fast,Within SLA,October,2025,4,Friday,1,220,33
1352245217,Concern Regarding Integration Issues with Monday.com Tools,"Customer Support,\n\nThe marketing agency encountered integration problems with Monday.com tools on Monday, which disrupted workflow and project management processes. The ... idance on how to resolve the issue.\n\nPlease",Incident,Low,Human Resources,Resolved,118.0,2024-07-29 15:53:01,2024-08-03 13:53:01,Neutral,True,Slow,Breached,July,2024,3,Monday,1,220,28
1352245218,Seeking Assistance with Project Timelines,"Hello Customer Support, I hope this message finds you well. I'm contacting you regarding an issue with project timelines that isn't syncing correctly between teams. This ... ur prompt response. Best regards, [Your Name]",Problem,Medium,Product Support,Resolved,115.0,2023-04-18 02:53:36,2023-04-22 21:53:36,Frustrated,True,Slow,Breached,April,2023,2,Tuesday,2,219,34
1352245219,,"Customer Support, reporting an issue with the agency's campaign analytics dashboard. The dashboard fails to load, potentially due to conflicts following a recent software ... l steps we should take to resolve this issue.",Incident,High,Technical Support,Pending,0.0,2025-02-24 23:35:07,,Frustrated,False,Unresolved,Within SLA,February,2025,1,Monday,3,220,34
1352245220,Urgent Support for Investment Tool,"The investment optimization tool is producing inaccurate asset allocation suggestions, possibly due to recent data integration issues. Despite restarting the application ... ation. We look forward to your response soon.",Incident,High,Technical Support,Closed,110.0,2025-10-02 22:09:44,2025-10-07 12:09:44,Neutral,True,Slow,Breached,October,2025,4,Thursday,3,219,30
1352245221,Problem with Investment Analytics Dashboard,dashboard showing inaccurate trends,Problem,Medium,Product Support,Pending,0.0,2024-06-14 02:01:13,,Frustrated,False,Unresolved,Within SLA,June,2024,2,Friday,2,35,4
1352245222,Notice of Data Leakage in Hospital Database,"There is an indication of data leakage in the hospital's database, which might be a result of using outdated security updates. Actions taken include updating the firewall settings and conducting a malware scan.",Problem,High,Technical Support,Closed,21.0,2023-01-20 15:42:22,2023-01-21 12:42:22,Satisfied,True,Fast,Within SLA,January,2023,1,Friday,3,210,33
1352245223,Exploring Data Analytics Tools for QuickBooks Online Integration,I am contacting you to learn about data analytics tools that can be integrated with QuickBooks Online to assist with investment optimization. Could you please advise on t ... insights and forecasts for future expansion.,Request,Medium,Billing and Payments,Pending,0.0,2024-10-14 12:55:29,,Urgent,False,Unresolved,Within SLA,October,2024,4,Monday,2,219,35
1352245224,Problem with Several Tools,"Hello Customer Support, I am contacting you to report a situation where several tools are experiencing malfunctions at the same time. The potential reasons could be integ ... help. I am looking forward to your response.",Incident,Low,Customer Service,Resolved,69.0,2025-01-31 12:02:39,2025-02-03 09:02:39,Urgent,True,Medium,Within SLA,January,2025,1,Friday,1,219,36
1352245225,Incident of Data Leakage in Health Information,"To Customer Support Team, \n\nI am contacting you to inform about a data leak found in our health record database. This breach has been discovered abruptly, and it appear ... to this concern and eagerly await your reply.",Problem,Low,Product Support,Closed,34.0,2023-06-13 22:46:27,2023-06-15 08:46:27,Urgent,True,Medium,Within SLA,June,2023,2,Tuesday,1,220,38
1352245226,Revise Marketing Infrastructure,Customer Support has submitted a request to upgrade the integration systems to improve digital marketing tools and streamline brand development strategies. The current sy ... cludes the following updates: implementation.,Change,High,IT Support,Closed,94.0,2024-11-04 10:55:25,2024-11-08 08:55:25,Frustrated,True,Slow,Breached,November,2024,4,Monday,3,220,30
1352245227,Enhancing Security for Medical Data with Symantec Endpoint Protection 14.3,I am seeking advice on securing medical data in a hospital setting using Symantec Endpoint Protection 14.3. Could you provide guidance on best practices for implementing ... software's capabilities in detecting threats.,Request,Medium,Billing and Payments,Closed,160.0,2024-07-16 15:20:55,2024-07-23 07:20:55,Neutral,True,Slow,Breached,July,2024,3,Tuesday,2,219,32
1352245228,Suspicion of Security Breach,A potential security incident is suspected due to detected data vulnerabilities. There is a possibility that an internal hacker may have exploited misconfigured security ... ation or assistance is required at any stage.,Problem,High,Technical Support,Closed,53.0,2025-09-14 08:19:48,2025-09-16 13:19:48,Satisfied,True,Medium,Within SLA,September,2025,3,Sunday,3,219,33
1352245229,Dashboard Loading Issues,"The project management dashboard has been experiencing intermittent loading problems. Initial steps such as clearing the cache and verifying internet connectivity have been taken, but the issue remains unresolved.",Incident,Low,Customer Service,Closed,69.0,2024-12-15 04:19:30,2024-12-18 01:19:30,Neutral,True,Medium,Within SLA,December,2024,4,Sunday,1,213,29
1352245230,Concern Regarding System Security,There have been unauthorized access attempts on medical data within the hospital's systems. This might have occurred due to weak password policies and phishing attempts. ... curity awareness to prevent future incidents.,Problem,High,IT Support,Closed,143.0,2023-08-26 15:55:24,2023-09-01 14:55:24,Urgent,True,Slow,Breached,August,2023,3,Saturday,3,219,32
1352245231,Digital Marketing Initiatives Did Not Achieve Expected Growth,"The marketing firm's online campaigns did not succeed in generating the anticipated brand expansion, potentially due to integration problems within the platform. Early tr ... e measures to enhance campaign effectiveness.",Incident,High,Product Support,In Progress,0.0,2024-11-07 12:08:15,,Urgent,False,Unresolved,Within SLA,November,2024,4,Thursday,3,220,31
1352245232,Problem with Investment Optimization Model,"Dear Customer Support, <br><br>I am writing to draw your attention to an issue with the investment optimization model. There has been an unexpected data discrepancy that ... solution. I kindly request prompt assistance.",Incident,Medium,Product Support,Closed,118.0,2023-10-01 14:51:42,2023-10-06 12:51:42,Satisfied,True,Slow,Breached,October,2023,4,Sunday,2,219,33
1352245233,Improvement in MongoDB 4.4 for Marketing Analytics,"Hello, we are in need of some guidance on optimizing the use of MongoDB 4.4 for our marketing analytics. Our team stores and analyzes large volumes of customer data, and ... r data modeling and schema design in MongoDB.",Request,Medium,Technical Support,Closed,118.0,2025-03-21 12:07:42,2025-03-26 10:07:42,Urgent,True,Slow,Breached,March,2025,1,Friday,2,219,39
1352245234,Inquiry on Payment Options for Software Products,"Hello Customer Support, I am writing to inquire about the payment methods for your software products. Could you provide me with a list of accepted payment methods and any ... and look forward to your response. Thank you.",Request,Low,Billing and Payments,Closed,120.0,2025-10-07 10:48:36,2025-10-12 10:48:36,Satisfied,True,Slow,Breached,October,2025,4,Tuesday,1,220,38
1352245235,SAP Performance Problem,Encountered recent performance challenges with SAP ERP during the execution of investment analytics reports. Network interruptions might be impacting data access and Hadoop ERP connectivity.,Incident,Medium,IT Support,Closed,96.0,2024-02-24 13:24:05,2024-02-28 13:24:05,Satisfied,True,Slow,Breached,February,2024,1,Saturday,2,190,25
1352245236,Possible Data Leak in Hospital IT System,A potential data leak has been identified in the hospital's IT system. This may have happened because of outdated security measures. Initial efforts such as conducting vu ... ncluding any additional measures to be taken?,Incident,Low,Technical Support,Closed,119.0,2025-08-14 18:52:36,2025-08-19 17:52:36,Urgent,True,Slow,Breached,August,2025,3,Thursday,1,220,35
1352245237,Problem with Software Applications,Users are facing recurring crashes in various software applications while handling project management tasks. This could be due to memory overload or software conflicts. D ... assistance is needed to resolve the problem.,Incident,Medium,Product Support,Closed,139.0,2025-04-16 00:32:24,2025-04-21 19:32:24,Neutral,True,Slow,Breached,April,2025,2,Wednesday,2,219,33
1352245238,Issues with Project Timelines Sync,"The project timelines are not syncing correctly. There might be an issue with the API integration. I have already restarted the process and reviewed the settings, but the problem persists.",Problem,Medium,Product Support,Closed,134.0,2025-01-21 02:05:36,2025-01-26 16:05:36,Urgent,True,Slow,Breached,January,2025,1,Tuesday,2,188,30
1352245239,Investment Optimization Models Failed Unexpectedly Last Night,The investment optimization models unexpectedly stopped working last night possibly due to a delay in data feed or an algorithm error.,Incident,Medium,Technical Support,Closed,111.0,2024-12-23 03:45:01,2024-12-27 18:45:01,Urgent,True,Slow,Breached,December,2024,4,Monday,2,134,21
1352245240,Problem with Project Tasks Synchronization,"Dear Customer Support, I hope this message finds you well. I am encountering difficulties with my project tasks failing to sync properly. I believe the issue may stem fro ... I am looking forward to your prompt response.",Incident,Medium,Technical Support,Closed,67.0,2024-11-07 15:23:38,2024-11-10 10:23:38,Neutral,True,Medium,Within SLA,November,2024,4,Thursday,2,220,38
1352245241,,Request assistance regarding data pipeline failure,Incident,Medium,Product Support,Pending,0.0,2025-07-09 09:03:17,,Urgent,False,Unresolved,Within SLA,July,2025,3,Wednesday,2,50,6
1352245242,,"Customer Support, submitting a request to enhance data analytics integration for optimizing investment strategies across various software and hardware products. The exist ... p us better refine our investment strategies.",Change,Medium,Customer Service,Resolved,142.0,2024-02-21 22:30:39,2024-02-27 20:30:39,Neutral,True,Slow,Breached,February,2024,1,Wednesday,2,220,30
1352245243,Support Needed for Data Breach in Healthcare Systems,"A data breach has been detected in our healthcare systems, compromising the security of medical data. It may have occurred due to outdated security protocols. We have ini ... e provide guidance on the next steps to take.",Incident,High,Technical Support,Closed,26.0,2024-05-15 16:23:08,2024-05-16 18:23:08,Neutral,True,Medium,Within SLA,May,2024,2,Wednesday,3,220,38
1352245244,,"Dear Customer Support Team,<br><br>I am reaching out to inquire about the integration of a scalable SaaS project management platform with third-party tools. Our company a ... ould appreciate your guidance on this matter.",Request,High,Technical Support,Closed,63.0,2024-01-17 08:43:23,2024-01-19 23:43:23,Neutral,True,Medium,Within SLA,January,2024,1,Wednesday,3,220,33
1352245245,Project Synchronization Encountered Issues,"During the project synchronization, there was a failure resulting in data loss. Potential reasons include an incompatible upgrade to Cassandra 4.0 or network problems. Re ... pdating OBS Studio did not resolve the issue.",Incident,Medium,Technical Support,Pending,0.0,2023-05-15 15:01:37,,Urgent,False,Unresolved,Within SLA,May,2023,2,Monday,2,220,34
1352245246,Request for Support on Data Access Issues,"The company has faced disruptions in data access across several products related to investment analysis, potentially due to system incompatibilities. The initial troubles ... olutions to ensure uninterrupted data access?",Incident,High,Product Support,Pending,0.0,2024-03-09 07:11:55,,Satisfied,False,Unresolved,Within SLA,March,2024,1,Saturday,3,220,30
1352245247,Problem Reports,Facing data inconsistencies in investment analytics reports caused by software integration problems or incorrect data inputs. Confirmed the setup using Excel 2021 and rev ... ssue still exists. Need help to resolve this.,Problem,Medium,Customer Service,Resolved,99.0,2024-12-01 07:07:00,2024-12-05 10:07:00,Satisfied,True,Slow,Breached,December,2024,4,Sunday,2,220,33
1352245248,Report on the Failure of Medical Data Encryption Software,"Dear Customer Support, <br><br>It is with concern that I report a significant failure in our medical data encryption software. The encryption process has suddenly malfunc ... cal issue. <br><br>Sincerely, <br>[Your Name]",Problem,Low,Billing and Payments,Closed,88.0,2024-01-14 19:53:16,2024-01-18 11:53:16,Neutral,True,Slow,Breached,January,2024,1,Sunday,1,220,31
1352245249,Improve Security Measures for Medical Data Protection,"Customer Support, please enhance security protocols to safeguard medical data in our hospital systems to prevent potential breaches. It is crucial to protect sensitive pa ... this important matter is greatly appreciated.",Change,Low,General Inquiry,Closed,140.0,2024-12-22 21:35:14,2024-12-28 17:35:14,Urgent,True,Slow,Breached,December,2024,4,Sunday,1,220,32
1352245250,,"Dear Customer Support, <br>The investment optimization system of the financial firm is encountering data discrepancies that may be due to integration issues between diffe ... us of your next steps to address this issue.",Incident,High,Technical Support,Closed,42.0,2025-06-04 05:32:04,2025-06-05 23:32:04,Neutral,True,Medium,Within SLA,June,2025,2,Wednesday,3,219,34
1352245251,,"Dear Customer Support, the critical data analytics report generation has failed due to software compatibility issues arising from recent updates. I have attempted to rein ... e to resolve this matter to avoid any delays.",Incident,High,Technical Support,Closed,134.0,2025-08-06 02:48:54,2025-08-11 16:48:54,Urgent,True,Slow,Breached,August,2025,3,Wednesday,3,220,35
1352245252,Problem with SaaS on MacBook Air,A critical software malfunction was observed while using the project management SaaS on an Apple MacBook Air. The issue might be due to compatibility problems with extern ... t assistance is needed to resolve this issue.,Incident,High,Technical Support,Closed,123.0,2025-11-03 23:52:18,2025-11-09 02:52:18,Neutral,True,Slow,Breached,November,2025,4,Monday,3,220,36
1352245253,,"Hello Customer Support, I am inquiring about digital marketing strategies for brands in the gaming and tech sectors. Could you provide details on the services you offer a ... how your services can help my business grow.",Request,Medium,Billing and Payments,Pending,0.0,2024-08-11 17:44:43,,Satisfied,False,Unresolved,Within SLA,August,2024,3,Sunday,2,219,37
1352245254,Advice on Safeguarding Medical Data with Drupal Commerce and Salesforce CRM,"I am reaching out to seek guidance on securing medical data using Drupal Commerce and Salesforce CRM. Given the highly sensitive nature of medical data, it is crucial to ... tter would be greatly appreciated. Thank you.",Request,High,Service Outages and Maintenance,In Progress,0.0,2024-06-06 13:46:30,,Neutral,False,Unresolved,Within SLA,June,2024,2,Thursday,3,219,37
1352245255,Available Digital Strategy Options for Brand Growth,"A variety of digital strategy solutions are available to enhance brand growth and development services. Our offerings encompass social media marketing, search engine opti ... um> to discuss your digital strategy options.",Request,Low,Returns and Exchanges,In Progress,0.0,2023-02-14 14:00:48,,Satisfied,False,Unresolved,Within SLA,February,2023,1,Tuesday,1,220,32
1352245256,Query Regarding Customer Support Incident,"Recently, our project management SaaS has experienced intermittent connectivity issues with the SteelSeries Rival 3 Wireless Mouse. This may be due to compatibility conce ... ate your assistance in resolving this matter.",Incident,Low,Technical Support,Closed,96.0,2025-02-06 21:04:55,2025-02-10 21:04:55,Urgent,True,Slow,Breached,February,2025,1,Thursday,1,220,32
1352245257,Request for Enhancements in User Interface for Project Management,"Customer Support, seeking to request enhancements to the user interface to improve navigation efficiency for project management tasks. The current interface is overwhelmi ... mportant tasks. I believe these changes would",Change,High,Product Support,Closed,95.0,2024-05-19 21:24:23,2024-05-23 20:24:23,Frustrated,True,Slow,Breached,May,2024,2,Sunday,3,220,31
1352245258,Issue with Financial Data Analytics Software,The financial firm's data analytics software has run into a significant issue.,Incident,Medium,Customer Service,Closed,157.0,2023-10-10 11:28:52,2023-10-17 00:28:52,Satisfied,True,Slow,Breached,October,2023,4,Tuesday,2,78,12
1352245259,Upgrade from Debian 10 to Debian 11,I would like to request assistance with upgrading my Debian 10 installation to Debian 11 on my Lenovo ThinkPad X1 Carbon. My goal is to enhance the performance of my proj ... atly appreciated. Thank you for your support.,Change,Medium,IT Support,In Progress,0.0,2025-01-27 09:10:44,,Frustrated,False,Unresolved,Within SLA,January,2025,1,Monday,2,220,39
1352245260,Request for Enhancing Digital Strategies,There is a need to improve digital strategies using targeted marketing tools to drive brand growth across our products and services urgently.,Change,Medium,Product Support,Closed,47.0,2023-11-26 12:24:04,2023-11-28 11:24:04,Neutral,True,Medium,Within SLA,November,2023,4,Sunday,2,141,22
1352245261,Problem with Software Update,Data analytics functions are disrupted following the latest software update. Efforts to restart and reinstall the software have been unsuccessful.,Incident,Medium,Technical Support,Resolved,12.0,2024-07-05 04:50:00,2024-07-05 16:50:00,Satisfied,True,Fast,Within SLA,July,2024,3,Friday,2,146,20
1352245262,Technical glitch in website analytics,"Hello support team, I am contacting you to notify about a problem with the analytics on our website. It unexpectedly ceased to function, and we have not been able to pinp ... onal. Thank you for your assistance and time.",Incident,Medium,Service Outages and Maintenance,Closed,2.0,2024-02-06 08:04:33,2024-02-06 10:04:33,Urgent,True,Fast,Within SLA,February,2024,1,Tuesday,2,220,40
1352245263,,"Customer Support, I am reporting a critical issue with the recent data analytics tool. The tool has malfunctioned, which is crucial for our investment analysis and could ... s, and these delays may impact our decisions.",Incident,High,Product Support,Closed,142.0,2024-06-12 16:45:06,2024-06-18 14:45:06,Satisfied,True,Slow,Breached,June,2024,2,Wednesday,3,219,36
1352245264,Enquiry on Data Security Measures for Hospital Products,"I am seeking detailed information on the data security measures implemented for the services and products offered by your hospital. Could you provide a comprehensive over ... ls, and compliance with relevant regulations?",Request,Medium,Customer Service,In Progress,0.0,2024-03-10 10:25:26,,Frustrated,False,Unresolved,Within SLA,March,2024,1,Sunday,2,220,33
1352245265,Facilitating Seamless Integration of Ulysses and Google Keep for Note Synchronization in Project Management,I am contacting you to seek information on integrating Ulysses and Google Keep to ensure smooth note synchronization for my project management workflow. I rely on Ulysses ... e you can offer would be greatly appreciated.,Change,Low,Technical Support,Resolved,108.0,2025-07-15 02:16:10,2025-07-19 14:16:10,Frustrated,True,Slow,Breached,July,2025,3,Tuesday,1,220,36
1352245266,Secure Medical Data,Could offer advice on securing medical data with firewall switch solutions? Interested in learning about best practices for protecting sensitive medical information. Than ... sistance; look forward to your response soon.,Request,High,Technical Support,Closed,77.0,2025-12-25 06:01:29,2025-12-28 11:01:29,Neutral,True,Slow,Breached,December,2025,4,Thursday,3,220,31
1352245267,,Could you please provide comprehensive billing instructions and available payment methods for your investment data analytics services? I would like to understand the costs involved.,Request,Medium,Billing and Payments,Closed,83.0,2024-03-05 04:02:20,2024-03-08 15:02:20,Frustrated,True,Slow,Breached,March,2024,1,Tuesday,2,181,25
1352245268,,Our marketing agency has observed a significant drop in brand engagement metrics over the past week. This may be due to recent algorithm changes on social media platforms ... nges and improve our brand's online presence?,Incident,Medium,Customer Service,Closed,75.0,2025-05-13 09:23:29,2025-05-16 12:23:29,Neutral,True,Slow,Breached,May,2025,2,Tuesday,2,220,36
1352245269,Technical Problem with Marketing Website,"Customer Support, <br>The marketing agency's website is facing slow loading times, which is likely due to server configuration issues. After optimizing the Laravel 8 fram ... greatly appreciated to minimize disruptions.",Incident,Medium,Technical Support,Closed,55.0,2023-01-16 18:27:39,2023-01-19 01:27:39,Satisfied,True,Medium,Within SLA,January,2023,1,Monday,2,219,31
1352245270,Support for Vagrant Docker Problems,"Dear Customer Support, a financial firm encountered data inconsistencies during Vagrant Docker investment optimization analysis. This may have resulted from conflicting s ... aring from you soon. Thank you for your time.",Problem,High,Technical Support,Resolved,168.0,2025-03-13 13:15:35,2025-03-20 13:15:35,Frustrated,True,Slow,Breached,March,2025,1,Thursday,3,220,32
1352245271,Query on SaaS Project Management Tool,"Hello, I am inquiring about the pricing tiers and billing options for the SaaS project management tool. Could you provide details on the different plans and their corresp ... se the tool for our project management needs.",Request,Medium,Billing and Payments,In Progress,0.0,2023-10-24 19:05:59,,Frustrated,False,Unresolved,Within SLA,October,2023,4,Tuesday,2,220,37
1352245272,Inquiry on JIRA Software Integrations,"Hello Customer Support, I am contacting you to ask about the integrations available for JIRA Software with other tools and devices. I would like to know more about the op ... sibilities. Thank you for your help and time.",Request,Low,Customer Service,Pending,0.0,2023-05-13 23:52:57,,Neutral,False,Unresolved,Within SLA,May,2023,2,Saturday,1,220,39
1352245273,,"Develop focused digital marketing campaigns to increase brand awareness and customer interaction across relevant products, thereby enhancing the overall customer experien ... s expansion through strategic online efforts.",Change,Medium,Product Support,Pending,0.0,2024-01-10 22:24:20,,Satisfied,False,Unresolved,Within SLA,January,2024,1,Wednesday,2,220,28
1352245274,Issue with Data Synchronization,"A critical error was encountered during the data syncing process for Google Cloud Platform Redis 6.2, due to API configuration issues and network disruptions. API credentials were checked, and services were restarted.",Problem,Medium,IT Support,Closed,52.0,2024-09-23 08:44:19,2024-09-25 12:44:19,Urgent,True,Medium,Within SLA,September,2024,3,Monday,2,217,32
1352245275,Inquiry About Shopify Integrations for Digital Marketing,"Hello, I am writing to inquire about the integrations that support Shopify for digital marketing purposes. I aim to enhance my online store and wish to know the various o ... deration and I look forward to your response.",Request,High,Technical Support,Closed,8.0,2025-01-28 23:30:08,2025-01-29 07:30:08,Neutral,True,Fast,Within SLA,January,2025,1,Tuesday,3,220,39
1352245276,System Requirements Inquiry,Could you please provide me with the system requirements needed for the best performance of your project management SaaS? I am particularly interested in both the minimum and suggested specifications.,Request,High,Customer Service,Resolved,121.0,2025-05-12 10:28:09,2025-05-17 11:28:09,Neutral,True,Slow,Breached,May,2025,2,Monday,3,200,30
1352245277,Access to Medical Data Denied Today,"There are system issues, possibly due to malware or software conflicts. Servers were restarted and firewall settings were reviewed.",Incident,Medium,IT Support,Resolved,61.0,2024-01-09 07:55:32,2024-01-11 20:55:32,Frustrated,True,Medium,Within SLA,January,2024,1,Tuesday,2,131,19
1352245278,Microsoft Teams Integration Support,Is it possible to receive comprehensive guidance on integrating the Microsoft Teams project management SaaS solution? I would greatly appreciate step-by-step instructions ... ation process. Thank you for your assistance!,Request,High,Customer Service,Closed,132.0,2025-12-08 19:46:56,2025-12-14 07:46:56,Frustrated,True,Slow,Breached,December,2025,4,Monday,3,220,30
1352245279,Unexpected Interruption in Digital Campaigns,"The report details a sudden disruption in the marketing agency's digital campaigns, which has led to delays in brand development. The potential cause appears to be techni ... e a prompt solution. Please keep us informed.",Incident,High,Technical Support,Resolved,6.0,2025-01-09 14:02:15,2025-01-09 20:02:15,Satisfied,True,Fast,Within SLA,January,2025,1,Thursday,3,220,36
1352245280,Issue with Inconsistent Returns Data Identified,"I have encountered a problem with inconsistent returns data in my report, which is impacting the accuracy of investment analysis across multiple products. The issue might ... ing this matter at your earliest convenience.",Incident,Medium,Returns and Exchanges,Pending,0.0,2025-09-30 09:00:19,,Urgent,False,Unresolved,Within SLA,September,2025,3,Tuesday,2,220,34
1352245281,System Error Affecting Campaigns,There was an issue with the system that affected the campaigns. It seems there might have been a conflict with the recent software update on the tools. Rebooting and clearing the caches resolved the problem initially.,Incident,High,Technical Support,In Progress,0.0,2025-02-01 11:08:44,,Neutral,False,Unresolved,Within SLA,February,2025,1,Saturday,3,217,36
1352245282,Software Performance Crashes,"Customer Support, <br>Our agency is facing software performance crashes across various applications, which is significantly affecting productivity. This issue may be due ... soon. <br>We would appreciate your guidance.",Incident,Medium,IT Support,Closed,98.0,2024-11-27 05:09:29,2024-12-01 07:09:29,Satisfied,True,Slow,Breached,November,2024,4,Wednesday,2,218,29
1352245283,Inquiry about Security Protocols for Safeguarding Medical Data,"Could you please provide more information on the security measures implemented to protect sensitive medical data from unauthorized access, breaches, and security threats ... a call at <tel_num> to discuss this further.",Request,High,Technical Support,Closed,27.0,2023-01-27 18:52:31,2023-01-28 21:52:31,Frustrated,True,Medium,Within SLA,January,2023,1,Friday,3,218,32
1352245284,Urgently Improve Hospital Data Security,"Put in place strong encryption methods to safeguard medical data and bolster hospital security procedures. This involves securing electronic health records, defending aga ... rd sensitive patient data and preserve trust.",Change,High,Technical Support,Closed,46.0,2023-05-25 13:16:49,2023-05-27 11:16:49,Neutral,True,Medium,Within SLA,May,2023,2,Thursday,3,220,31
1352245285,Report on Data Refresh Problem,"During the scheduled data refresh, the investment analytics reports included incomplete data. This could be due to a system glitch. Despite attempting a manual refresh, t ... our prompt assistance to resolve this matter.",Incident,Medium,Product Support,Pending,0.0,2024-04-02 01:53:51,,Frustrated,False,Unresolved,Within SLA,April,2024,2,Tuesday,2,220,34
1352245286,Advice on Security Measures for Medical Data in Hospital Solutions,"I am seeking guidance on how to ensure the confidentiality, integrity, and availability of sensitive patient information within our hospital solutions. Could you provide ... ted. I look forward to hearing from you soon.",Request,High,Customer Service,Closed,163.0,2023-12-11 05:42:45,2023-12-18 00:42:45,Urgent,True,Slow,Breached,December,2023,4,Monday,3,219,34
1352245287,Secure Medical Data Systems,Is it possible to provide detailed solutions for securing medical data?,Request,Low,Customer Service,Closed,108.0,2024-09-20 05:10:00,2024-09-24 17:10:00,Frustrated,True,Slow,Breached,September,2024,3,Friday,1,71,11
1352245288,Request for Support in Integrating Microsoft Azure SaaS Project Management Solution,Seeking detailed guidance on integrating the Microsoft Azure SaaS project management solution. Would greatly appreciate the sharing of relevant documentation and resource ... fees associated with the integration process.,Request,Medium,Customer Service,Closed,59.0,2025-12-10 15:41:40,2025-12-13 02:41:40,Urgent,True,Medium,Within SLA,December,2025,4,Wednesday,2,220,29
1352245289,Investment Predictions Failed Overnight,Investment forecasts did not predict well due to potential data feed disruption. Restarted the analytical system and verified the data origins.,Incident,High,Technical Support,Closed,135.0,2024-01-13 23:04:26,2024-01-19 14:04:26,Neutral,True,Slow,Breached,January,2024,1,Saturday,3,143,21
1352245290,Issue with Software Crash in Investment Optimization,The software experienced a crash during the investment optimization process.,Incident,Low,Human Resources,In Progress,0.0,2024-04-20 16:11:17,,Urgent,False,Unresolved,Within SLA,April,2024,2,Saturday,1,76,10
1352245291,Billing Mistake,Received an unexpected charge on the recent invoice due to a billing mistake.,Problem,Low,Billing and Payments,Closed,53.0,2025-10-28 10:13:25,2025-10-30 15:13:25,Satisfied,True,Medium,Within SLA,October,2025,4,Tuesday,1,77,13
1352245292,,"Customer Support, I am seeking guidance on securing medical data while using the Valve Index VR Kit at my hospital. I would greatly appreciate any information or resource ... and I look forward to hearing from you soon.",Request,Low,Customer Service,Closed,116.0,2025-06-22 09:57:49,2025-06-27 05:57:49,Neutral,True,Slow,Breached,June,2025,2,Sunday,1,219,38
1352245293,Trouble with Product Display Online,Facing challenges with product visibility and customer engagement online. Campaign budgets and keywords were adjusted but no improvement was observed.,Incident,Medium,Returns and Exchanges,Closed,39.0,2024-07-27 06:04:46,2024-07-28 21:04:46,Neutral,True,Medium,Within SLA,July,2024,3,Saturday,2,150,20
1352245294,Support Required for System Outages,We are facing system outages across multiple integrations on our SaaS project management platform following recent updates that have caused compatibility issues.,Incident,High,Technical Support,Closed,49.0,2025-01-05 04:25:47,2025-01-07 05:25:47,Urgent,True,Medium,Within SLA,January,2025,1,Sunday,3,161,22
1352245295,,"There have been unauthorized access attempts on medical data systems, continuing even after updates to passwords and firewall checks.",Incident,High,Technical Support,Resolved,76.0,2025-05-09 18:58:02,2025-05-12 22:58:02,Neutral,True,Slow,Breached,May,2025,2,Friday,3,133,19
1352245296,Improvement in Digital Marketing Tools Integration,This is a request for the enhancement of digital marketing tools integration. It would significantly boost campaign efficiency and brand visibility. I believe such an update would be beneficial for all users.,Change,Low,Technical Support,Closed,90.0,2025-04-04 18:12:15,2025-04-08 12:12:15,Satisfied,True,Slow,Breached,April,2025,2,Friday,1,208,32
1352245297,Support Required for Data Analytics,Looking for guidance on optimizing data analytics using MATLAB and MySQL for investment strategies. Would greatly appreciate advice and resources to help improve my workf ... ated. Thank you for your time and assistance.,Request,High,Technical Support,Closed,137.0,2024-06-18 00:12:16,2024-06-23 17:12:16,Urgent,True,Slow,Breached,June,2024,2,Tuesday,3,220,34
1352245298,,Is it possible to get documentation for integrating the Microsoft SQL Server 2019 project management SaaS platform?,Request,High,Technical Support,Pending,0.0,2024-10-22 23:55:54,,Satisfied,False,Unresolved,Within SLA,October,2024,4,Tuesday,3,115,17
1352245299,Digital Campaign Launch Issues,"Digital campaigns failed to launch because of software compatibility issues. Despite restarting servers and verifying configurations, the problem remains unresolved.",Incident,Medium,IT Support,In Progress,0.0,2025-05-04 23:58:10,,Satisfied,False,Unresolved,Within SLA,May,2025,2,Sunday,2,165,20
1352245300,Assistance Required for Salesforce Integration,Is it possible to receive comprehensive documentation for integrating Salesforce CRM project management SaaS? I am seeking to streamline my workflow and would greatly app ... you can offer. Thank you for your assistance.,Request,High,Product Support,Closed,40.0,2024-05-28 20:47:36,2024-05-30 12:47:36,Urgent,True,Medium,Within SLA,May,2024,2,Tuesday,3,220,34
1352245301,Customer Support Digital Brand Growth,Could you provide more details on digital strategies that enhance brand growth? This would greatly help me understand and improve our brand's online presence. I am keen t ... istance. I look forward to hearing back soon.,Request,Medium,Customer Service,Closed,57.0,2024-06-30 12:26:49,2024-07-02 21:26:49,Urgent,True,Medium,Within SLA,June,2024,2,Sunday,2,220,37
1352245302,Support for Data Breach Resolution,"A data breach has been detected, which could expose sensitive medical information. This may have occurred due to software vulnerabilities or misconfigurations. Steps take ... his matter and look forward to your response.",Incident,Medium,IT Support,Resolved,11.0,2025-12-27 20:19:53,2025-12-28 07:19:53,Urgent,True,Fast,Within SLA,December,2025,4,Saturday,2,220,33
1352245303,Inquiry on API Integrations for Project Management SaaS,"Looking for detailed information on API integrations for our project management SaaS. Specifically, we are interested in the available endpoints, data formats, authentica ... uirements. Appreciate your prompt assistance!",Request,High,Technical Support,Closed,113.0,2024-12-05 20:50:58,2024-12-10 13:50:58,Frustrated,True,Slow,Breached,December,2024,4,Thursday,3,220,29
1352245304,Concern about Overcharged Invoice,I noticed an overcharge on several items on my last invoice and suspect a billing error or system issue. Despite prior communications with support and a thorough review o ... r information from me to address this matter.,Problem,High,Billing and Payments,Closed,55.0,2024-02-25 20:29:47,2024-02-28 03:29:47,Satisfied,True,Medium,Within SLA,February,2024,1,Sunday,3,220,38
1352245305,Implementing Redis with Rails for Analytics,I am reaching out to inquire about integrating Redis 6.2 with Ruby on Rails 6.1 for enhanced investment data analytics. Could you provide detailed information on the best ... e seamless data flow and optimal performance.,Request,Medium,Customer Service,Resolved,99.0,2024-04-21 07:44:01,2024-04-25 10:44:01,Satisfied,True,Slow,Breached,April,2024,2,Sunday,2,220,36
1352245306,Support for Medical Data Security with ActiveCampaign and Firebase Integrations,"Hello, I am reaching out to seek guidance on securing medical data for ActiveCampaign and Firebase integrations within a hospital IT environment. I would greatly apprecia ... on. Thank you in advance for your assistance.",Request,High,Billing and Payments,Closed,97.0,2024-01-26 13:00:30,2024-01-30 14:00:30,Frustrated,True,Slow,Breached,January,2024,1,Friday,3,220,35
1352245307,Services for Safeguarding Medical Information,Is it possible to get detailed information on services that secure medical data and improve hospital security? I would greatly appreciate any details you can provide.,Request,Medium,Customer Service,Resolved,101.0,2023-12-25 03:04:52,2023-12-29 08:04:52,Urgent,True,Slow,Breached,December,2023,4,Monday,2,166,26
1352245308,Concerns with Project Management,"Multiple users have reported difficulties with project management features not syncing across platforms, which may be due to inconsistencies in API integrations. Efforts ... tify the root cause and implement a solution.",Incident,Medium,Returns and Exchanges,Resolved,24.0,2023-07-07 10:22:38,2023-07-08 10:22:38,Urgent,True,Fast,Within SLA,July,2023,3,Friday,2,219,32
1352245309,Concerning Predictions,The investment optimization tool used by the financial firm is producing inaccurate predictions. This might be due to data integration errors. Efforts to recalibrate the ... ving this issue would be greatly appreciated.,Problem,Medium,Product Support,Closed,119.0,2023-10-27 04:03:46,2023-11-01 03:03:46,Urgent,True,Slow,Breached,October,2023,4,Friday,2,219,33
1352245310,Request for Assistance with Cloud Integration,"Customer Support, I am reaching out to inquire about integrating Google Cloud Platform with HubSpot CRM to enhance investment data analytics and optimize our processes. O ... ating Google Cloud Platform with HubSpot CRM?",Request,Medium,Technical Support,Closed,93.0,2024-05-05 04:28:48,2024-05-09 01:28:48,Frustrated,True,Slow,Breached,May,2024,2,Sunday,2,220,34
1352245311,Login Problem Encountered on Friday,"On Friday, you faced a login issue. This might have been due to an old browser cache. You tried to solve it by clearing the cache and restarting the browser.",Problem,Low,IT Support,Closed,136.0,2023-07-05 17:19:25,2023-07-11 09:19:25,Neutral,True,Slow,Breached,July,2023,3,Wednesday,1,157,30
1352245312,Software Stability Concerns,"Dear Support Team, I am encountering software instability and crashes across several applications. It seems recent updates might be causing resource limitations. Despite ... this matter and prevent further disruptions.",Incident,High,IT Support,Closed,21.0,2025-04-12 10:27:23,2025-04-13 07:27:23,Neutral,True,Fast,Within SLA,April,2025,2,Saturday,3,218,30
1352245313,Hospital System Data Compromise,"A possible data breach has occurred, impacting confidential medical records across various hospital networks. The breach may be linked to inadequate cybersecurity measure ... e been implemented, but the breach continues.",Problem,High,Product Support,Closed,124.0,2025-12-08 03:09:44,2025-12-13 07:09:44,Satisfied,True,Slow,Breached,December,2025,4,Monday,3,220,31
1352245314,Support Required for Digital Tools Malfunction,"The digital tools used by the marketing agency, including Laravel 8 and Zoho Books, experienced unforeseen failures which interrupted normal workflows. These issues may b ... s possible to reduce operational disruptions.",Incident,High,Technical Support,In Progress,0.0,2023-10-15 14:53:11,,Urgent,False,Unresolved,Within SLA,October,2023,4,Sunday,3,220,32
1352245315,Problems with Marketing Agency,The growth of the marketing agency's brand is being impeded due to problems impacting the database NAS connection. Recent updates might be the cause. Attempts to resolve ... etwork configurations have been unsuccessful.,Problem,High,IT Support,In Progress,0.0,2023-10-25 13:09:54,,Neutral,False,Unresolved,Within SLA,October,2023,4,Wednesday,3,219,33
1352245316,Seeking Insights on Digital Brand Growth Strategies,Is it possible to offer insights into digital strategies that can enhance brand growth?,Request,Medium,Sales and Pre-Sales,Closed,138.0,2023-12-03 03:24:14,2023-12-08 21:24:14,Urgent,True,Slow,Breached,December,2023,4,Sunday,2,87,14
1352245317,Strategies for Merging Digital Marketing Tools to Boost Business Growth,I require assistance in integrating digital marketing tools into my current systems to improve brand growth and operational efficiency.,Change,High,Technical Support,Closed,60.0,2025-01-22 04:13:54,2025-01-24 16:13:54,Neutral,True,Medium,Within SLA,January,2025,1,Wednesday,3,135,19
1352245318,Security Alert: Billing System Data Incident,"A potential data security incident was detected in the billing system, which may have exposed patient financial data. This could be due to recent system updates that lack ... ity audit is underway to further investigate.",Incident,High,Billing and Payments,Closed,6.0,2024-03-05 12:39:11,2024-03-05 18:39:11,Satisfied,True,Fast,Within SLA,March,2024,1,Tuesday,3,220,36
1352245319,Unauthorised Access Attempts on Medical Data Identified,Our healthcare provider has encountered unauthorised access attempts involving medical data. This could be due to weak password protocols. Updating passwords and enhancin ... equire assistance to secure the medical data.,Problem,Low,Technical Support,Closed,112.0,2025-07-04 21:23:34,2025-07-09 13:23:34,Neutral,True,Slow,Breached,July,2025,3,Friday,1,220,31
1352245320,Data Lost Following Dokumentenscanner Integration,"Dear Customer Support,\n\nI encountered data loss after integrating the Dokumentenscanner into our project. Here's a brief summary of the situation:\n\n**Incident:** Proj ... hank you for your assistance.\n\nBest regards",Incident,High,Technical Support,Closed,163.0,2025-03-25 23:52:48,2025-04-01 18:52:48,Urgent,True,Slow,Breached,March,2025,1,Tuesday,3,220,28
1352245321,Protection of Healthcare Data,Can you share details about healthcare data security measures for hospital service billing? I would appreciate information on secure methods for data storage and transmission.,Request,Low,Billing and Payments,In Progress,0.0,2025-07-16 01:58:17,,Urgent,False,Unresolved,Within SLA,July,2025,3,Wednesday,1,175,25
1352245322,,"Customer Support,\n\nWe are preparing a report on a potential security breach in our medical data systems. Recently, we experienced unauthorized access attempts, which ma ... cess attempts, including the dates and times?",Problem,Low,Product Support,Resolved,50.0,2024-03-15 14:57:22,2024-03-17 16:57:22,Neutral,True,Medium,Within SLA,March,2024,1,Friday,1,220,32
1352245323,Medical Security Protocols,"Respected customer support, I am writing to seek information on the security measures suggested for protecting medical information within the IT infrastructure of hospita ... ply. Thank you for your help with this query.",Request,High,Technical Support,Pending,0.0,2023-06-06 03:53:05,,Neutral,False,Unresolved,Within SLA,June,2023,2,Tuesday,3,220,34
1352245324,Strategies for boosting digital presence,In need of assistance with brand building,Request,Medium,Customer Service,Closed,159.0,2023-10-29 13:13:40,2023-11-05 04:13:40,Frustrated,True,Slow,Breached,October,2023,4,Sunday,2,41,7
1352245325,Concern Over Investment Metrics,"Facing issues with investment performance metrics. Recent software updates might be affecting the calculations. Restarted the application and checked for system errors, but the issue still persists.",Incident,High,Technical Support,Resolved,121.0,2024-04-05 04:52:07,2024-04-10 05:52:07,Urgent,True,Slow,Breached,April,2024,2,Friday,3,198,27
1352245326,Boost Security of Medical Data Through Enhanced Encryption,"Hello Customer Support, I am contacting you to seek help in strengthening the encryption of medical data across all devices and platforms utilized by our hospital staff. ... support. I am eagerly awaiting your response.",Change,Medium,Customer Service,Resolved,146.0,2023-12-20 09:11:13,2023-12-26 11:11:13,Satisfied,True,Slow,Breached,December,2023,4,Wednesday,2,219,35
1352245327,Data Breach in Healthcare Systems Noted Recently,"Healthcare systems reported experiencing a data breach, resulting in the compromise of sensitive medical information. This may have occurred due to vulnerabilities in out ... enting a solution to prevent future breaches.",Problem,High,IT Support,Closed,62.0,2024-07-14 14:37:17,2024-07-17 04:37:17,Urgent,True,Medium,Within SLA,July,2024,3,Sunday,3,220,32
1352245328,Assistance with Support Inquiry,"I am seeking detailed information about the architecture and deployment options of a scalable SaaS platform. Could you provide specifications on the technology used, as w ... ort, and I look forward to hearing back soon.",Request,High,Technical Support,Closed,88.0,2023-10-06 18:03:56,2023-10-10 10:03:56,Neutral,True,Slow,Breached,October,2023,4,Friday,3,220,36
1352245329,Improve Compatibility Across Various Platforms,"Request for enhancements to improve the application's compatibility performance across multiple platforms, such as iOS and Android. This would significantly enhance the u ... aring about any updates or improvements made.",Change,High,Customer Service,Closed,131.0,2024-04-14 13:21:09,2024-04-20 00:21:09,Satisfied,True,Slow,Breached,April,2024,2,Sunday,3,220,31
1352245330,,Facing problems with data retrieval in Elasticsearch 7.13 on Debian 10 Buster after an upgrade.,Incident,High,IT Support,Pending,0.0,2023-01-22 23:29:21,,Neutral,False,Unresolved,Within SLA,January,2023,1,Sunday,3,95,15
1352245331,Potential Data Breach Concern,A possible data breach has been detected affecting multiple devices and software. The breach might have occurred due to outdated security protocols. Security audits and s ... e provide guidance on the next steps to take.,Incident,Low,Product Support,Pending,0.0,2025-04-09 17:59:58,,Urgent,False,Unresolved,Within SLA,April,2025,2,Wednesday,1,220,36
1352245332,Ensuring Safety of Health Information in ClickUp,Which security measures do you suggest?,Request,Medium,Customer Service,In Progress,0.0,2023-07-16 15:21:17,,Frustrated,False,Unresolved,Within SLA,July,2023,3,Sunday,2,39,6
1352245333,Seeking Guidance on Data Analytics Tools for Portfolio Optimization,"Hello, I am writing to explore data analytics tools that can be utilized to optimize investment portfolios for financial firms. Could you offer any recommendations or share some insights on this matter?",Request,High,Customer Service,Closed,80.0,2024-03-02 03:04:03,2024-03-05 11:04:03,Frustrated,True,Slow,Breached,March,2024,1,Saturday,3,202,32
1352245334,Request for Enhanced Reporting Features,Seeking to integrate advanced reporting features into the project management platform to improve analytics and enable data-driven decisions for optimizing operations. Cur ... ities needed and types of analytics to track.,Change,Low,Technical Support,In Progress,0.0,2023-03-12 16:56:53,,Neutral,False,Unresolved,Within SLA,March,2023,1,Sunday,1,220,31
1352245335,Security Incident Report,"Customer Support, encountered an incident that may involve unauthorized access to medical data. This could have occurred due to a security vulnerability in our systems. S ... Please let us know the next steps. Thank you.",Incident,Medium,Billing and Payments,Closed,17.0,2023-03-26 16:52:38,2023-03-27 09:52:38,Neutral,True,Fast,Within SLA,March,2023,1,Sunday,2,220,36
1352245336,Issues with Marketing Tools,"Dear Customer Support, <br>Our marketing tools are currently malfunctioning, causing delays in our brand campaigns. This might be due to recent software updates or config ... g our marketing tools running smoothly again.",Incident,High,IT Support,Closed,106.0,2025-05-09 14:43:03,2025-05-14 00:43:03,Satisfied,True,Slow,Breached,May,2025,2,Friday,3,220,33
1352245337,Problem with Delayed Loading of the Project Dashboard,A user has reported experiencing slow loading times for the project dashboard. This may be due to increased server traffic or recent updates. The user has already cleared ... te and resolve the issue as soon as possible.,Incident,Medium,Product Support,Closed,46.0,2024-03-29 19:38:36,2024-03-31 17:38:36,Urgent,True,Medium,Within SLA,March,2024,1,Friday,2,220,38
1352245338,Inquiry into System Requirements for H2O.ai Integration,"Hello Customer Support Team, I am contacting you to seek information regarding the system requirements needed for integrating H2O.ai into our project management SaaS solu ... u for your support. Best regards, [Your Name]",Request,High,Technical Support,Closed,78.0,2025-12-19 09:36:17,2025-12-22 15:36:17,Frustrated,True,Slow,Breached,December,2025,4,Friday,3,220,34
1352245339,Urgent Maintenance Request,"Customer Support, submitting an urgent request for maintenance to optimize Kubernetes across multiple platforms, aiming to enhance the performance and reliability of inve ... s not limited to, updating system components.",Change,High,Service Outages and Maintenance,Closed,105.0,2023-07-16 04:02:26,2023-07-20 13:02:26,Urgent,True,Slow,Breached,July,2023,3,Sunday,3,220,31
1352245340,Request for Support with Advanced Analytics Tools,"Customer Support, I am reaching out to inquire about the advanced analytics solutions your firm provides for enhancing investment strategies. Could you supply comprehensi ... ively improved investment results. Thank you.",Request,High,Technical Support,Closed,119.0,2025-09-17 21:30:15,2025-09-22 20:30:15,Urgent,True,Slow,Breached,September,2025,3,Wednesday,3,220,31
1352245341,Audio Problem,"While integrating a data analytics platform with Microsoft Teams, we encountered audio lag during voice communications, which we believe is due to bandwidth limitations, ... We need assistance in resolving this problem.",Problem,High,Technical Support,Closed,118.0,2025-02-01 13:17:03,2025-02-06 11:17:03,Urgent,True,Slow,Breached,February,2025,1,Saturday,3,219,32
1352245342,Detection of Unauthorized Access Attempt,"An unauthorized access attempt was identified on the hospital's systems, likely due to a phishing attack. Password resets are being initiated, and access logs are being r ... the cause and to prevent future occurrences.",Incident,Medium,Technical Support,Closed,109.0,2023-06-09 08:44:40,2023-06-13 21:44:40,Neutral,True,Slow,Breached,June,2023,2,Friday,2,219,35
1352245343,Support Required for Scikit-learn Integration,I am seeking customer support to integrate Scikit-learn with SAP ERP for investment analysis. Could you provide guidance on how to accomplish this task? I would greatly a ... and assistance. I look forward to your help.,Request,Low,Customer Service,Closed,123.0,2023-01-20 01:17:14,2023-01-25 04:17:14,Frustrated,True,Slow,Breached,January,2023,1,Friday,1,219,37
1352245344,Support Request: Digital Marketing Campaign Crash,"Our digital marketing campaign has encountered a critical issue, leading to the loss of customer data. It could be due to inadequate server capacity or a potential malwar ... is and ensure such issues do not occur again.",Incident,High,Technical Support,Closed,100.0,2025-06-10 18:39:55,2025-06-14 22:39:55,Urgent,True,Slow,Breached,June,2025,2,Tuesday,3,220,38
1352245345,,"Dear customer support, we are currently facing critical issues with our investment data analytics services, which are crucial for our reporting. Recently, there have been ... te assistance to prevent further disruptions.",Incident,High,Service Outages and Maintenance,Resolved,76.0,2024-03-17 16:56:18,2024-03-20 20:56:18,Frustrated,True,Slow,Breached,March,2024,1,Sunday,3,220,32
1352245346,Notify about Unapproved Access,There have been reported unauthorized access attempts to medical data. Potential reasons could be weak security measures or phishing attacks.,Incident,Medium,Technical Support,Closed,87.0,2024-12-30 04:23:11,2025-01-02 19:23:11,Neutral,True,Slow,Breached,December,2024,4,Monday,2,141,20
1352245347,Concern About Billing for Analytical Services,"Dear Support Team, I have noticed discrepancies in my billing statements for analytical services, which I believe are due to system errors and miscommunication. Despite m ... de a resolution at your earliest convenience.",Problem,Medium,Billing and Payments,Closed,71.0,2025-01-13 15:45:33,2025-01-16 14:45:33,Urgent,True,Medium,Within SLA,January,2025,1,Monday,2,220,34
1352245348,Request for Investment Analytics Support,"Hello Customer Support, I am reaching out to inquire about the investment analytics tools and the billing process. Could you provide information on the types of analytics ... r documentation that I can review. Thank you.",Request,Low,Billing and Payments,Closed,107.0,2024-11-15 05:52:01,2024-11-19 16:52:01,Frustrated,True,Slow,Breached,November,2024,4,Friday,1,220,36
1352245349,Multiple Challenges with Product Integration,"Our marketing firm has encountered several failures during product integration, likely due to software conflicts. We attempted to resolve the problem by rebooting systems ... tails are required for further investigation.",Incident,High,Technical Support,Closed,104.0,2024-06-13 06:26:16,2024-06-17 14:26:16,Satisfied,True,Slow,Breached,June,2024,2,Thursday,3,220,31
1352245350,Challenge with Campaign Launch,The digital campaigns were unable to launch because of technical complications.,Incident,High,IT Support,Closed,122.0,2023-10-14 09:34:32,2023-10-19 11:34:32,Neutral,True,Slow,Breached,October,2023,4,Saturday,3,79,11
1352245351,Unapproved Entry into Medical Information,Noted unapproved access attempts to medical data within integrated hospital systems. Possible reasons include insufficient firewall configurations and out-of-date softwar ... ent a solution to prevent future occurrences.,Problem,Medium,IT Support,Closed,116.0,2023-03-21 19:27:46,2023-03-26 15:27:46,Urgent,True,Slow,Breached,March,2023,1,Tuesday,2,220,28
1352245352,,A financial organization encountered system performance issues. These slowdowns may be due to software conflicts or hardware limitations.,Incident,High,Technical Support,Closed,132.0,2024-01-28 05:04:35,2024-02-02 17:04:35,Frustrated,True,Slow,Breached,January,2024,1,Sunday,3,137,18
1352245353,Report on Issue with Data Analytics Platform During Investment Optimization,"Dear Customer Support,\n\nI am writing to report an issue with the data analytics platform that occurred during investment optimization. The platform froze, and I was una ... me and assistance.\n\nSincerely,\n[Your Name]",Incident,Low,Technical Support,Closed,104.0,2025-01-12 03:02:06,2025-01-16 11:02:06,Neutral,True,Slow,Breached,January,2025,1,Sunday,1,220,31
1352245354,,A potential data breach impacting medical data security has been identified. This could be due to weak access controls and outdated software. Actions taken include updati ... ously and are working to resolve it promptly.,Incident,Low,Product Support,Closed,91.0,2023-06-27 05:28:36,2023-07-01 00:28:36,Urgent,True,Slow,Breached,June,2023,2,Tuesday,1,220,35
1352245355,Issues with Marketing Agency's Digital Strategies,"The marketing agency's digital strategies have faced setbacks, resulting in reduced brand visibility and engagement. Recent software updates and conflicts might be the ca ... etwork connections, have not been successful.",Problem,High,Technical Support,Resolved,72.0,2023-04-12 12:10:47,2023-04-15 12:10:47,Frustrated,True,Medium,Within SLA,April,2023,2,Wednesday,3,220,31
1352245356,Report on Unauthorized Access Incident,Details of a security breach.,Incident,High,IT Support,Closed,95.0,2024-09-14 11:27:22,2024-09-18 10:27:22,Frustrated,True,Slow,Breached,September,2024,3,Saturday,3,29,5
1352245357,Concerns with Marketing Campaigns,"Our marketing efforts have encountered significant issues, resulting in reduced brand engagement. It could be due to improperly configured APIs across various platforms, ... atly appreciate any guidance you can provide.",Incident,High,Technical Support,Closed,55.0,2025-02-02 21:38:26,2025-02-05 04:38:26,Urgent,True,Medium,Within SLA,February,2025,1,Sunday,3,219,31
1352245358,Severe Performance Degradation Noted During Peak User Activity,Significant performance decline witnessed during the peak usage hours. This might be attributed to a surge in user activity and inefficient database queries. Efforts to o ... the database queries have resolved the issue.,Incident,High,Technical Support,Closed,152.0,2023-04-26 01:59:00,2023-05-02 09:59:00,Frustrated,True,Slow,Breached,April,2023,2,Wednesday,3,220,34
1352245359,Frequent Application Crashes,"Often, applications crash during digital marketing campaigns due to compatibility issues with RAM.",Problem,High,Technical Support,Pending,0.0,2025-06-15 08:54:28,,Satisfied,False,Unresolved,Within SLA,June,2025,2,Sunday,3,98,13
1352245360,Support Recent Engagement Decline,The engagement metrics have seen a significant drop over the past week.,Incident,High,Product Support,Closed,163.0,2025-09-04 19:26:12,2025-09-11 14:26:12,Satisfied,True,Slow,Breached,September,2025,3,Thursday,3,71,12
1352245361,Incorrect Investment Forecasts in Financial Statements,"The financial organization experienced discrepancies in investment forecasts due to errors in data integration. Initial recalibration of analytics models was performed, b ... ting the root cause and providing a solution.",Incident,Low,Returns and Exchanges,Closed,73.0,2025-12-02 08:44:56,2025-12-05 09:44:56,Satisfied,True,Slow,Breached,December,2025,4,Tuesday,1,220,31
1352245362,Boost Digital Marketing Tools Integration,"Customer Support, we are seeking to enhance the integration of digital marketing tools for request enhancement. This improvement would significantly boost brand growth an ... soon. Thank you for considering this request.",Change,Medium,IT Support,Closed,74.0,2023-03-25 06:41:28,2023-03-28 08:41:28,Urgent,True,Slow,Breached,March,2023,1,Saturday,2,220,32
1352245363,Problem with Project Information Disappearing on Login,"Hello Customer Support, I am contacting you to report an issue regarding my project information disappearing each time I log in. This past period, I have observed that my ... onse. Thank you for your time and assistance.",Incident,Medium,IT Support,Closed,49.0,2023-08-24 16:47:34,2023-08-26 17:47:34,Neutral,True,Medium,Within SLA,August,2023,3,Thursday,2,220,38
1352245364,Immediate Help Needed for Billing Error,"Dear Customer Support Team,\n\nI hope this message reaches you well. I am writing to draw your attention to an issue I found in my latest billing statement. After examini ... rovide a detailed explanation of the charges.",Problem,Medium,Billing and Payments,Closed,145.0,2023-08-20 18:29:20,2023-08-26 19:29:20,Frustrated,True,Slow,Breached,August,2023,3,Sunday,2,220,37
1352245365,Support Required for Technical Issues,"Lately, users have encountered sporadic connectivity problems on various platforms (Viber, Docker, TYPO3, etc.). These issues might be due to network instability or serve ... ppreciate your help in resolving this matter.",Incident,Low,Customer Service,In Progress,0.0,2025-05-24 08:10:51,,Urgent,False,Unresolved,Within SLA,May,2025,2,Saturday,1,220,32
1352245366,Assistance with Declining Performance of Digital Campaigns,"Our marketing agency has observed a sudden drop in digital campaign performance metrics. It is possible that recent software updates have impacted the analytics tools. We ... atform integrations, but the issues continue.",Incident,Medium,Customer Service,In Progress,0.0,2024-04-16 23:48:32,,Urgent,False,Unresolved,Within SLA,April,2024,2,Tuesday,2,220,33
1352245367,Application Support Inquiry,"Facing recurring performance issues with the application, which is significantly impacting user experience and productivity. The problem might have arisen from recent cod ... steps and requires assistance to resolve it.",Problem,High,Technical Support,In Progress,0.0,2023-05-13 07:46:27,,Frustrated,False,Unresolved,Within SLA,May,2023,2,Saturday,3,219,31
1352245368,Issue Reported with NAS-System SAP ERP Central Component 6.0,"Customer Support, reporting a problem with the NAS-System SAP ERP Central Component 6.0. Recently, we've encountered synchronization failures which we suspect are due to ... Your assistance would be highly appreciated.",Problem,Medium,Product Support,In Progress,0.0,2024-01-21 13:13:46,,Neutral,False,Unresolved,Within SLA,January,2024,1,Sunday,2,218,31
1352245369,Compatibility Issue Between ActiveCampaign and Sage Accounting,"Dear Customer Support, we have encountered a compatibility issue while integrating our SaaS application, ActiveCampaign with Sage Accounting. This issue might be due to o ... scuss the matter further at your convenience.",Problem,Medium,Technical Support,Closed,79.0,2023-07-04 00:11:39,2023-07-07 07:11:39,Urgent,True,Slow,Breached,July,2023,3,Tuesday,2,220,33
1352245370,,"Marketing efforts are underperforming, leading to reduced brand engagement. Outdated targeting methods and ineffective tools could be contributing factors. Despite attemp ... paign performance and boost brand engagement.",Problem,High,Product Support,Resolved,23.0,2025-05-16 22:28:14,2025-05-17 21:28:14,Neutral,True,Fast,Within SLA,May,2025,2,Friday,3,220,28
1352245371,Request for Support on Digital Strategy Hurdle,"Our marketing agency encountered a digital strategy challenge. Despite attempting to resolve the issue with software updates like Malwarebytes and IntelliJ IDEA, the problems continue to occur on various platforms.",Problem,Medium,Customer Service,Closed,64.0,2024-10-08 12:05:31,2024-10-11 04:05:31,Frustrated,True,Medium,Within SLA,October,2024,4,Tuesday,2,214,30
1352245372,Inquiry About Project Management SaaS Solution,I am interested in learning about the scalability features of a project management SaaS solution. Could you provide details on how the solution adapts to growing teams an ... nce. I look forward to hearing from you soon.,Request,Medium,IT Support,Closed,26.0,2025-07-30 21:09:37,2025-07-31 23:09:37,Neutral,True,Medium,Within SLA,July,2025,3,Wednesday,2,220,38
1352245373,,Seeking comprehensive instructions on how to secure hospital networks utilizing the Netgear Nighthawk Mesh Wi-Fi 6 integrated software. The hospital's infrastructure is v ... cing network security would be highly valued.,Request,High,Technical Support,In Progress,0.0,2025-07-15 01:13:10,,Urgent,False,Unresolved,Within SLA,July,2025,3,Tuesday,3,220,31
1352245374,Challenge in Investment Returns Prediction,"Noted a deviation in the investment returns prediction, possibly due to misalignment in data or algorithm errors. After reviewing the model inputs and recalibrating the analytics framework, the issue persists.",Incident,High,Returns and Exchanges,Closed,51.0,2025-08-18 16:18:26,2025-08-20 19:18:26,Neutral,True,Medium,Within SLA,August,2025,3,Monday,3,209,30
1352245375,Medical Data Security Breach Due to Outdated Security Measures,Encountered unauthorized access to medical data because of outdated security protocols. Preliminary investigations indicate potential vulnerabilities in Apache Hadoop and ... and access logs has revealed irregularities.,Problem,High,Technical Support,Closed,12.0,2023-12-17 14:13:34,2023-12-18 02:13:34,Neutral,True,Fast,Within SLA,December,2023,4,Sunday,3,219,27
1352245376,Reported Security Breach in Data Protection,"A healthcare organization encountered unauthorized access to data, potentially due to outdated security measures. Basic firewall updates and password modifications have b ... he issue and safeguard sensitive information.",Problem,Medium,Product Support,Resolved,145.0,2025-03-22 18:54:58,2025-03-28 19:54:58,Satisfied,True,Slow,Breached,March,2025,1,Saturday,2,220,29
1352245377,Investment Forecasts Plunge Unexpectedly at Night,"Issue: Investment forecasts plummeted during the night. Potential Cause: Possibly due to outdated market data models. Actions Taken: Restarted analytical software, verifi ... sources. Seeking help to address the problem.",Incident,High,Technical Support,Closed,135.0,2024-08-13 21:31:14,2024-08-19 12:31:14,Frustrated,True,Slow,Breached,August,2024,3,Tuesday,3,220,30
1352245378,Query on Integrating Magento Project Management Platform,"Inquiring about integrating the Magento 2.4 project management SaaS platform with Customer Support. Could you provide detailed information on the integration process, inc ... king forward to your response and assistance.",Request,Low,Customer Service,In Progress,0.0,2024-11-30 20:23:47,,Frustrated,False,Unresolved,Within SLA,November,2024,4,Saturday,1,220,31
1352245379,Digital Marketing Inquiry,Could you provide details on leveraging Scikit-learn for digital marketing strategies? This would greatly assist us in understanding how to implement machine learning alg ... tal marketing. Thank you for your assistance.,Request,High,IT Support,Closed,76.0,2024-11-18 17:50:07,2024-11-21 21:50:07,Frustrated,True,Slow,Breached,November,2024,4,Monday,3,220,32
1352245380,Problem with My Book Duo,The medical information vanished unexpectedly from the device,Incident,High,Technical Support,In Progress,0.0,2024-04-06 22:07:41,,Neutral,False,Unresolved,Within SLA,April,2024,2,Saturday,3,61,8
1352245381,Unexpected Failure in Medical Data Transfer Today,A brief description of the issue: The transfer of medical data has unexpectedly failed. The incompatibility of the SD card format could be the reason. I have verified the ... reciate your help in addressing this problem.,Incident,Medium,Technical Support,Closed,134.0,2025-07-03 05:48:26,2025-07-08 19:48:26,Neutral,True,Slow,Breached,July,2025,3,Thursday,2,220,37
1352245382,Inquiry Regarding Digital Strategy Revision,Customer support team is seeking an update on the digital strategy tools. The marketing agency aims to boost brand development and increase campaign efficiency. We would ... ort. We look forward to your prompt response.,Change,High,Technical Support,Resolved,164.0,2024-10-28 03:56:06,2024-11-03 23:56:06,Frustrated,True,Slow,Breached,October,2024,4,Monday,3,219,35
1352245383,Enhancement of Data Analytics Platform,"Customer Support has submitted a request seeking assistance in optimizing the integration of their data analytics platform. The existing system is impacting multiple devi ... ly provide a detailed, step-by-step solution.",Change,Medium,IT Support,Closed,23.0,2024-04-19 09:24:02,2024-04-20 08:24:02,Urgent,True,Fast,Within SLA,April,2024,2,Friday,2,220,31
1352245384,Urgent Service Request Update,"Dear Support Team, I am writing to request timely updates on the restoration of service for affected products and to minimize any ongoing disruption due to the current ma ... es that I can use in the meantime. Thank you.",Change,High,Service Outages and Maintenance,Closed,116.0,2025-06-02 08:02:35,2025-06-07 04:02:35,Satisfied,True,Slow,Breached,June,2025,2,Monday,3,220,40
1352245385,,The investment optimization model encountered issues while processing large datasets. This could be due to software incompatibility or memory overload. Steps such as rest ... e problem continues. Assistance is requested.,Problem,High,Product Support,In Progress,0.0,2025-08-22 17:34:36,,Neutral,False,Unresolved,Within SLA,August,2025,3,Friday,3,220,31
1352245386,,"Customer Support, seeking assistance in securing medical data and enhancing hospital infrastructure. The increasing importance of protecting sensitive patient information ... rading hardware would be greatly appreciated.",Request,High,Sales and Pre-Sales,Closed,125.0,2023-04-04 13:32:54,2023-04-09 18:32:54,Urgent,True,Slow,Breached,April,2023,2,Tuesday,3,220,27
1352245387,,"Dear Customer Support, I am reporting an issue with network connectivity that has disrupted access to digital tools crucial for our brand growth strategies. This issue mi ... m me. Thank you for your time and assistance.",Incident,Medium,Technical Support,Closed,13.0,2025-08-05 00:41:15,2025-08-05 13:41:15,Urgent,True,Fast,Within SLA,August,2025,3,Tuesday,2,220,37
1352245388,Concerns Regarding Project Management Integration,"Customer Support, <br>We have run into difficulties with the integration of project management across various software platforms. This may be due to compatibility issues ... >Thank you for your support. <br>Best regards",Incident,Medium,Returns and Exchanges,Closed,88.0,2023-06-04 03:41:44,2023-06-07 19:41:44,Urgent,True,Slow,Breached,June,2023,2,Sunday,2,219,32
1352245389,Request for PostgreSQL Integration Guidance,Could you please offer assistance in integrating PostgreSQL 13 with investment data analytics tools to leverage its latest features and enhance data analysis capabilities?,Request,Medium,Customer Service,Closed,60.0,2023-11-19 18:53:40,2023-11-22 06:53:40,Frustrated,True,Medium,Within SLA,November,2023,4,Sunday,2,171,24
1352245390,Enhancement of Investment Analytics Dashboard,"I am reaching out to ask for enhancements to the investment analytics dashboard, particularly focusing on improved data visualization and predictive modeling to aid in decision-making.",Change,Low,Product Support,Closed,140.0,2025-08-29 16:53:26,2025-09-04 12:53:26,Frustrated,True,Slow,Breached,August,2025,3,Friday,1,184,26
1352245391,Support Request: Guidance on Integrating Smart-Thermometer with Express.js 4.17,I require help in integrating a Smart-Thermometer with Express.js 4.17. Could you recommend digital strategies to enhance this integration?,Request,High,Technical Support,Resolved,21.0,2023-11-24 19:35:22,2023-11-25 16:35:22,Frustrated,True,Fast,Within SLA,November,2023,4,Friday,3,139,19
1352245392,Options for Integrating Scalability Capabilities,"Customer Support has inquired about the available options for integrating scalability features within our SaaS solution. As our business expands, it becomes crucial for o ... e product with existing systems. Furthermore,",Request,Low,Technical Support,In Progress,0.0,2024-02-16 02:43:21,,Neutral,False,Unresolved,Within SLA,February,2024,1,Friday,1,220,32
1352245393,Update on Incident Report,An incident took place resulting in extensive outages for the project management SaaS. The suspected cause is a server overload linked to a recent deployment problem. Ser ... to resolve the issue as quickly as possible.,Incident,High,Service Outages and Maintenance,Closed,158.0,2025-10-22 22:32:44,2025-10-29 12:32:44,Neutral,True,Slow,Breached,October,2025,4,Wednesday,3,219,36
1352245394,Detected Unauthorized Access Attempt Quickly,An unauthorized access attempt was detected on our hospital's network. This may have occurred due to outdated security protocols. We have since updated access credentials ... questions or concerns regarding this matter.,Incident,Low,Human Resources,Closed,139.0,2023-05-07 02:53:17,2023-05-12 21:53:17,Neutral,True,Slow,Breached,May,2023,2,Sunday,1,219,32
1352245395,Data Security Enhancements,"Request improvements to data security protocols for efficient management of medical data across impacted software services. It is crucial to ensure the confidentiality, i ... on of necessary measures to protect the data.",Change,Low,Billing and Payments,Closed,137.0,2023-09-01 23:30:46,2023-09-07 16:30:46,Urgent,True,Slow,Breached,September,2023,3,Friday,1,220,33
1352245396,Digital Strategy Tools Enhancement,"Dear Customer Support Team,\n\nI am writing to request an update regarding our digital strategy tools order, aimed at strengthening our marketing agency's brand growth an ... tools that can assist with these objectives.",Change,Medium,IT Support,Closed,136.0,2024-01-08 14:49:19,2024-01-14 06:49:19,Neutral,True,Slow,Breached,January,2024,1,Monday,2,219,33
1352245397,Concerns About Digital Strategy Tools Efficiency,Facing inefficiencies in digital strategy tools that are impacting brand growth metrics. This may be due to software compatibility issues. Despite attempting to sync and ... soon to minimize its impact on the business.,Problem,High,Technical Support,Resolved,158.0,2023-09-28 00:14:19,2023-10-04 14:14:19,Neutral,True,Slow,Breached,September,2023,3,Thursday,3,218,34
1352245398,Several Critical Devices Experiencing Network Failures,"Dear Support Team,\n\nWe are currently facing multiple essential hardware failures that are significantly disrupting our live analytics rebalancing processes. Despite per ... the next steps to fully restore our systems.",Incident,High,Technical Support,Closed,47.0,2025-05-07 11:45:45,2025-05-09 10:45:45,Satisfied,True,Medium,Within SLA,May,2025,2,Wednesday,3,219,30
1352245399,,"Customer Support, I am reaching out to seek guidance on how to secure medical data within a hospital environment using Ruby on Rails 6.1. As you may know, medical data is ... cation vulnerabilities such as SQL injection.",Request,Low,Technical Support,Closed,56.0,2023-04-27 14:37:16,2023-04-29 22:37:16,Neutral,True,Medium,Within SLA,April,2023,2,Thursday,1,220,38
1352245400,Guides for Zoho CRM Integration,I am in search of setup guides to integrate Zoho CRM with my project management SaaS. Could you provide me with some resources or documentation that can assist in the int ... ort or guidance would be greatly appreciated.,Request,High,Technical Support,Closed,21.0,2023-09-01 03:57:32,2023-09-02 00:57:32,Frustrated,True,Fast,Within SLA,September,2023,3,Friday,3,220,39
1352245401,Problem with NAS System,"Customer Support, I am reporting a problem with the NAS-System. The system has crashed, which has disrupted our data analytics processes and affected investment optimizat ... ation from me. Thank you for your assistance.",Incident,High,Technical Support,In Progress,0.0,2023-01-05 03:45:29,,Satisfied,False,Unresolved,Within SLA,January,2023,1,Thursday,3,220,34
1352245402,Optimizing Azure Data Analytics Tools,Seeking assistance with optimizing investment strategies for data analytics tools on Microsoft Azure. Can you offer guidance?,Request,Medium,IT Support,Closed,41.0,2024-09-26 14:38:20,2024-09-28 07:38:20,Satisfied,True,Medium,Within SLA,September,2024,3,Thursday,2,125,17
1352245403,,"Dear Customer Support, please address the underperformance of our digital marketing campaigns, which has led to stagnant brand growth despite efforts to optimize keywords ... now about any new tools that could be useful.",Problem,Low,Product Support,Resolved,21.0,2024-11-30 19:59:43,2024-12-01 16:59:43,Neutral,True,Fast,Within SLA,November,2024,4,Saturday,1,220,34
1352245404,,"A user reported intermittent access issues with the project management dashboard, which might be due to network congestion or backend server overload. The user has tried ... and switching browsers, but without success.",Incident,Medium,Customer Service,Closed,48.0,2025-12-06 21:37:07,2025-12-08 21:37:07,Neutral,True,Medium,Within SLA,December,2025,4,Saturday,2,218,33
1352245405,Payment Problem Identified,"There was an issue with the recent subscription payment which was declined. It could have happened due to insufficient funds or expired card. I checked the card details a ... ient balance, but the problem still persists.",Problem,Medium,Billing and Payments,Closed,106.0,2025-07-11 10:53:09,2025-07-15 20:53:09,Neutral,True,Slow,Breached,July,2025,3,Friday,2,220,37
1352245406,JIRA Integration Problem Indicated by API Key Discrepancy,"Greetings Customer Support, I am contacting you to address a recent malfunction in our JIRA integration. Despite our thorough attempts to ensure the system's integrity, t ... ur prompt response. Respectfully, [Your Name]",Problem,Low,Product Support,Closed,45.0,2024-12-30 23:36:25,2025-01-01 20:36:25,Frustrated,True,Medium,Within SLA,December,2024,4,Monday,1,220,33
1352245407,Enhance Maintenance Timetable for Optimal Performance,"Dear Customer Support, I am reaching out to request an update on the maintenance schedule. During peak usage times, the service has experienced substantial downtime, lead ... f there is any additional information needed.",Change,Low,Service Outages and Maintenance,Closed,127.0,2024-03-28 10:56:00,2024-04-02 17:56:00,Urgent,True,Slow,Breached,March,2024,1,Thursday,1,220,34
1352245408,Support Data Breach Inquiry,"A data breach was detected, which could potentially compromise sensitive medical information. It may have occurred due to outdated security protocols. Initial investigati ... s have been implemented to secure the system.",Incident,High,Customer Service,Closed,57.0,2023-02-20 16:54:07,2023-02-23 01:54:07,Frustrated,True,Medium,Within SLA,February,2023,1,Monday,3,220,32
1352245409,Concern Regarding Data Breach,"Dear Customer Support, our healthcare provider recently faced a potential data breach that may have compromised secure access to patient medical records. This could be du ... nd resolving this matter as soon as possible.",Problem,High,Technical Support,Pending,0.0,2023-12-26 14:03:34,,Satisfied,False,Unresolved,Within SLA,December,2023,4,Tuesday,3,220,35
1352245410,,"Noticing performance problems with our SaaS platform. This issue is widespread across various devices and could be due to increased user load or integration conflicts. We ... ed server metrics, but the problem continues.",Incident,Medium,Sales and Pre-Sales,Resolved,2.0,2024-03-23 13:19:43,2024-03-23 15:19:43,Satisfied,True,Fast,Within SLA,March,2024,1,Saturday,2,220,34
1352245411,"Problem Concerning Unapproved Login Attempt on Hospital Network, Positively Impacting Medical Information Safety","There was an unauthorized login attempt on the hospital network, which endangered the security of medical information. Passwords have been reset and antivirus software ha ... stem's integrity and prevent future breaches.",Incident,High,Technical Support,Closed,21.0,2024-03-15 04:30:17,2024-03-16 01:30:17,Frustrated,True,Fast,Within SLA,March,2024,1,Friday,3,220,32
1352245412,Problem with Concurrent Device Failures,"Greetings customer service, I am contacting you to address a concern about multiple devices that have been experiencing simultaneous failures. The situation emerged abrup ... ke? Thank you for your attention and support.",Incident,Medium,Technical Support,Closed,24.0,2025-12-28 01:16:32,2025-12-29 01:16:32,Frustrated,True,Fast,Within SLA,December,2025,4,Sunday,2,220,33
1352245413,Upgrade Software Integrations,Upgrade for a better experience,Change,Low,Customer Service,Closed,30.0,2024-12-06 07:30:53,2024-12-07 13:30:53,Frustrated,True,Medium,Within SLA,December,2024,4,Friday,1,31,5
1352245414,System Outage Impacting Products,We encountered a system outage that impacted products. High traffic might have overloaded our servers. We have restarted services and are working to optimize resources to ... k you for your understanding and cooperation.,Incident,High,Customer Service,Closed,157.0,2023-04-21 13:46:25,2023-04-28 02:46:25,Frustrated,True,Slow,Breached,April,2023,2,Friday,3,220,34
1352245415,Connectivity Problems with Printer on MacBook Pro,"Dear Support Team,\n\nI am reporting a recurring issue with the Laser Printer when printing from MacBook Pros running macOS 15. Several team members have recently encount ... printer drivers, and verified configurations.",Incident,Medium,Technical Support,Closed,166.0,2025-12-03 19:34:02,2025-12-10 17:34:02,Urgent,True,Slow,Breached,December,2025,4,Wednesday,2,220,32
1352245416,Guidance on Securing Medical Data in a Smart Home Hub Environment,Seeking advice on securing medical data within a Smart Home Hub in a hospital setting. It is essential to ensure that patient information remains protected.,Request,High,Technical Support,Closed,22.0,2023-12-29 14:40:12,2023-12-30 12:40:12,Frustrated,True,Fast,Within SLA,December,2023,4,Friday,3,156,25
1352245417,Concern about Data Analytics Tool,The data analytics tool is generating inconsistent results. Recent software updates might be causing data input errors. Efforts to revert to previous versions and validate input data were unsuccessful.,Incident,Medium,Human Resources,Closed,149.0,2024-02-15 23:18:40,2024-02-22 04:18:40,Satisfied,True,Slow,Breached,February,2024,1,Thursday,2,201,29
1352245418,Request for Assistance with Microsoft Azure Integration,I require support in integrating the Microsoft Azure project management SaaS platform. Could you provide detailed guidance on the process? I would greatly appreciate step ... structions along with relevant documentation.,Request,Medium,Technical Support,Closed,78.0,2025-08-28 23:51:05,2025-09-01 05:51:05,Frustrated,True,Slow,Breached,August,2025,3,Thursday,2,220,31
1352245419,Issue with Website During Campaign Launch,"Hello Customer Support, I am contacting you to report problems with our website during our recent campaign launch. The site experienced a crash, which we suspect was due ... your assistance. Thank you for your support.",Incident,High,Technical Support,Closed,154.0,2025-07-05 04:56:58,2025-07-11 14:56:58,Neutral,True,Slow,Breached,July,2025,3,Saturday,3,218,36
1352245420,Optimizing TP-Link Switch with Adobe Creative Cloud,"Greetings customer support, I am writing to seek advice on enhancing the integration between my TP-Link switch and Adobe Creative Cloud. I am keen to understand digital s ... provide. Thanks for your time and assistance.",Request,High,Technical Support,In Progress,0.0,2025-10-24 02:41:25,,Satisfied,False,Unresolved,Within SLA,October,2025,4,Friday,3,220,36
1352245421,Inquiry Regarding Digital Strategies for Brand Growth,Could you provide more details on the digital strategies you provide for brand growth? I would appreciate any information you could share.,Request,High,Customer Service,In Progress,0.0,2023-11-04 07:14:05,,Satisfied,False,Unresolved,Within SLA,November,2023,4,Saturday,3,138,22
1352245422,Problem with Microsoft Office Sync to Slack,"While updating Microsoft Office 2021, the integration with Slack ceased to sync project updates due to compatibility issues. Attempts at reinstalling and clearing cache were unsuccessful.",Problem,Low,Customer Service,Closed,47.0,2024-10-22 10:19:46,2024-10-24 09:19:46,Urgent,True,Medium,Within SLA,October,2024,4,Tuesday,1,187,26
1352245423,Detection of Unauthorized Access to Medical Data Systems,An unauthorized access attempt has been detected on our medical data systems. This may have occurred due to a phishing attack. We have implemented additional security pro ... pt response and look forward to your support.,Incident,High,Technical Support,Pending,0.0,2023-06-28 07:10:14,,Satisfied,False,Unresolved,Within SLA,June,2023,2,Wednesday,3,220,36
1352245424,Problems with Data Analytics Dashboard Freezing Regularly,"The data analytics dashboard is freezing because of compatibility issues with the outdated software. I've already restarted the system and updated the drivers, yet the is ... s significantly affecting my work efficiency.",Incident,Medium,Technical Support,Closed,165.0,2025-04-25 22:45:25,2025-05-02 19:45:25,Satisfied,True,Slow,Breached,April,2025,2,Friday,2,220,33
1352245425,Investment Report Dashboard Not Loading Correctly Today,I am reporting an issue with the investment report dashboard that has not been loading properly today. I believe it might be due to insufficient data caching or server ov ... e additional details to address this problem.,Incident,Low,Technical Support,Closed,47.0,2023-12-16 05:30:13,2023-12-18 04:30:13,Urgent,True,Medium,Within SLA,December,2023,4,Saturday,1,220,38
1352245426,Digital Marketing Campaign Issues,"The analytics software failed to integrate with the tools due to version incompatibilities. After updating the software and cleaning caches, the issue still persists.",Incident,High,Product Support,Closed,134.0,2025-10-03 01:34:21,2025-10-08 15:34:21,Frustrated,True,Slow,Breached,October,2025,4,Friday,3,166,24
1352245427,Enable Vagrant Integration for Airtable in Project Management,"Customer Support, seeking assistance to integrate Vagrant with Airtable within our SaaS platform. Our team utilizes Vagrant for development and testing, and we believe in ... ors, and increase productivity. Additionally,",Change,Medium,IT Support,Closed,12.0,2023-08-20 10:43:38,2023-08-20 22:43:38,Neutral,True,Fast,Within SLA,August,2023,3,Sunday,2,220,31
1352245428,Problem with Data Analytics Software Setup,A team member has noted discrepancies in the data analytics. These might be due to software misconfiguration. Previous efforts to fix the issue involved restarting the an ... We require your help to resolve this problem.,Incident,Medium,Human Resources,Closed,155.0,2024-02-17 15:29:46,2024-02-24 02:29:46,Frustrated,True,Slow,Breached,February,2024,1,Saturday,2,220,36
1352245429,Ensuring Security of Medical Data in Hospital IT Systems,"Hello Customer Support, I am writing to seek advice on the best security practices for safeguarding medical data on our hospital's IT infrastructure and equipment. Given ... r assistance. I am hoping for a prompt reply.",Request,Low,Billing and Payments,Closed,98.0,2023-08-09 22:57:11,2023-08-14 00:57:11,Neutral,True,Slow,Breached,August,2023,3,Wednesday,1,219,36
1352245430,Boost Data Analytics Across Products,Customer Support is requesting enhancements to data analytics integration across all affected products. This would significantly improve the efficiency of investment opti ... look into this matter and provide a solution.,Change,High,Product Support,Closed,62.0,2023-04-21 22:21:06,2023-04-24 12:21:06,Frustrated,True,Medium,Within SLA,April,2023,2,Friday,3,220,31
1352245431,,experienced considerable delays in project loading times. This may be due to increased user traffic overloading server capacity. Despite efforts to optimize database quer ... es to persist and requires prompt resolution.,Incident,High,IT Support,Resolved,46.0,2023-04-03 15:28:02,2023-04-05 13:28:02,Frustrated,True,Medium,Within SLA,April,2023,2,Monday,3,220,32
1352245432,Billing,"Could you provide details on the billing options, payment plans, and project management for SaaS? Thank you for your assistance with this matter.",Request,Medium,Billing and Payments,In Progress,0.0,2023-09-15 18:02:59,,Neutral,False,Unresolved,Within SLA,September,2023,3,Friday,2,145,23
1352245433,,"A marketing agency is facing billing inconsistencies with IntelliJ IDEA and Microsoft Office subscriptions. The issue might be due to overlapping subscription renewals, s ... tter promptly to avoid further complications.",Problem,Medium,Billing and Payments,Resolved,29.0,2024-04-22 20:35:58,2024-04-24 01:35:58,Urgent,True,Medium,Within SLA,April,2024,2,Monday,2,220,31
1352245434,Reported Crash Issue in Digital Campaign Platform,"Customer Support reports an unexpected crash in the digital campaign platform. The crash happened suddenly without prior warning, possibly caused by software conflicts or ... vestigate the problem and provide a solution?",Incident,Medium,Customer Service,Closed,111.0,2025-07-13 08:50:58,2025-07-17 23:50:58,Urgent,True,Slow,Breached,July,2025,3,Sunday,2,220,32
1352245435,Problem Detected with Dell Monitor,The Dell UltraSharp monitor is showing distorted visuals. It is suspected that a firmware malfunction is the cause. After reinstalling drivers and verifying all connectio ... nce. Please advise on the next steps to take.,Incident,High,Technical Support,Closed,115.0,2025-06-03 05:34:36,2025-06-08 00:34:36,Urgent,True,Slow,Breached,June,2025,2,Tuesday,3,220,35
1352245436,Urgent Assistance Required for Project Management Software,"We require immediate support for our project management software, as there are critical compatibility issues affecting several products. These issues are causing signific ... Thank you for your attention to this matter.",Change,High,Service Outages and Maintenance,Closed,72.0,2024-03-24 08:10:57,2024-03-27 08:10:57,Satisfied,True,Medium,Within SLA,March,2024,1,Sunday,3,219,32
1352245437,Problem Reported Concerning Data Feed,The interruption in the data feed has impeded the investment optimization process.,Incident,High,Service Outages and Maintenance,Closed,95.0,2024-11-13 04:49:38,2024-11-17 03:49:38,Urgent,True,Slow,Breached,November,2024,4,Wednesday,3,82,12
1352245438,Inconsistent investment reports identified,"Some discrepancies were noticed, which might be related to a Zapier problem",Problem,Medium,Sales and Pre-Sales,Resolved,110.0,2023-07-13 04:14:25,2023-07-17 18:14:25,Frustrated,True,Slow,Breached,July,2023,3,Thursday,2,75,12
1352245439,,"The marketing agency's digital strategies have encountered issues, resulting in reduced brand visibility and engagement. Recent software updates and conflicts might be th ... network connections, have been unsuccessful.",Problem,High,Technical Support,Resolved,159.0,2024-12-29 02:19:36,2025-01-04 17:19:36,Urgent,True,Slow,Breached,December,2024,4,Sunday,3,219,29
1352245440,Guidelines for Securing Medical Data in Hospital Systems,Could you offer guidance on practices for securing medical data in hospital systems? Thank you.,Request,Low,Customer Service,Closed,16.0,2025-12-05 19:46:35,2025-12-06 11:46:35,Satisfied,True,Fast,Within SLA,December,2025,4,Friday,1,95,15
1352245441,Request for Assistance with Data Analytics System Failure,"Our data analytics platform has experienced a crash, disrupting investment optimization processes. This may be due to a server overload caused by a software bug. We have ... olve this issue at your earliest convenience.",Incident,High,IT Support,Closed,162.0,2024-04-17 09:20:28,2024-04-24 03:20:28,Frustrated,True,Slow,Breached,April,2024,2,Wednesday,3,219,35
1352245442,Data Delay Problems Encountered Today,"The analytics platform faced sporadic delays in data processing, likely due to server overload or network problems. We tried restarting systems and verifying connections, ... any questions or concerns, please inform us.",Incident,Medium,Technical Support,Closed,64.0,2025-12-22 23:57:45,2025-12-25 15:57:45,Satisfied,True,Medium,Within SLA,December,2025,4,Monday,2,219,32
1352245443,Marketing Agency Data Synchronization Problem Noted,"A marketing agency has encountered data synchronization failures across various platforms, which has led to disruptions in campaign execution due to network configuration ... devices and checked the network connections.",Incident,Medium,Technical Support,Closed,68.0,2024-09-17 06:36:18,2024-09-20 02:36:18,Urgent,True,Medium,Within SLA,September,2024,3,Tuesday,2,219,30
1352245444,Detection of Unauthorized Access Attempt,"An unauthorized access attempt was detected on the hospital's network. This may have occurred due to outdated security protocols. We have updated access credentials and c ... ns regarding this matter, please let us know.",Incident,Low,Human Resources,Resolved,123.0,2024-02-27 22:04:25,2024-03-04 01:04:25,Satisfied,True,Slow,Breached,February,2024,1,Tuesday,1,220,35
1352245445,Platform Load Delays Inquiry,The project management SaaS platform is encountering slow load times and intermittent access problems. These issues may have been exacerbated by recent updates that handl ... equest that you address this matter promptly.,Problem,Low,Customer Service,Closed,53.0,2025-02-16 10:57:18,2025-02-18 15:57:18,Frustrated,True,Medium,Within SLA,February,2025,1,Sunday,1,220,33
1352245446,Query on Smart-Waage's Data Analytics Capabilities,"Hello Customer Support, I am writing to inquire about the data analytics tools provided by Smart-Waage. I am keen to know more about the platform's data analysis and visu ... rd to your response and appreciate your time.",Request,Medium,Billing and Payments,Closed,151.0,2025-04-18 19:58:18,2025-04-25 02:58:18,Neutral,True,Slow,Breached,April,2025,2,Friday,2,220,38
1352245447,Assistance Required with Medical Data Accessibility Issue,There has been an incident where the accessibility of medical data was compromised. This might have occurred due to misconfiguration of the WLAN-Router or software incomp ... lp us resolve this issue as soon as possible.,Incident,Low,Billing and Payments,Resolved,123.0,2025-02-06 02:01:12,2025-02-11 05:01:12,Neutral,True,Slow,Breached,February,2025,1,Thursday,1,220,36
1352245448,Concerns About Task Loading Delays,"There are reports of sporadic delays in task loading times that users are encountering. It is suspected that recent server optimizations might be the cause, as clearing t ... estarting services did not resolve the issue.",Incident,Low,Product Support,Closed,31.0,2024-11-11 00:50:00,2024-11-12 07:50:00,Satisfied,True,Medium,Within SLA,November,2024,4,Monday,1,220,36
1352245449,,"Encountering performance problems with the SaaS platform. Multiple devices are affected. Potential integration conflicts could be due to increased user load. Steps taken ... server metrics, but the issue still persists.",Incident,Medium,Sales and Pre-Sales,Closed,63.0,2023-05-05 23:05:22,2023-05-08 14:05:22,Neutral,True,Medium,Within SLA,May,2023,2,Friday,2,219,31
1352245450,Request for Update on Sales Presentation Materials,"Dear Customer Support, I am reaching out to request an update on the sales presentation materials. The software has undergone significant enhancements with new features t ... tomers. Please provide any necessary details.",Change,Medium,Sales and Pre-Sales,Closed,144.0,2025-07-18 00:25:22,2025-07-24 00:25:22,Urgent,True,Slow,Breached,July,2025,3,Friday,2,220,33
1352245451,Issue with Project Setup,Encountered an unexpected error while setting up the project. It might be due to insufficient user permissions. Steps taken: Restarted the application and cleared the cache.,Incident,Medium,Product Support,Closed,14.0,2023-03-03 22:07:03,2023-03-04 12:07:03,Satisfied,True,Fast,Within SLA,March,2023,1,Friday,2,173,26
1352245452,,Could you provide information on integrating SaaS GIMP with TYPO3?,Request,Medium,Customer Service,Closed,68.0,2024-11-02 03:11:45,2024-11-04 23:11:45,Neutral,True,Medium,Within SLA,November,2024,4,Saturday,2,66,10
1352245453,Improve Integration Features for Users,"Customer Support, requesting enhancements in integration capabilities for the SaaS platform, particularly for the products that are affected. These improvements would sig ... ty to fully utilize the platform's potential.",Change,Low,Product Support,Closed,42.0,2024-05-15 17:01:10,2024-05-17 11:01:10,Neutral,True,Medium,Within SLA,May,2024,2,Wednesday,1,220,30
1352245454,Exploring Tool Integration for Enhanced Workflow,I am keen on integrating various tools with our project management SaaS to boost our workflow and productivity. This integration would enable us to handle tasks more effi ... customized to fit our specific requirements?,Change,High,Service Outages and Maintenance,Closed,38.0,2025-07-26 20:04:33,2025-07-28 10:04:33,Satisfied,True,Medium,Within SLA,July,2025,3,Saturday,3,219,35
1352245455,Multiple Product Security Incidents Detected,"The company encountered recurrent security violations impacting various products, likely due to outdated software or configuration mistakes. Initial troubleshooting invol ... ivirus updates, but issues remain unresolved.",Incident,High,Technical Support,Resolved,61.0,2024-01-24 22:23:31,2024-01-27 11:23:31,Neutral,True,Medium,Within SLA,January,2024,1,Wednesday,3,220,27
1352245456,Request for Support on API Integration,Is it possible to get details on the API's capabilities for integrating with project management tools? I am interested in learning about the existing compatibility and integrations.,Request,Low,Technical Support,Closed,100.0,2023-02-10 04:18:47,2023-02-14 08:18:47,Urgent,True,Slow,Breached,February,2023,1,Friday,1,181,27
1352245457,Problem with Data Accuracy After Recent System Changes,Noticing inconsistencies in the data analytics reports impacting our investment strategies following the latest system updates.,Problem,High,Technical Support,In Progress,0.0,2023-05-22 20:54:47,,Neutral,False,Unresolved,Within SLA,May,2023,2,Monday,3,127,16
1352245458,Unusual Billing Discrepancy Issue,"Experienced an unexpected billing discrepancy, which might be due to a system error.",Incident,Medium,Billing and Payments,In Progress,0.0,2023-12-22 14:55:14,,Satisfied,False,Unresolved,Within SLA,December,2023,4,Friday,2,84,13
1352245459,Issue with Access to SaaS Functionality,Noted a sudden failure in accessing essential SaaS features. This might be due to a server overload or configuration issue. Steps taken include attempting to restart the affected applications.,Incident,Medium,Human Resources,Closed,157.0,2025-11-13 11:39:54,2025-11-20 00:39:54,Urgent,True,Slow,Breached,November,2025,4,Thursday,2,192,29
1352245460,Support for Data Analytics in Zoho Books,Looking to learn and integrate data analytics in Zoho Books to optimize investments. Could you provide some information on the topic and offer guidance or resources to get started?,Request,Medium,Customer Service,Resolved,146.0,2025-06-12 12:58:37,2025-06-18 14:58:37,Frustrated,True,Slow,Breached,June,2025,2,Thursday,2,180,29
1352245461,Query for Detailed Documentation on ActiveCampaign Integration,Contacting Customer Support to request detailed documentation for integrating the ActiveCampaign SaaS project management tool. Would like to know the step-by-step process ... ing back soon. Thank you for your assistance.,Request,High,IT Support,Closed,165.0,2025-07-01 01:31:45,2025-07-07 22:31:45,Frustrated,True,Slow,Breached,July,2025,3,Tuesday,3,220,31
1352245462,Request for Detailed Integration Guide for Google Keep,"Dear Customer Support Team, I am writing to request comprehensive documentation for integrating Google Keep into our project management SaaS platform. We believe that thi ... y additional information we need to consider.",Request,Medium,Technical Support,Resolved,94.0,2023-02-02 05:26:47,2023-02-06 03:26:47,Urgent,True,Slow,Breached,February,2023,1,Thursday,2,220,33
1352245463,Request for Assistance with Marketing Campaign Analytics Dashboard,"The marketing agency's campaign analytics dashboard is not displaying data correctly, possibly due to a recent system update. I have already tried refreshing the page and ... fix the problem. Thank you for your support.",Incident,Medium,Technical Support,Closed,79.0,2025-11-10 08:28:26,2025-11-13 15:28:26,Frustrated,True,Slow,Breached,November,2025,4,Monday,2,219,35
1352245464,,"Customer Support, I am reaching out to seek guidance on integrating Redis 6.2 SaaS to optimize project management performance. Could you please provide a step-by-step gui ... port. I look forward to your prompt response.",Request,Low,Returns and Exchanges,Pending,0.0,2024-02-23 16:05:57,,Neutral,False,Unresolved,Within SLA,February,2024,1,Friday,1,220,35
1352245465,Support for Integration Issues,"We are encountering integration problems with ActiveCampaign, Discord, and project management SaaS. This may be related to recent API updates. We have already verified AP ... . We need assistance to resolve this problem.",Problem,Medium,Human Resources,Closed,24.0,2025-06-14 04:02:41,2025-06-15 04:02:41,Neutral,True,Fast,Within SLA,June,2025,2,Saturday,2,220,34
1352245466,Request for Scalability Features Documentation,I am seeking detailed guidance and support for implementing scalability features on our project using the SaaS platform. Would it be possible to provide step-by-step inst ... I look forward to hearing back from you soon.,Request,High,Technical Support,Closed,149.0,2023-03-04 11:56:43,2023-03-10 16:56:43,Satisfied,True,Slow,Breached,March,2023,1,Saturday,3,220,36
1352245467,Sudden Disruption of Multiple Product Connections,"An update to the network configuration led to routing conflicts, impacting Switch, Android, and other devices. Attempts to revert the changes through reboots have been unsuccessful.",Incident,Medium,Service Outages and Maintenance,Closed,140.0,2023-09-30 03:35:01,2023-10-05 23:35:01,Urgent,True,Slow,Breached,September,2023,3,Saturday,2,181,26
1352245468,Support Request for Critical Issue,"Dear Customer Support Team, we are reporting a critical issue that has affected multiple products, involving software and hardware integrations. This issue has led to sys ... se let us know the next steps we should take.",Incident,High,Product Support,Closed,93.0,2024-12-31 21:32:31,2025-01-04 18:32:31,Satisfied,True,Slow,Breached,December,2024,4,Tuesday,3,220,37
1352245469,PostgreSQL Support Inquiry,"Seeking comprehensive details on PostgreSQL compatibility with ClickUp data integration, which would greatly assist in project planning. Appreciate your prompt assistance and look forward to your response soon.",Request,High,Technical Support,In Progress,0.0,2025-03-17 04:22:27,,Urgent,False,Unresolved,Within SLA,March,2025,1,Monday,3,210,28
1352245470,Enhancing Brand Growth with Squarespace,"Hello, I am keen on understanding digital strategies that can boost brand growth through Squarespace services. Could you kindly share some information or resources on this subject?",Request,Low,Customer Service,Closed,49.0,2025-10-09 02:02:03,2025-10-11 03:02:03,Satisfied,True,Medium,Within SLA,October,2025,4,Thursday,1,180,27
1352245471,Problem with Investment Analysis Data Discrepancy,Noted data inconsistency in investment analysis linked to integration problems. Efforts made include resynchronizing data sources and updating the software.,Problem,Medium,Technical Support,Closed,54.0,2024-11-17 23:30:25,2024-11-20 05:30:25,Neutral,True,Medium,Within SLA,November,2024,4,Sunday,2,156,20
1352245472,Investigation into Delays with Investment Tool,"Customer Support, in the process of documenting the issue with the investment optimization tool, have noticed a significant slowdown during peak usage times. This could b ... ovide a solution as soon as possible. Please.",Incident,High,Technical Support,Closed,128.0,2024-03-08 02:25:43,2024-03-13 10:25:43,Neutral,True,Slow,Breached,March,2024,1,Friday,3,220,35
1352245473,Discovery of Data Breach Involving Medical Records,"Underwent a data breach involving medical records due to unauthorized access, which may indicate inadequate encryption measures. Security software has been updated, and a ... ce is needed to ensure the system's security.",Problem,Medium,Technical Support,In Progress,0.0,2023-10-09 22:24:20,,Frustrated,False,Unresolved,Within SLA,October,2023,4,Monday,2,220,33
1352245474,Effective Strategies for Optimizing Investment Portfolios,Which tools are utilized to optimize investment portfolios?,Request,Medium,Technical Support,In Progress,0.0,2025-06-28 06:40:12,,Frustrated,False,Unresolved,Within SLA,June,2025,2,Saturday,2,59,8
1352245475,Urgent Support Needed for Drop in Social Media Engagement,"Hello Customer Support, I am currently facing an unexpected decline in social media engagement. Although I have checked the analytics and made adjustments to my posts, th ... this matter and eagerly await your feedback.",Incident,Low,Customer Service,Closed,158.0,2024-11-08 02:58:12,2024-11-14 16:58:12,Neutral,True,Slow,Breached,November,2024,4,Friday,1,219,35
1352245476,Urgent Assistance Required for Critical Error in Data Analysis,"A critical error has occurred during data analysis, leading to delays in investment optimization decisions. Incompatible software versions or data format issues could be ... esolve this matter and prevent future delays.",Incident,High,Technical Support,Closed,74.0,2025-09-13 02:29:22,2025-09-16 04:29:22,Neutral,True,Slow,Breached,September,2025,3,Saturday,3,219,32
1352245477,Users Facing Connectivity Challenges in Various Software Applications,"Dear Support Team, customers are encountering connectivity problems with several software tools used for collaborative projects. These issues might be related to recent s ... mation needed, please let me know. Thank you.",Incident,High,Technical Support,Closed,13.0,2025-02-02 20:51:59,2025-02-03 09:51:59,Urgent,True,Fast,Within SLA,February,2025,1,Sunday,3,220,33
1352245478,,require assistance in optimizing investments leveraging H2O.ai financial analytics tools,Request,Medium,Customer Service,Closed,41.0,2023-05-22 17:45:48,2023-05-24 10:45:48,Urgent,True,Medium,Within SLA,May,2023,2,Monday,2,88,10
1352245479,Request for Urgent Review of Billing Discrepancies,Encountered unexpected billing issues that are affecting the processing of payments across multiple products. These discrepancies may be due to recent software updates or ... information to facilitate the investigation.,Incident,High,Billing and Payments,Closed,108.0,2024-12-31 03:15:27,2025-01-04 15:15:27,Frustrated,True,Slow,Breached,December,2024,4,Tuesday,3,219,30
1352245480,Denial of Medical Records Access,"There has been an unexpected denial of access to medical records, which might be due to a potential issue with the firewall settings.",Problem,High,IT Support,Closed,154.0,2024-06-24 12:55:42,2024-06-30 22:55:42,Neutral,True,Slow,Breached,June,2024,2,Monday,3,133,23
1352245481,Support Request for Potential Data Breach,"A potential data breach has been detected in the healthcare provider's system, possibly due to an unauthorized access vulnerability.",Incident,Low,Human Resources,Closed,93.0,2024-09-26 08:19:13,2024-09-30 05:19:13,Urgent,True,Slow,Breached,September,2024,3,Thursday,1,132,19
1352245482,Concern About UniFi Dream Machine,"Customer Support, <br>A data access issue has been detected on the Ubiquiti UniFi Dream Machine, impacting medical hospital systems. It might have occurred due to softwar ... reciate your prompt attention to this matter.",Incident,Low,Technical Support,Closed,125.0,2024-06-01 18:38:15,2024-06-06 23:38:15,Frustrated,True,Slow,Breached,June,2024,2,Saturday,1,220,34
1352245483,Tool System Update Issues,Multiple software tools experiencing malfunctions,Incident,High,Product Support,Closed,20.0,2024-05-13 17:55:09,2024-05-14 13:55:09,Neutral,True,Fast,Within SLA,May,2024,2,Monday,3,49,5
1352245484,Report on SaaS Platform Outage,The SaaS platform encountered an unexpected outage that impacted user access. The issue is suspected to be due to server overload or a software bug. Restarting the server ... this issue as soon as possible is requested.,Problem,Medium,Customer Service,In Progress,0.0,2025-11-07 00:23:17,,Neutral,False,Unresolved,Within SLA,November,2025,4,Friday,2,219,37
1352245485,,We are encountering integration issues with GNU Compiler Collection 11.1 on the SaaS platform following recent updates that are impacting compatibility.,Incident,Medium,Technical Support,In Progress,0.0,2023-06-12 11:45:58,,Neutral,False,Unresolved,Within SLA,June,2023,2,Monday,2,152,21
1352245486,Request for Detailed Documentation on API Integration,Is it possible to provide extensive documentation on the API integration capabilities for our project management SaaS? I need to understand how to integrate the API into our existing system.,Request,Medium,Technical Support,Closed,43.0,2023-09-07 19:59:06,2023-09-09 14:59:06,Urgent,True,Medium,Within SLA,September,2023,3,Thursday,2,190,30
1352245487,Hospital Infrastructure Security Breach,"A security breach has been detected in the hospital's infrastructure, which is compromising the integrity of medical data. Despite updates to the software and enhancement ... he firewall protections, the issues continue.",Incident,Medium,Product Support,Closed,36.0,2024-05-27 07:58:18,2024-05-28 19:58:18,Frustrated,True,Medium,Within SLA,May,2024,2,Monday,2,220,32
1352245488,,"Customer Support, reporting an issue with the digital campaign platforms used by the marketing agency. Recently, there have been outages across several products, which we ... possible? We would appreciate your guidance.",Incident,High,Technical Support,Closed,76.0,2024-10-01 11:14:28,2024-10-04 15:14:28,Satisfied,True,Slow,Breached,October,2024,4,Tuesday,3,219,32
1352245489,Discovery of Unauthorized Access to Medical Data,"Dear Customer Support,\n\nI am reporting a serious incident involving unauthorized access to medical data at a healthcare facility. The investigation indicates that the b ... ur urgent assistance.\n\nSincerely,\n\n[Name]",Problem,High,Technical Support,Closed,8.0,2025-12-13 14:01:44,2025-12-13 22:01:44,Neutral,True,Fast,Within SLA,December,2025,4,Saturday,3,220,28
1352245490,Asking for Assistance with Digital Marketing,Digital marketing tactics not achieving anticipated brand expansion. Potential issue: inefficient targeting and outdated content methods. Already examined analytics and m ... vement. Require help to enhance brand growth.,Problem,Medium,Technical Support,Resolved,41.0,2025-02-08 16:25:26,2025-02-10 09:25:26,Frustrated,True,Medium,Within SLA,February,2025,1,Saturday,2,220,29
1352245491,Enhance Performance and Scalability for SaaS Project Management Platform; System Update Required,The SaaS project management platform needs an update to enhance its performance and scalability. This system update will improve the overall user experience and enable more efficient project management.,Change,High,Service Outages and Maintenance,Closed,86.0,2024-03-23 17:32:17,2024-03-27 07:32:17,Neutral,True,Slow,Breached,March,2024,1,Saturday,3,202,29
1352245492,Need Technical Assistance for Data Analytics Tool,"The data analytics tool experienced crashes during peak analysis periods, leading to workflow disruptions. The issue might be due to server overload or outdated software. ... es immediate assistance to resolve the issue.",Incident,High,Technical Support,In Progress,0.0,2025-10-26 06:54:16,,Urgent,False,Unresolved,Within SLA,October,2025,4,Sunday,3,220,33
1352245493,Assistance Needed for Malfunctioning Integrations,"Hello Customer Support, I am experiencing difficulties with several integrations that have stopped working all at once. It appears that the API key may have expired, as w ... and cooperation. I await your response soon.",Incident,Low,Customer Service,In Progress,0.0,2024-09-14 01:56:31,,Neutral,False,Unresolved,Within SLA,September,2024,3,Saturday,1,219,36
1352245494,,"Dear Customer Support, we are encountering issues with our data analytics tools, specifically with financial discrepancies in our investment predictions. We suspect these ... matter. Could you please offer some guidance?",Problem,Medium,Product Support,Resolved,132.0,2025-05-04 13:05:17,2025-05-10 01:05:17,Satisfied,True,Slow,Breached,May,2025,2,Sunday,2,220,31
1352245495,Problem with Crash in Project Management Tool,"Our SaaS project management tool is encountering unexpected crashes during data processing, which might be related to a conflict between PostgreSQL 13 and Kaspersky Inter ... timizing database queries resolved the issue.",Problem,Medium,IT Support,Closed,59.0,2023-02-27 00:10:05,2023-03-01 11:10:05,Frustrated,True,Medium,Within SLA,February,2023,1,Monday,2,220,32
1352245496,Security Incident: Potential Data Breach in Health Records,We have identified a potential data breach in our patient health records system. It's believed that a security flaw in a third-party application might be the cause. We ha ... rus scans and reviewed firewall logs to date.,Problem,Medium,Product Support,In Progress,0.0,2024-12-07 13:08:20,,Neutral,False,Unresolved,Within SLA,December,2024,4,Saturday,2,220,38
1352245497,Support Inquiry Regarding Website Analytics Tool,"The website analytics tool is showing current metrics, which is causing delays in adjusting the campaign. This might be due to API integration issues. Attempts to reconne ... minimize any impact on campaign performance.",Incident,Medium,IT Support,Closed,131.0,2023-05-17 19:06:25,2023-05-23 06:06:25,Frustrated,True,Slow,Breached,May,2023,2,Wednesday,2,219,34
1352245498,Error Encountered During Data Integration,An unexpected data integration error has arisen while optimizing investments with analytics tools. This might be due to compatibility issues with outdated software versio ... and restarting the systems were unsuccessful.,Incident,Low,Customer Service,Closed,144.0,2024-05-03 14:02:58,2024-05-09 14:02:58,Frustrated,True,Slow,Breached,May,2024,2,Friday,1,220,31
1352245499,Error in Data Analysis,"An error has occurred during the data analysis process, which is affecting the optimization of investments. There is a suspicion that it may be due to software integration issues.",Incident,High,IT Support,Resolved,165.0,2024-01-28 02:06:40,2024-02-03 23:06:40,Neutral,True,Slow,Breached,January,2024,1,Sunday,3,179,29
1352245500,Problems with campaign analytics dashboards,Encountered issues where campaign analytics dashboards are not loading,Incident,High,Product Support,Resolved,36.0,2024-05-17 04:31:13,2024-05-18 16:31:13,Frustrated,True,Medium,Within SLA,May,2024,2,Friday,3,70,9
1352245501,Reported Problems After Financial Firm System Upgrade,"The financial institution experienced multiple outages across various products, which disrupted their investment analytics. The suspected cause is conflicts arising from ... so considering seeking additional assistance.",Incident,High,Service Outages and Maintenance,Closed,24.0,2023-06-30 01:52:13,2023-07-01 01:52:13,Satisfied,True,Fast,Within SLA,June,2023,2,Friday,3,219,27
1352245502,Health Concern,The healthcare provider observed atypical attempts to access medical records.,Problem,Low,Customer Service,Closed,138.0,2024-09-19 20:44:17,2024-09-25 14:44:17,Satisfied,True,Slow,Breached,September,2024,3,Thursday,1,77,10
1352245503,,"Customer Support, inquiring about data analytics services, particularly for optimizing investment strategies. Could you provide details on the types of services that woul ... rd to hearing back soon. Regards, [Your Name]",Request,Medium,Billing and Payments,Closed,125.0,2025-03-10 09:32:19,2025-03-15 14:32:19,Satisfied,True,Slow,Breached,March,2025,1,Monday,2,220,32
1352245504,Concern Regarding Access to Cloud-Based Tools,"Recently, there were intermittent connectivity issues with cloud-based tools that the team has been experiencing. This might have been due to network instability or high ... g this matter to prevent further disruptions.",Problem,Low,IT Support,Resolved,130.0,2023-01-02 18:54:53,2023-01-08 04:54:53,Neutral,True,Slow,Breached,January,2023,1,Monday,1,219,33
1352245505,Problem with Monthly Subscription Being Charged Twice,I was charged twice during my monthly subscription billing cycle. This might have happened due to a system glitch causing overlapping transactions. I have already checked ... additional information to resolve this issue.,Problem,High,Billing and Payments,Resolved,164.0,2025-10-18 15:21:22,2025-10-25 11:21:22,Urgent,True,Slow,Breached,October,2025,4,Saturday,3,220,33
1352245506,Security Incident in Medical Records System,"Customer Support, preparing detailed report on critical issue with the medical records system. A data security breach has been encountered, possibly due to outdated encry ... ovide us with immediate guidance and support.",Problem,High,Technical Support,In Progress,0.0,2025-04-22 21:21:19,,Frustrated,False,Unresolved,Within SLA,April,2025,2,Tuesday,3,220,33
1352245507,Handling Slow Excel Data Processing,"Customer Support, <br>Our financial institution encounters slow data processing when analyzing investments with Excel, especially with large datasets often surpassing 100 ... ready explored initial troubleshooting steps.",Problem,High,Product Support,Pending,0.0,2024-12-18 15:43:35,,Neutral,False,Unresolved,Within SLA,December,2024,4,Wednesday,3,220,27
1352245508,Assistance with Data Analytics Tools for Investment Portfolio Optimization,"Hi there, I hope this message finds you well. I am writing to seek information on data analytics tools that can be utilized to optimize investment portfolios for financia ... have. Thank you for your time and assistance.",Request,High,Technical Support,Closed,134.0,2024-10-03 22:59:10,2024-10-09 12:59:10,Urgent,True,Slow,Breached,October,2024,4,Thursday,3,220,38
1352245509,,"Customer support, I am seeking detailed guidance on how to utilize data analytics tools for investment optimization strategies. Could you provide step-by-step instruction ... stance. I look forward to your response soon.",Request,Medium,Product Support,In Progress,0.0,2023-03-26 04:52:29,,Satisfied,False,Unresolved,Within SLA,March,2023,1,Sunday,2,220,32
1352245510,Security for Medical Data Solutions,Customer Support is seeking guidance on integrating security features to protect medical data within hospital solutions. Could you supply comprehensive details on how you ... t. Please provide the relevant documentation.,Request,High,Technical Support,Closed,158.0,2023-10-19 09:35:02,2023-10-25 23:35:02,Frustrated,True,Slow,Breached,October,2023,4,Thursday,3,220,31
1352245511,Project Information Disappeared Sudden Today,"Hello Customer Support, I am contacting you to report a problem with my project information. During the synchronization process, all my data unexpectedly disappeared. I b ... er information from me to resolve this issue.",Incident,Medium,Customer Service,Closed,12.0,2025-03-16 08:49:17,2025-03-16 20:49:17,Neutral,True,Fast,Within SLA,March,2025,1,Sunday,2,220,35
1352245512,Problem with Uploads Today,"We are facing difficulties with project file uploads in PDFfiller, which might be due to incompatibility with Oracle Database 19c. After clearing the cache, restarting ap ... appreciate any help in resolving this matter.",Incident,Medium,Technical Support,Closed,93.0,2024-07-16 00:06:43,2024-07-19 21:06:43,Satisfied,True,Slow,Breached,July,2024,3,Tuesday,2,220,34
1352245513,Request for Customer Support Assistance,"Dear Customer Support Team, I am reaching out to inquire about billing options and available payment plans for Adobe Sign and Google Cloud Platform services. Could you pl ... extra fees that may apply to these services.",Request,Medium,Billing and Payments,Closed,58.0,2025-08-25 05:28:23,2025-08-27 15:28:23,Neutral,True,Medium,Within SLA,August,2025,3,Monday,2,219,37
1352245514,Support Inquiry for Real-Time Collaboration Features,"Hello, we are interested in integrating real-time collaboration features across our supported platforms to enhance project management efficiency and boost team productivi ... a call at <tel_num> to discuss this further.",Change,Medium,Product Support,Closed,91.0,2025-02-13 09:10:11,2025-02-17 04:10:11,Neutral,True,Slow,Breached,February,2025,1,Thursday,2,219,31
1352245515,Improve Security of Medical Data Systems,It is necessary to update antivirus and VPN settings to guarantee that the hospital's IT networks are safeguarded against potential cyber threats.,Change,Low,Technical Support,Closed,26.0,2025-08-29 12:55:40,2025-08-30 14:55:40,Satisfied,True,Medium,Within SLA,August,2025,3,Friday,1,146,22
1352245516,Issues with Investment Predictions Data,Noted discrepancies in investment predictions using the data analytics tool. This might be due to recent algorithm updates. After restarting the tool and clearing the cac ... ists. Kindly assist in resolving this matter.,Incident,Medium,Product Support,Closed,110.0,2024-11-17 16:28:52,2024-11-22 06:28:52,Neutral,True,Slow,Breached,November,2024,4,Sunday,2,220,34
1352245517,Explore Customization Options for Project Management SaaS Platform,I am interested in exploring the customization options available for the project management SaaS platform. Could you please provide information on the types of customizat ... I look forward to hearing back from you soon.,Request,High,Product Support,Closed,126.0,2023-03-22 04:13:35,2023-03-27 10:13:35,Frustrated,True,Slow,Breached,March,2023,1,Wednesday,3,220,35
1352245518,,"Dear Customer Support, I am reporting an issue with the SaaS platform's report generation. Upon launching the platform, users encounter considerable delays in task loadin ... know if you need any additional information.",Problem,High,Technical Support,Resolved,128.0,2023-11-13 05:12:04,2023-11-18 13:12:04,Satisfied,True,Slow,Breached,November,2023,4,Monday,3,219,33
1352245519,,"Dear Customer Support, we are a marketing agency facing connectivity problems with our Google Nest Wifi Router, which is impacting our online tools and client communicati ... discussion and technician dispatch if needed.",Incident,Low,Customer Service,Closed,41.0,2024-02-19 20:34:41,2024-02-21 13:34:41,Neutral,True,Medium,Within SLA,February,2024,1,Monday,1,220,33
1352245520,,The digital marketing campaigns managed by the agency have been suspended. The first steps taken to troubleshoot included restarting the software and verifying compatibil ... olved. Assistance is needed to fix the issue.,Incident,High,Product Support,Closed,106.0,2025-05-03 04:23:32,2025-05-07 14:23:32,Urgent,True,Slow,Breached,May,2025,2,Saturday,3,220,33
1352245521,Potential Billing Issues Due to Recent Payment Gateway Update,Users have encountered billing problems across various products. Troubleshooting efforts have been undertaken but did not resolve the issue.,Problem,High,Billing and Payments,Closed,90.0,2023-07-23 12:31:37,2023-07-27 06:31:37,Urgent,True,Slow,Breached,July,2023,3,Sunday,3,140,19
1352245522,,"customer support, facing challenges with report issue while uploading project files. During the upload attempt, users encounter an error indicating the file format is inc ... g this issue which is hindering our progress.",Problem,Medium,Customer Service,Pending,0.0,2024-03-23 10:30:17,,Neutral,False,Unresolved,Within SLA,March,2024,1,Saturday,2,220,34
1352245523,Issues with Digital Tools Affecting Brand Growth,"A marketing agency is facing disruptions due to multiple digital tools, which are impacting their brand growth strategies. Recent software updates and network configurati ... lp get brand growth strategies back on track.",Incident,High,Technical Support,Closed,144.0,2024-11-11 14:09:06,2024-11-17 14:09:06,Frustrated,True,Slow,Breached,November,2024,4,Monday,3,220,33
1352245524,Incident on SaaS Platform,An incident happened due to high traffic.,Incident,Low,Customer Service,Closed,94.0,2025-12-20 16:38:52,2025-12-24 14:38:52,Neutral,True,Slow,Breached,December,2025,4,Saturday,1,41,7
1352245525,Upgrade SaaS Platform Integration Features,"Dear Customer Support Team, I am writing to request enhancements in the integration capabilities of our SaaS platform, particularly for webcams and external drives. The c ... or the expected implementation. Additionally,",Change,Low,General Inquiry,Closed,21.0,2025-01-22 23:21:56,2025-01-23 20:21:56,Neutral,True,Fast,Within SLA,January,2025,1,Wednesday,1,220,32
1352245526,Crash Issue with Data Analytics Platform,"Hello Customer Support, I am contacting you to report a problem with our data analytics platform. The Cubase 11 application encountered issues, leading to crashes in our ... our quick response. Best regards, [Your Name]",Incident,Medium,Product Support,Pending,0.0,2023-07-08 15:05:33,,Urgent,False,Unresolved,Within SLA,July,2023,3,Saturday,2,219,35
1352245527,Enhanced Security Measures for Smart-Tracker and Kingston Devices,"Dear Customer Support, I am reaching out to highlight the necessity for improved security protocols on Smart-Tracker and Kingston devices, especially concerning medical d ... immediate attention to this important issue.",Change,High,Customer Service,Closed,35.0,2023-02-14 20:19:50,2023-02-16 07:19:50,Neutral,True,Medium,Within SLA,February,2023,1,Tuesday,3,219,31
1352245528,Guidelines for Securing Patient Data in Hospital Systems,"Could you provide guidelines for securing patient data across our affected hospital systems? We need practices for data encryption, access control, and backup procedures ... egulations and protect sensitive information.",Request,Low,Product Support,Closed,101.0,2025-09-05 16:55:58,2025-09-09 21:55:58,Satisfied,True,Slow,Breached,September,2025,3,Friday,1,219,30
1352245529,Concerns About Digital Marketing Analytics Tools,"Experienced difficulties with digital marketing analytics tools, which has affected the ability to measure campaign effectiveness. This may be due to recent software upda ... in resolving this issue as soon as possible.",Incident,High,Technical Support,Closed,109.0,2025-08-03 20:22:51,2025-08-08 09:22:51,Frustrated,True,Slow,Breached,August,2025,3,Sunday,3,219,33
1352245530,Assistance Required for Marketing Campaigns,The marketing campaigns are underperforming and require enhancement.,Incident,Medium,Product Support,In Progress,0.0,2024-01-07 17:39:21,,Frustrated,False,Unresolved,Within SLA,January,2024,1,Sunday,2,68,8
1352245531,Boost Text Editing Capabilities on Every Device,Enhance your writing experience through Grammarly integration.,Change,High,Technical Support,Closed,79.0,2023-09-04 00:45:57,2023-09-07 07:45:57,Urgent,True,Slow,Breached,September,2023,3,Monday,3,62,7
1352245532,Report on Unauthorized Network Access Event,"Dear Customer Support, I am reporting an unauthorized access incident detected in our network. Multiple devices and applications have been affected, likely due to outdate ... curity and functionality as soon as possible.",Incident,High,Technical Support,Closed,62.0,2024-04-27 17:36:17,2024-04-30 07:36:17,Frustrated,True,Medium,Within SLA,April,2024,2,Saturday,3,220,33
1352245533,Urgent: Strengthen Data Encryption for Medical Records,"Dear support team, it is imperative that we quickly enhance data encryption for medical records on the Smart-Licht and Plex systems. The current security protocols are de ... available to discuss this further if needed.",Change,Medium,Returns and Exchanges,Closed,132.0,2025-05-05 16:46:00,2025-05-11 04:46:00,Neutral,True,Slow,Breached,May,2025,2,Monday,2,219,35
1352245534,Assistance Needed for Data Integration Issue,"A financial organization experienced failures in data synchronization within Vagrant Sage Accounting, which impacted their investment analysis processes. The root cause m ... o resolve this matter as quickly as possible.",Incident,High,Technical Support,Resolved,164.0,2023-01-22 05:49:15,2023-01-29 01:49:15,Satisfied,True,Slow,Breached,January,2023,1,Sunday,3,220,31
1352245535,Issues with Marketing Automation Tools Have Arisen,"The marketing automation tools have stopped functioning properly, leading to the failure of the campaigns. It seems that recent software updates might be causing compatib ... tools, but the problem continues to persist.",Incident,High,Technical Support,Closed,142.0,2025-05-07 21:25:29,2025-05-13 19:25:29,Satisfied,True,Slow,Breached,May,2025,2,Wednesday,3,219,33
1352245536,Problem Encountered With Medical Data Encryption,"An unexpected failure of medical data encryption happened because of an incompatibility with the Adobe Photoshop update. After restarting our Debian servers and reviewing ... cket backups, the issue still isn't resolved.",Incident,Low,Technical Support,Closed,168.0,2024-09-25 18:59:43,2024-10-02 18:59:43,Satisfied,True,Slow,Breached,September,2024,3,Wednesday,1,220,32
1352245537,Assistance Needed for Critical Outage,"Our team is currently facing a severe disruption in the availability of our SaaS project management tools, which has prevented users from accessing key features. Could yo ... s are encountering when attempting to log in?",Incident,High,IT Support,Closed,34.0,2023-05-25 19:05:27,2023-05-27 05:05:27,Satisfied,True,Medium,Within SLA,May,2023,2,Thursday,3,220,36
1352245538,Services for Ensuring Medical Data Security in Hospital Systems,"Seeking details on the security services for medical data in hospital systems. Could you please furnish the types of security measures and encryption methods you offer, a ... previous clients in the healthcare industry.",Request,Low,Billing and Payments,Resolved,99.0,2023-12-16 01:26:51,2023-12-20 04:26:51,Satisfied,True,Slow,Breached,December,2023,4,Saturday,1,219,34
1352245539,Multiple Challenges with Product Integration Encountered,"Customer support team, while preparing a marketing agency report, faced several problems with product integration that led to substantial delays in campaign execution. De ... reciated. Please inform us of the next steps.",Problem,High,Technical Support,In Progress,0.0,2023-06-26 06:08:13,,Neutral,False,Unresolved,Within SLA,June,2023,2,Monday,3,220,33
1352245540,Concern About Digital Marketing Engagement Levels,Brand engagement is currently low.,Incident,Medium,Sales and Pre-Sales,Closed,164.0,2024-12-17 20:01:27,2024-12-24 16:01:27,Neutral,True,Slow,Breached,December,2024,4,Tuesday,2,34,5
1352245541,Investment Analysis Data Retrieval Delay,Users are facing delays in retrieving investment analysis data. The issue might be due to recent software updates or increased server load. Clearing the cache and restarting the application did not resolve the problem.,Incident,Low,Customer Service,Resolved,75.0,2023-07-02 11:27:19,2023-07-05 14:27:19,Frustrated,True,Slow,Breached,July,2023,3,Sunday,1,218,34
1352245542,,"Requesting urgent investigation into outages impacting multiple integrated software systems that are integral to project management services. These outages are causing su ... ations, significantly affecting productivity.",Change,High,Service Outages and Maintenance,Resolved,128.0,2025-10-03 04:22:02,2025-10-08 12:22:02,Neutral,True,Slow,Breached,October,2025,4,Friday,3,220,27
1352245543,,I am seeking to understand the methods for securing medical data when integrating Firebase tools. Could you provide information on the practices for handling sensitive me ... for a seamless integration of Firebase tools.,Request,High,Product Support,Closed,111.0,2023-08-28 04:27:34,2023-09-01 19:27:34,Satisfied,True,Slow,Breached,August,2023,3,Monday,3,220,34
1352245544,Unauthorized Access Event Notification,report of security breach.,Incident,High,IT Support,Closed,93.0,2025-02-13 04:47:07,2025-02-17 01:47:07,Urgent,True,Slow,Breached,February,2025,1,Thursday,3,26,4
1352245545,Problems with Digital Advertising Campaigns,"Despite higher investment, the campaigns are not delivering expected results, potentially due to inaccurate audience targeting.",Problem,High,Technical Support,Closed,122.0,2024-03-29 09:23:15,2024-04-03 11:23:15,Frustrated,True,Slow,Breached,March,2024,1,Friday,3,127,16
1352245546,Encountered Data Discrepancies in Investment Analytics Reports,"We are experiencing data discrepancies in our investment analytics reports, which may be due to integration issues between RapidMiner and QuickBooks Online. Despite updat ... lve this matter to ensure accurate reporting.",Incident,Medium,Technical Support,In Progress,0.0,2025-03-01 12:07:25,,Frustrated,False,Unresolved,Within SLA,March,2025,1,Saturday,2,220,32
1352245547,Cyber Security,"Dear Customer Support, I am inquiring about the recommended cybersecurity measures for securing medical data in healthcare settings. As you are aware, medical data is hig ... opic. Thank you for your time and assistance.",Request,Medium,Sales and Pre-Sales,Resolved,4.0,2025-12-31 19:39:06,2025-12-31 23:39:06,Neutral,True,Fast,Within SLA,December,2025,4,Wednesday,2,220,35
1352245548,Inquiry Regarding Pricing and Subscription Plans for Digital Marketing Services,Could you provide details on the pricing and subscription plans available for your digital marketing services?,Request,Medium,Returns and Exchanges,Closed,4.0,2024-02-29 18:01:08,2024-02-29 22:01:08,Neutral,True,Fast,Within SLA,February,2024,1,Thursday,2,110,16
1352245549,Issues with Brand Expansion,"Despite enhancing ad text and boosting the budget, engagement levels remain low.",Incident,High,IT Support,Resolved,69.0,2024-10-07 10:36:09,2024-10-10 07:36:09,Frustrated,True,Medium,Within SLA,October,2024,4,Monday,3,80,12
1352245550,Query for Project Management SaaS Features and Details,"I am interested in learning more about project management SaaS and would like to know about the various features, scalability options, and customization possibilities. Ad ... nce, and I look forward to hearing back soon.",Request,Medium,Customer Service,Closed,63.0,2025-01-19 12:53:16,2025-01-22 03:53:16,Neutral,True,Medium,Within SLA,January,2025,1,Sunday,2,220,35
1352245551,Reported Issue of Unauthorized Access to Medical Data,"Facing unauthorized access attempts to medical data. This might have occurred due to weak access control vulnerabilities in the system. So far, we have reviewed user perm ... us know the next steps to resolve this issue.",Problem,Medium,Customer Service,Closed,104.0,2025-01-03 13:37:46,2025-01-07 21:37:46,Satisfied,True,Slow,Breached,January,2025,1,Friday,2,220,37
1352245552,Problem with Medical Data Access,Facing difficulties in accessing protected medical data owing to incompatible software integrations.,Incident,Medium,Technical Support,Closed,24.0,2024-01-14 14:56:48,2024-01-15 14:56:48,Neutral,True,Fast,Within SLA,January,2024,1,Sunday,2,100,12
1352245553,Concerns About Securing Medical Information,Facing difficulties in securing medical information within our hospital network. The problem might stem from using outdated security measures. Steps like updating firewal ... s and resolve this issue as soon as possible.,Problem,Medium,Product Support,Closed,11.0,2024-12-10 14:14:02,2024-12-11 01:14:02,Satisfied,True,Fast,Within SLA,December,2024,4,Tuesday,2,220,33
1352245554,Request for Integration Options for Project Management Tools,"Hello Customer Support, I am contacting you to seek information regarding our current project management tools and how they can be integrated to enhance our workflow. We ... your response and hope to hear from you soon.",Request,Medium,Customer Service,Closed,134.0,2025-05-06 08:39:06,2025-05-11 22:39:06,Frustrated,True,Slow,Breached,May,2025,2,Tuesday,2,219,37
1352245555,Concerns About Digital Engagement Algorithm,"Our marketing firm is facing difficulties with low engagement on digital platforms. Despite revising our analytics and content strategies, engagement levels have not impr ... and resolve this issue to enhance engagement.",Incident,Low,Product Support,Closed,86.0,2023-08-13 16:38:36,2023-08-17 06:38:36,Frustrated,True,Slow,Breached,August,2023,3,Sunday,1,220,32
1352245556,Unanticipated Decline in Brand Engagement Metrics Noted,"There has been a decline in brand engagement metrics. Recent algorithm modifications might have missed the target. After analyzing the data, we observed some adjustments in strategies, but improvements are still pending.",Incident,Medium,Human Resources,Closed,122.0,2024-08-18 21:07:23,2024-08-23 23:07:23,Frustrated,True,Slow,Breached,August,2024,3,Sunday,2,220,32
1352245557,Recent Incident of Unapproved Access to Medical Information,"There was an incident of unauthorized access to medical data. Passwords have been reset and firewall settings have been strengthened, but the threats continue.",Incident,Medium,Customer Service,Closed,154.0,2023-10-24 02:28:10,2023-10-30 12:28:10,Frustrated,True,Slow,Breached,October,2023,4,Tuesday,2,159,24
1352245558,Incident of Data Leakage in Hospital IT Networks,"Recently, there was an unauthorized access to patient medical records due to data leakage. The likely reasons are weak security measures and outdated software. Steps take ... esolve the issue and prevent future breaches.",Incident,Medium,Sales and Pre-Sales,Closed,39.0,2025-07-20 02:24:59,2025-07-21 17:24:59,Satisfied,True,Medium,Within SLA,July,2025,3,Sunday,2,220,34
1352245559,Fintech Firm's Data Analytics System Experiencing Critical Outage,"A critical outage has disrupted the investment optimization processes in the fintech firm's data analytics system, occurring unexpectedly. The potential cause is identified as server overload and a software bug.",Incident,High,IT Support,Closed,22.0,2025-02-28 12:35:37,2025-03-01 10:35:37,Neutral,True,Fast,Within SLA,February,2025,1,Friday,3,211,30
1352245560,Support for Data Analytics Tools in QuickBooks Online,I am contacting you to seek information on data analytics tools that can aid in investment optimization within QuickBooks Online. Could you kindly furnish me with a list ... a conversation at your earliest convenience.,Request,Medium,Customer Service,Closed,124.0,2023-08-01 01:23:59,2023-08-06 05:23:59,Neutral,True,Slow,Breached,August,2023,3,Tuesday,2,218,35
1352245561,,"Customer Support,\n\nI am reaching out to highlight an ongoing issue faced by our marketing agency recently. We have observed recurrent system delays that are impacting s ... us at <tel_num> to discuss the issue further.",Problem,High,IT Support,In Progress,0.0,2023-04-19 10:42:30,,Satisfied,False,Unresolved,Within SLA,April,2023,2,Wednesday,3,220,35
1352245562,Identifying Performance Issues on Digital Platform,"We are encountering performance problems across our digital platform. The recent Docker update might be the cause. Although rolling back the configuration optimizations p ... e relief, it did not fully resolve the issue.",Incident,High,Technical Support,In Progress,0.0,2024-03-05 03:14:58,,Urgent,False,Unresolved,Within SLA,March,2024,1,Tuesday,3,220,34
1352245563,Requirements for Integrating Wave with Outlook 2021,I am contacting you to seek information regarding the necessary specifications for integrating Wave with Outlook 2021. Could you kindly provide me with the required syste ... solve this issue. Thank you for your support.,Request,High,Service Outages and Maintenance,Closed,108.0,2024-10-06 14:10:29,2024-10-11 02:10:29,Neutral,True,Slow,Breached,October,2024,4,Sunday,3,220,35
1352245564,Details on Securing Medical Data with Shopify Hospitals,Could you provide more details on securing medical data using Shopify for hospital environments? I need guidance on how to protect sensitive patient information.,Request,Low,Customer Service,Closed,111.0,2024-06-11 23:28:02,2024-06-16 14:28:02,Urgent,True,Slow,Breached,June,2024,2,Tuesday,1,161,24
1352245565,Digital Campaigns Did Not Meet Expectations This Quarter,"Customer Support, in preparing the report on digital marketing campaigns, we found that the campaigns underperformed due to potential changes in platform algorithms. Desp ... lease review and advise us on the next steps?",Incident,Medium,Customer Service,In Progress,0.0,2025-02-27 17:49:57,,Urgent,False,Unresolved,Within SLA,February,2025,1,Thursday,2,220,34
1352245566,Support Required for Marketing Expansion,"Marketing initiatives have hit a standstill, leading to a decline in brand engagement growth. Despite attempts to modify social media content and launch targeted advertis ... egies to elevate our brand's online presence.",Incident,High,Product Support,Closed,4.0,2024-02-20 00:55:07,2024-02-20 04:55:07,Frustrated,True,Fast,Within SLA,February,2024,1,Tuesday,3,220,33
1352245567,Problem with Investment Efficiency,"Investments are failing to optimize due to data inconsistencies, which might be due to an outdated data analysis model. Despite restarting the system and verifying data origins, the issue remains unresolved.",Incident,Low,Product Support,Closed,115.0,2023-01-04 23:38:23,2023-01-09 18:38:23,Urgent,True,Slow,Breached,January,2023,1,Wednesday,1,207,31
1352245568,,"Dear Customer Support, we are reaching out to enhance the data analytics tools used for investment optimization in decision-making processes. The current tools are limite ... e consideration at your earliest convenience.",Change,High,IT Support,Closed,25.0,2024-03-15 09:00:05,2024-03-16 10:00:05,Urgent,True,Medium,Within SLA,March,2024,1,Friday,3,220,32
1352245569,Request for Advanced Analytics Assistance,Customer Support is reaching out to inquire about the advanced analytics tools offered by your firm for enhancing investment strategies. Could you supply comprehensive do ... sults. Thank you in advance for your support.,Request,High,Technical Support,In Progress,0.0,2024-04-08 18:58:07,,Frustrated,False,Unresolved,Within SLA,April,2024,2,Monday,3,220,34
1352245570,Adobe Illustrator Crashed Unexpectedly,"Occasionally, Adobe Illustrator CC 2021 crashes without any warning, which hinders my workflow. I believe my outdated graphics driver may be the culprit. After restarting ... vers compatible with my system for an update.",Problem,High,IT Support,Closed,141.0,2025-06-30 18:37:27,2025-07-06 15:37:27,Neutral,True,Slow,Breached,June,2025,2,Monday,3,220,34
1352245571,,"During the last deployment, users encountered notable performance slowdowns in the application. This could be due to unoptimized code introduced in the latest update. Aft ... ds a solution to restore optimal performance.",Problem,High,IT Support,Closed,55.0,2025-06-19 21:06:38,2025-06-22 04:06:38,Neutral,True,Medium,Within SLA,June,2025,2,Thursday,3,220,33
1352245572,Medical Data Encryption Failing Today,"Hello Customer Support, <br>A problem with our medical data encryption has been identified. It has suddenly stopped working, and we are worried about the security of our ... o your assistance. <br>Sincerely, [Your Name]",Incident,Medium,Customer Service,Pending,0.0,2025-10-22 04:22:28,,Satisfied,False,Unresolved,Within SLA,October,2025,4,Wednesday,2,219,34
1352245573,Security Notification: Possible Medical Data Breach,"Dear Customer Support, we are notifying you that the healthcare provider's protected medical data within the hospital's system has potentially been compromised. An invest ... ilable. In the meantime, please rest assured.",Incident,Low,Technical Support,Closed,160.0,2025-01-30 15:06:54,2025-02-06 07:06:54,Neutral,True,Slow,Breached,January,2025,1,Thursday,1,220,32
1352245574,Request for Updating Software Tools for Enhanced Integration,"Hello Customer Support, I am reaching out to request an update of our software tools to ensure smooth integration and improved digital marketing performance. Our current ... tion. Thank you for your time and assistance.",Change,Medium,IT Support,Pending,0.0,2023-08-19 20:02:19,,Neutral,False,Unresolved,Within SLA,August,2023,3,Saturday,2,219,35
1352245575,Investment Optimization Models Sudden Failure During Night,The investment optimization models failed during the night likely due to a delay in the data feed or an algorithm error.,Incident,Medium,Technical Support,Pending,0.0,2024-11-24 16:29:36,,Satisfied,False,Unresolved,Within SLA,November,2024,4,Sunday,2,120,21
1352245576,Occasional Disruptions Across Several Products Post-Update,"Dear Support Team,\n\nWe are currently facing sporadic disruptions impacting multiple products, which we believe may be related to a recent CI/CD pipeline update. This up ... ly appreciated.\n\nBest regards,\n[Your Name]",Incident,Medium,IT Support,Closed,12.0,2025-04-16 15:44:21,2025-04-17 03:44:21,Frustrated,True,Fast,Within SLA,April,2025,2,Wednesday,2,220,30
1352245577,Asking for Integration Support,In need of customer support for writing a request to integrate a SaaS platform into our affected products. The goal of this integration is to enhance project management f ... needed. Looking forward to hearing back soon.,Change,Medium,Technical Support,In Progress,0.0,2025-01-22 09:33:20,,Satisfied,False,Unresolved,Within SLA,January,2025,1,Wednesday,2,220,37
1352245578,Request for Support on Investment Analytics Tools,"Hello Customer Support, I am inquiring about the investment analytics tools and the billing process. Could you provide details on the types of analytics tools available a ... es and documentation I can review. Thank you.",Request,Low,Billing and Payments,Closed,4.0,2024-06-20 03:09:11,2024-06-20 07:09:11,Urgent,True,Fast,Within SLA,June,2024,2,Thursday,1,220,36
1352245579,Strategies for Expanding a Gaming Brand Digitally,Seek insights into effective strategies for growth,Request,Low,Customer Service,Resolved,103.0,2024-05-31 10:15:35,2024-06-04 17:15:35,Frustrated,True,Slow,Breached,May,2024,2,Friday,1,50,7
1352245580,Urgent: Key Feature Crash in Project Management Tool,"Customer Support, reporting critical issue with the project management tool. During load testing, a key feature crashed unexpectedly. Even after increasing server capacit ... on is needed. Thank you for prompt attention.",Incident,High,Technical Support,In Progress,0.0,2025-05-07 08:58:21,,Neutral,False,Unresolved,Within SLA,May,2025,2,Wednesday,3,220,32
1352245581,Enquiry on Payment Options for Software Subscriptions and Hardware Products,I hope this message finds you well. I am writing to seek details regarding the payment options available for our software subscriptions and hardware products. Could you k ... e with additional information on this matter?,Request,Low,Billing and Payments,Closed,101.0,2025-04-24 04:32:28,2025-04-28 09:32:28,Satisfied,True,Slow,Breached,April,2025,2,Thursday,1,220,36
1352245582,Guidance on Integrating Ruby on Rails,I am seeking assistance from your customer support team regarding the detailed guidance needed to integrate the Ruby on Rails 6.1 SaaS platform. Could you provide me with ... ss integration of the Ruby on Rails platform.,Request,Medium,Customer Service,Closed,101.0,2024-08-08 23:24:36,2024-08-13 04:24:36,Satisfied,True,Slow,Breached,August,2024,3,Thursday,2,220,37
1352245583,Reduction in Social Media Engagement,Noticed a substantial decrease in engagement across social media platforms. This might be due to recent algorithm updates. Efforts to enhance posts and modify the content ... us better understand and address this issue.,Problem,Low,Product Support,Pending,0.0,2024-12-08 08:28:39,,Satisfied,False,Unresolved,Within SLA,December,2024,4,Sunday,1,219,34
1352245584,Concerns Regarding Data Synchronization Procedure,"Dear Customer Support, we are encountering difficulties with data synchronization across our analytics platforms. The problem might be due to recent software updates or s ... assistance in resolving this matter promptly.",Problem,Medium,Customer Service,Closed,148.0,2024-05-14 20:43:44,2024-05-21 00:43:44,Frustrated,True,Slow,Breached,May,2024,2,Tuesday,2,220,32
1352245585,Securing Medical Data in a Hospital Environment with Microsoft Dynamics 365,"Customer Support, can provide details on how to secure medical data using Microsoft Dynamics 365 in a hospital setting? Given the sensitive nature of patient information, ... , access controls, and auditing capabilities.",Request,Low,Customer Service,Closed,91.0,2023-10-21 01:28:12,2023-10-24 20:28:12,Urgent,True,Slow,Breached,October,2023,4,Saturday,1,220,33
1352245586,Inquiry About Project Management SaaS,Could you provide more information on the features and scalability options of the project management SaaS? I would greatly appreciate details on customization and integra ... scuss or send detailed information via email.,Request,Medium,Customer Service,Closed,44.0,2025-12-19 12:37:34,2025-12-21 08:37:34,Neutral,True,Medium,Within SLA,December,2025,4,Friday,2,220,33
1352245587,Support for Investment Optimization Tool,The investment optimization tool is giving inconsistent recommendations following recent algorithm updates and data input errors. We have restarted and re-evaluated the d ... rsist. Please assist in resolving this issue.,Problem,Medium,Customer Service,Closed,68.0,2024-01-06 23:18:57,2024-01-09 19:18:57,Frustrated,True,Medium,Within SLA,January,2024,1,Saturday,2,220,31
1352245588,Issue Encountered with VR Kit,"A crash happened. There is a suspicion of driver incompatibility. After rebooting the Valve Index VR Kit, the problem persists.",Problem,Low,Technical Support,Closed,71.0,2025-06-07 06:09:40,2025-06-10 05:09:40,Frustrated,True,Medium,Within SLA,June,2025,2,Saturday,1,127,20
1352245589,Urgency in Enhancing Encryption for Medical Data Protection,"Dear Customer Support, I am contacting you to emphasize the urgency of strengthening encryption measures for medical data storage and transmission across all hospital IT ... your prompt attention to this critical issue.",Change,Low,Customer Service,Closed,93.0,2024-08-17 22:11:17,2024-08-21 19:11:17,Neutral,True,Slow,Breached,August,2024,3,Saturday,1,219,33
1352245590,Guidance on MySQL Integration,"Hello Customer Support, I hope this message finds you well. I am writing to seek advice on the most effective methods for integrating MySQL into my project management sof ... d to your response. Best regards, [Your Name]",Request,Medium,Product Support,Closed,29.0,2023-12-29 19:50:20,2023-12-31 00:50:20,Neutral,True,Medium,Within SLA,December,2023,4,Friday,2,220,38
1352245591,Support Request for Service Outage,Encountering service outage with medical data systems,Incident,Medium,Service Outages and Maintenance,Closed,166.0,2024-09-30 02:48:20,2024-10-07 00:48:20,Neutral,True,Slow,Breached,September,2024,3,Monday,2,53,7
1352245592,Brand Growth Support Team,I am keen to explore the digital strategies your organization provides for promoting brand growth and development. Could you share more details about these offerings?,Request,Medium,Customer Service,Closed,136.0,2023-03-09 19:17:21,2023-03-15 11:17:21,Satisfied,True,Slow,Breached,March,2023,1,Thursday,2,166,25
1352245593,Inquiry Regarding Avast Premium Security's Hospital Requirements,We are interested in learning about Avast Premium Security's hospital needs. Could you provide information on how to secure medical data?,Request,High,IT Support,Closed,73.0,2024-05-09 06:28:23,2024-05-12 07:28:23,Neutral,True,Slow,Breached,May,2024,2,Thursday,3,137,21
1352245594,Urgent Request for Change in Data Analytics Infrastructure,"Dear Customer Support, I am writing urgently to request changes to enhance our data analytics infrastructure. These changes are essential to optimize our investments and ... quired and the information I need to provide.",Change,High,Service Outages and Maintenance,Closed,131.0,2025-01-04 17:49:57,2025-01-10 04:49:57,Frustrated,True,Slow,Breached,January,2025,1,Saturday,3,219,34
1352245595,,"suffered from a data breach in hospital systems, resulting in the compromise of patient records. Outdated security measures might be the cause. Urgent implementation of firewall and antivirus updates is required.",Problem,High,Technical Support,In Progress,0.0,2025-12-31 12:48:03,,Neutral,False,Unresolved,Within SLA,December,2025,4,Wednesday,3,212,31
1352245596,Ongoing image distortion on projector following recent firmware update conflict,The projector's image distortion issue remains unresolved despite multiple restarts and cable replacements across different devices.,Incident,Low,Technical Support,Resolved,159.0,2024-08-15 05:19:38,2024-08-21 20:19:38,Satisfied,True,Slow,Breached,August,2024,3,Thursday,1,132,16
1352245597,Reduce Customer Interaction Across Platforms,"We have observed a decrease in customer engagement on various platforms. Even after updating content and reviewing data, the engagement levels have not improved.",Problem,Medium,Product Support,Closed,47.0,2024-08-22 18:03:32,2024-08-24 17:03:32,Neutral,True,Medium,Within SLA,August,2024,3,Thursday,2,161,24
1352245598,Update on Platform Downtime Issue,"Dear Customer Support, I am reporting an incident involving platform downtime. The platform experienced an unexpected outage that impacted several integrations. The poten ... rocedures to address this problem? Thank you.",Incident,High,Technical Support,Closed,110.0,2025-10-28 00:06:46,2025-11-01 14:06:46,Urgent,True,Slow,Breached,October,2025,4,Tuesday,3,220,31
1352245599,Problem with ClickUp and GitLab Integration,"Users are facing synchronization issues with ClickUp and GitLab, which is impacting the project management workflow. This might be due to errors in the API integration fo ... ting the applications and clearing the cache.",Problem,Medium,Customer Service,Closed,37.0,2025-10-09 21:01:48,2025-10-11 10:01:48,Satisfied,True,Medium,Within SLA,October,2025,4,Thursday,2,220,35
1352245600,,A financial organization encountered delays in data processing which impacted their investment analysis. The delays may be due to network hardware bottlenecks. Devices ha ... m remains. Seeking help to resolve the issue.,Problem,Medium,Technical Support,Closed,96.0,2023-08-25 06:53:50,2023-08-29 06:53:50,Frustrated,True,Slow,Breached,August,2023,3,Friday,2,220,33
1352245601,Problem with Synchronization Across Platforms,Customers are experiencing occasional synchronization difficulties between Zoho CRM and Adobe Sign. Recent modifications to the API and server outages might be contributi ... ce to pinpoint the root cause of the problem.,Problem,Medium,Product Support,Closed,95.0,2025-02-08 11:11:25,2025-02-12 10:11:25,Frustrated,True,Slow,Breached,February,2025,1,Saturday,2,220,33
1352245602,Delayed Performance on Analytics Dashboard,"We are encountering delays in the response times of the analytics dashboard, which is affecting our investment decisions. The increased data volume and inefficient querie ... mizing the queries, the issue still persists.",Incident,Medium,Product Support,Closed,27.0,2023-02-27 12:11:28,2023-02-28 15:11:28,Neutral,True,Medium,Within SLA,February,2023,1,Monday,2,220,33
1352245603,Enhancing Brand Growth,"Customer Support, requesting implementation of new digital marketing strategies to enhance brand growth and improve our online presence. Our current online presence is no ... current strategy and provide recommendations.",Change,High,IT Support,Closed,88.0,2023-07-16 02:48:07,2023-07-19 18:48:07,Neutral,True,Slow,Breached,July,2023,3,Sunday,3,220,30
1352245604,,"Multiple hospital system applications, such as Speicherkartenleser, WhatsApp Desktop, and network switches, experienced outages and malfunctions, potentially leading to s ... would be appreciated to resolve this matter.",Incident,High,IT Support,Closed,69.0,2025-02-19 06:46:16,2025-02-22 03:46:16,Satisfied,True,Medium,Within SLA,February,2025,1,Wednesday,3,219,28
1352245605,,To Customer Support: I have encountered a problem where project timelines fail to synchronize across different devices. I believe this might be due to an API integration ... require additional details or clarifications.,Problem,Medium,Product Support,In Progress,0.0,2025-07-05 19:31:16,,Satisfied,False,Unresolved,Within SLA,July,2025,3,Saturday,2,219,33
1352245606,Synchronization Problem,"Dear Customer Support,\n\nI am encountering difficulties with multiple smart devices across various departments where their software systems are not syncing data correctl ... sues? Ensuring smooth operation is essential.",Problem,High,IT Support,In Progress,0.0,2024-05-30 17:39:34,,Satisfied,False,Unresolved,Within SLA,May,2024,2,Thursday,3,220,29
1352245607,Issues with Recent Digital Campaign Outcomes,The agency's digital marketing efforts did not succeed in enhancing brand visibility; potential segmentation inaccuracies or targeting problems may be involved. Efforts t ... n explanation along with potential solutions.,Incident,Medium,Technical Support,In Progress,0.0,2023-06-05 21:51:48,,Satisfied,False,Unresolved,Within SLA,June,2023,2,Monday,2,220,30
1352245608,Request for Details on API Integration Capabilities for Project Management SaaS,I require information on the API integration capabilities for the project management SaaS. Could you please provide the necessary details?,Request,Medium,Technical Support,Closed,25.0,2024-11-14 23:48:19,2024-11-16 00:48:19,Neutral,True,Medium,Within SLA,November,2024,4,Thursday,2,138,20
1352245609,Instruction for Integrating Ansible with Docker for Automated Deployment,"Could you offer instructions on integrating Ansible with Docker for our project management SaaS platform's automated deployment? We would appreciate details on the setup, ... ny benefits or challenges we might encounter.",Change,Medium,Product Support,Closed,162.0,2023-06-04 21:31:17,2023-06-11 15:31:17,Neutral,True,Slow,Breached,June,2023,2,Sunday,2,220,32
1352245610,Assistance Required for Connectivity Issues on SaaS Platform,"Customers are facing connectivity problems with our SaaS platform, likely due to server overload. Despite increasing server capacity and reviewing logs, the issues continue. Assistance in resolving this is needed.",Problem,Medium,IT Support,In Progress,0.0,2025-03-28 00:52:39,,Urgent,False,Unresolved,Within SLA,March,2025,1,Friday,2,213,30
1352245611,Inquiry About Pricing Plans for Scalability Features,"Customer support has reached out to inquire about the pricing plans for our SaaS scalability features, specifically related to project management. They are seeking detail ... rings to help them make an informed decision.",Request,Low,Customer Service,Closed,58.0,2024-12-10 19:30:48,2024-12-13 05:30:48,Urgent,True,Medium,Within SLA,December,2024,4,Tuesday,1,220,34
1352245612,Problem with Investment Optimization Software,The investment optimization software is experiencing intermittent issues in accurately analyzing data. This may be due to software integration problems or data input erro ... information or steps needed to troubleshoot.,Incident,Low,General Inquiry,Closed,118.0,2023-01-24 20:11:59,2023-01-29 18:11:59,Frustrated,True,Slow,Breached,January,2023,1,Tuesday,1,219,31
1352245613,Query for Keras Model Assistance,The system encountered issues while running Keras models for investment predictions. Restarting and reinstalling resolved the problem temporarily.,Incident,Medium,Technical Support,Closed,38.0,2023-08-12 22:30:12,2023-08-14 12:30:12,Neutral,True,Medium,Within SLA,August,2023,3,Saturday,2,146,18
1352245614,Variable Investment Analytics Outcomes,"Noted that the recent outcomes are inconsistent with market trends, which might be due to issues with data integration.",Incident,Medium,Product Support,Closed,85.0,2024-09-28 21:06:38,2024-10-02 10:06:38,Neutral,True,Slow,Breached,September,2024,3,Saturday,2,119,19
1352245615,,"Customer Support, encountered issues with report generation for marketing campaigns. Facing connectivity problems with tools such as Eclipse IDE and Android Studio. After ... ting campaigns due to technical difficulties.",Problem,High,Technical Support,Closed,151.0,2025-10-14 04:01:01,2025-10-20 11:01:01,Urgent,True,Slow,Breached,October,2025,4,Tuesday,3,220,30
1352245616,Crash on Microsoft Surface Pro 8,A project management application experienced a crash on a Microsoft Surface Pro 8. The issue may be related to an incompatible Firebase integration or an outdated osCommerce plugin.,Incident,High,Technical Support,Closed,99.0,2023-08-28 19:00:12,2023-09-01 22:00:12,Neutral,True,Slow,Breached,August,2023,3,Monday,3,181,28
1352245617,,"An unexpected connectivity issue has emerged, impacting the data analytics tools. It might have resulted from firmware conflicts or software updates. Steps taken included ... ecking updates, but they were not successful.",Incident,High,Technical Support,Closed,54.0,2023-04-27 05:47:57,2023-04-29 11:47:57,Urgent,True,Medium,Within SLA,April,2023,2,Thursday,3,220,32
1352245618,Variable Outcomes in Investment Optimization Analysis,The financial firm is experiencing inconsistent outcomes in its investment optimization analysis. Potential data discrepancies could be due to integration issues with Smart-Hrgert and Elasticsearch.,Problem,High,IT Support,Resolved,135.0,2024-12-30 07:52:41,2025-01-04 22:52:41,Frustrated,True,Slow,Breached,December,2024,4,Monday,3,198,25
1352245619,Project Management System Disruption,The project management SaaS platform has experienced sporadic outages that disrupted several integrations. The recent update to Redis 6.2 might be the underlying cause. A ... ise on the next steps to address this matter.,Incident,Medium,Returns and Exchanges,Closed,127.0,2024-02-16 16:45:55,2024-02-21 23:45:55,Neutral,True,Slow,Breached,February,2024,1,Friday,2,220,35
1352245620,Concerns About Digital Strategy Tools Efficiency,Facing inefficiencies in digital strategy tools that are impacting brand growth metrics. This may be due to software compatibility issues. Despite attempting to sync and ... soon to minimize its impact on the business.,Problem,High,Technical Support,Closed,43.0,2024-06-09 22:28:39,2024-06-11 17:28:39,Satisfied,True,Medium,Within SLA,June,2024,2,Sunday,3,218,34
1352245621,Urgent Assistance Required for Data Breach,"A data breach has been identified in the hospital systems, which may have exposed patient medical records. This issue might have arisen from vulnerabilities in the integr ... gations to ensure the safety of patient data.",Problem,High,Product Support,Resolved,63.0,2025-08-26 04:47:40,2025-08-28 19:47:40,Urgent,True,Medium,Within SLA,August,2025,3,Tuesday,3,220,36
1352245622,Issues with the Last Campaign,"The recent campaign did not perform well, raising concerns about brand visibility and engagement. This could be due to misaligned digital strategies or inadequate audienc ... sures to enhance the brand's online presence.",Incident,Low,Customer Service,Closed,163.0,2025-12-12 01:53:57,2025-12-18 20:53:57,Frustrated,True,Slow,Breached,December,2025,4,Friday,1,220,33
1352245623,Variability in Today's Investment Analysis,Observations from today's investment insights differ from previous records. Notable discrepancies continue to occur; we are initiating a system restart and re-evaluating our data connections.,Incident,Medium,Product Support,Closed,12.0,2024-09-09 11:15:08,2024-09-09 23:15:08,Frustrated,True,Fast,Within SLA,September,2024,3,Monday,2,191,25
1352245624,,"The digital strategies implemented by the marketing agency led to several outages across multiple product platforms, possibly due to misconfiguration overload. Efforts to ... require assistance to resolve this promptly.",Incident,High,Technical Support,Closed,64.0,2025-10-06 11:39:59,2025-10-09 03:39:59,Frustrated,True,Medium,Within SLA,October,2025,4,Monday,3,219,30
1352245625,Concern About Medical Data Security Breach,A security breach was identified in the hospital's systems due to outdated software vulnerabilities. Updates and security audits have been initiated immediately.,Incident,High,Product Support,Closed,19.0,2023-05-05 18:22:19,2023-05-06 13:22:19,Satisfied,True,Fast,Within SLA,May,2023,2,Friday,3,161,22
1352245626,,Customer Support is reaching out to inquire about healthcare data security solutions for hospital systems. Could you please provide detailed information on the measures c ... s related to hospital system implementations.,Request,Medium,Technical Support,Resolved,84.0,2024-05-25 09:48:46,2024-05-28 21:48:46,Satisfied,True,Slow,Breached,May,2024,2,Saturday,2,220,32
1352245627,Assistance with Data Analytics Capabilities in DataRobot,"I am reaching out to inquire about DataRobot's data analytics capabilities, particularly in optimizing investment strategies. Could DataRobot's detailed insights assist w ... ge data analytics to gain a competitive edge.",Request,High,Returns and Exchanges,Resolved,29.0,2025-11-13 13:52:10,2025-11-14 18:52:10,Satisfied,True,Medium,Within SLA,November,2025,4,Thursday,3,220,31
1352245628,Support Needed for Data Analytics Dashboard Issue,"I am encountering problems with the data analytics dashboard, which has crashed unexpectedly due to errors during data processing. This might be due to recently installed ... te your assistance in resolving this problem.",Incident,High,Technical Support,Closed,142.0,2025-04-08 22:52:54,2025-04-14 20:52:54,Satisfied,True,Slow,Breached,April,2025,2,Tuesday,3,220,34
1352245629,Inquiry About Billing for Marketing Services,Customer Support is reaching out to inquire about billing options and payment plans for the marketing services listed. Could you please provide a detailed cost breakdown ... and the pricing structure for these services.,Request,Low,Billing and Payments,Pending,0.0,2024-08-13 07:46:37,,Neutral,False,Unresolved,Within SLA,August,2024,3,Tuesday,1,219,34
1352245630,Challenge with Marketing Campaign Effectiveness,marketing initiatives are currently performing satisfactorily.,Problem,Medium,Sales and Pre-Sales,Closed,66.0,2024-05-06 21:59:00,2024-05-09 15:59:00,Frustrated,True,Medium,Within SLA,May,2024,2,Monday,2,62,6
1352245631,System Product Error,"A critical incident has impacted several products, resulting in system performance issues; probable cause is recent deployment mistakes. Initial attempts to fix the probl ... estarts, but these did not resolve the issue.",Incident,High,Technical Support,Closed,10.0,2025-08-31 16:46:01,2025-09-01 02:46:01,Neutral,True,Fast,Within SLA,August,2025,3,Sunday,3,220,33
1352245632,Support Slow Loading,Users are facing slow loading times on the project management dashboard. This may be due to increased server load during peak hours. After clearing the cache and optimizi ... . Assistance is needed to resolve this issue.,Problem,Low,Product Support,Resolved,88.0,2025-01-28 00:00:02,2025-01-31 16:00:02,Urgent,True,Slow,Breached,January,2025,1,Tuesday,1,220,37
1352245633,,"Customer Support, <br>A potential data breach has been detected in the hospital systems, which may have compromised medical records due to outdated software vulnerabiliti ... e convenient for you to discuss this further.",Incident,Low,Returns and Exchanges,Closed,140.0,2025-04-20 10:32:20,2025-04-26 06:32:20,Frustrated,True,Slow,Breached,April,2025,2,Sunday,1,220,33
1352245634,Request for Assistance with Canvas Integration,"Canvas integration has encountered issues due to synchronization errors arising from an incompatible database version. Services have been restarted, and relevant drivers have been updated.",Problem,Medium,Product Support,Closed,107.0,2023-02-25 18:24:55,2023-03-02 05:24:55,Satisfied,True,Slow,Breached,February,2023,1,Saturday,2,188,25
1352245635,Issue Detected with ASUS Xonar AE Underperformance,"The ASUS Xonar AE sound card products are not performing well in digital campaigns. Initial troubleshooting, including system restarts, has been attempted but did not resolve the issue.",Incident,High,IT Support,Closed,38.0,2025-08-17 04:33:26,2025-08-18 18:33:26,Urgent,True,Medium,Within SLA,August,2025,3,Sunday,3,185,28
1352245636,,"Customer Support, requesting enhancements to integration features across affected products to better streamline project management workflows and make it easier for teams ... , and timeline for implementation. Thank you.",Change,High,Product Support,Closed,81.0,2023-04-17 06:54:37,2023-04-20 15:54:37,Urgent,True,Slow,Breached,April,2023,2,Monday,3,219,30
1352245637,Data Integration Error at Financial Institution,"The financial organization encountered issues with data integration, which affected their investment analysis processes. The probable reason appears to be incompatible so ... e this problem and avoid further disruptions.",Problem,Medium,Technical Support,Closed,88.0,2023-12-31 16:52:08,2024-01-04 08:52:08,Urgent,True,Slow,Breached,December,2023,4,Sunday,2,220,30
1352245638,Enhance User Interface for Project Management SaaS Application,"Request for improvement in the user interface of the project management SaaS application. The current navigation is confusing, making it difficult to find specific projec ... nd overall satisfaction with the application.",Change,High,Technical Support,Closed,85.0,2025-09-07 11:23:17,2025-09-11 00:23:17,Satisfied,True,Slow,Breached,September,2025,3,Sunday,3,220,32
1352245639,Hospital Data Breach,"Unapproved access to medical information. Could be due to old software. Security patches have been applied, but the problem continues.",Problem,Low,Customer Service,Resolved,149.0,2025-11-29 04:15:55,2025-12-05 09:15:55,Neutral,True,Slow,Breached,November,2025,4,Saturday,1,134,20
1352245640,Tech Support Inquiry,"Customers are experiencing inconsistent performance on various devices, which might be related to Ubuntu compatibility issues or resource limitations. Steps like restarti ... rowsers have been tried without full success.",Problem,High,Technical Support,Closed,85.0,2024-03-22 10:15:56,2024-03-25 23:15:56,Frustrated,True,Slow,Breached,March,2024,1,Friday,3,220,30
1352245641,Variation in Campaign Statistics,"Hello Customer Support, I am contacting you to address an anomaly in the metrics of our campaign. This error emerged after incorrect information was extracted from our an ... or your assistance. Best regards, [Your Name]",Problem,Medium,Technical Support,Closed,23.0,2023-12-20 09:18:11,2023-12-21 08:18:11,Frustrated,True,Fast,Within SLA,December,2023,4,Wednesday,2,220,36
1352245642,Data Analytics Services,Is it possible to offer data analytics services that could optimize investment strategies? Thank you!,Request,Medium,Customer Service,Resolved,82.0,2023-05-21 09:35:08,2023-05-24 19:35:08,Urgent,True,Slow,Breached,May,2023,2,Sunday,2,101,15
1352245643,,"Customer Support, <br><br>I am writing to bring to your attention a critical issue with the data analytics tool. The tool has malfunctioned, leading to inaccurate investm ... ly appreciate it if you could look into this.",Problem,Medium,Customer Service,Closed,51.0,2024-11-05 03:37:44,2024-11-07 06:37:44,Satisfied,True,Medium,Within SLA,November,2024,4,Tuesday,2,220,36
1352245644,,"To Customer Support: I am contacting you to report a data encryption malfunction, which may be caused by outdated software updates. After trying to fix it by rebooting th ... ciate your support in this matter. Thank you.",Incident,High,Technical Support,Closed,116.0,2023-06-02 22:13:32,2023-06-07 18:13:32,Neutral,True,Slow,Breached,June,2023,2,Friday,3,220,38
1352245645,Challenge in Investment Forecasting,Description: Investment forecasts diverged from anticipated results. Reasons: Potentially flawed data inputs or model evolution. Actions Taken: Verified data origins and ... ng the precision of our investment forecasts.,Incident,Medium,Technical Support,Pending,0.0,2025-09-11 11:49:53,,Satisfied,False,Unresolved,Within SLA,September,2025,3,Thursday,2,219,29
1352245646,Revise Software Brand Expansion,I am requesting an update on software integrations to optimize our digital tools. We need your assistance to enhance our marketing strategies and promote brand growth. I ... mize the tools to achieve the maximum impact.,Change,Medium,IT Support,Closed,117.0,2023-06-06 03:10:53,2023-06-11 00:10:53,Neutral,True,Slow,Breached,June,2023,2,Tuesday,2,219,36
1352245647,Help Request for Zoom Connection Issues,"I hope this message finds you well. I am writing to report a problem with a recent Zoom call for a data analysis meeting. The call was frequently dropped, which disrupted ... onal steps I can take to resolve the problem.",Incident,Medium,Technical Support,Closed,32.0,2024-11-20 05:32:07,2024-11-21 13:32:07,Urgent,True,Medium,Within SLA,November,2024,4,Wednesday,2,220,41
1352245648,,"request improvements for data analytics tools integration. current tools are sufficient, but need advanced features for informed decision-making. particularly, require en ... ention to this matter is greatly appreciated.",Change,Low,General Inquiry,Closed,21.0,2023-09-16 10:31:43,2023-09-17 07:31:43,Frustrated,True,Fast,Within SLA,September,2023,3,Saturday,1,220,29
1352245649,Support Request for Digital Marketing Enhancements,"Dear Customer Support Team, we are reaching out to request enhancements to our digital marketing strategies across multiple platforms. Our goal is to drive brand growth a ... increase our brand's visibility and success.",Change,High,Technical Support,Closed,153.0,2025-12-14 02:14:19,2025-12-20 11:14:19,Urgent,True,Slow,Breached,December,2025,4,Sunday,3,219,34
1352245650,Assistance with SaaS Project,We are reaching out to the customer support team to request enhancements in integration capabilities for supported products within the SaaS project management platform. T ... uest. Thank you for your time and assistance.,Change,High,Technical Support,Closed,11.0,2024-04-10 04:54:16,2024-04-10 15:54:16,Satisfied,True,Fast,Within SLA,April,2024,2,Wednesday,3,220,34
1352245651,Support Inquiry for Integration Compatibility,"Dear Customer Support Team, we are in need of assistance with integrating our software and hardware for seamless project management across different devices. This would s ... dent that you can help us resolve this issue.",Change,Medium,Product Support,Resolved,153.0,2023-02-14 23:13:54,2023-02-21 08:13:54,Frustrated,True,Slow,Breached,February,2023,1,Tuesday,2,220,36
1352245652,Potential Unauthorized Access Attempt on Medical Data Systems,Detected a potential unauthorized access attempt. Initiated monitoring of logs and advised affected users to reset their passwords.,Incident,Medium,IT Support,Resolved,124.0,2023-03-13 10:40:03,2023-03-18 14:40:03,Frustrated,True,Slow,Breached,March,2023,1,Monday,2,131,18
1352245653,Inquiry Regarding Healthcare Data Security Solutions and Hospital Infrastructure Support,Customer Support is seeking information about healthcare data security measures and hospital infrastructure support services. Could you provide details on the types of se ... studies or whitepapers available for review.,Request,Medium,Product Support,Closed,26.0,2024-05-18 21:33:50,2024-05-19 23:33:50,Urgent,True,Medium,Within SLA,May,2024,2,Saturday,2,219,31
1352245654,Problem with Multiple Product Integration,"We are facing difficulties with integrating multiple products, resulting in errors during data synchronization within our project management SaaS. The problem began follo ... his is a known issue that has been addressed.",Incident,Medium,Product Support,Closed,167.0,2023-03-29 04:16:35,2023-04-05 03:16:35,Urgent,True,Slow,Breached,March,2023,1,Wednesday,2,220,33
1352245655,Guidance on Securing Medical Data in Hospitals,Could you provide guidance on practices for securing medical data within hospital systems to ensure confidentiality and integrity of patient information?,Request,Low,Human Resources,Closed,30.0,2024-03-31 17:32:36,2024-04-01 23:32:36,Neutral,True,Medium,Within SLA,March,2024,1,Sunday,1,153,21
1352245656,Modernization Inquiry,"Respected Customer Support, We are contacting you to seek information on modernizing our digital resources for our marketing business. We aim to boost our brand growth pl ... g your response. Warmest regards, [Your Name]",Change,Medium,Product Support,Resolved,123.0,2024-07-10 20:28:55,2024-07-15 23:28:55,Urgent,True,Slow,Breached,July,2024,3,Wednesday,2,220,35
1352245657,Security Improvement,"To whom it may concern, I am contacting you to seek advice on upgrading our encryption methods for the secure transmission and storage of medical data. Our current techno ... your response. Thank you for your assistance.",Change,High,Product Support,In Progress,0.0,2024-08-05 07:05:19,,Satisfied,False,Unresolved,Within SLA,August,2024,3,Monday,3,220,37
1352245658,Security Measures for Protecting Medical Data Systems,"Customer Support team, I am reaching out to inquire about the security features and solutions implemented to safeguard medical data within hospital systems. Could you ple ... relevant industry standards and regulations.",Request,Medium,Customer Service,Closed,60.0,2024-10-31 01:10:02,2024-11-02 13:10:02,Satisfied,True,Medium,Within SLA,October,2024,4,Thursday,2,219,32
1352245659,Detected Errors in Investment Algorithm,"Dear Customer Support, I am reporting discrepancies in the firm's investment optimization algorithms. Recent issues with data integration seem to be the cause. Initial tr ... king. I look forward to your prompt response.",Problem,Medium,Product Support,In Progress,0.0,2023-08-15 03:14:07,,Neutral,False,Unresolved,Within SLA,August,2023,3,Tuesday,2,220,34
1352245660,,There is a known risk of a data breach involving unauthorized access to medical records. This issue might be due to outdated security measures. We have recently updated t ... d reviewed the access logs for any anomalies.,Incident,Medium,Technical Support,Closed,72.0,2024-01-15 08:20:24,2024-01-18 08:20:24,Frustrated,True,Medium,Within SLA,January,2024,1,Monday,2,220,38
1352245661,Failure in Financial System,"The data analytics applications of the financial institution started generating unreliable investment optimization outputs, potentially due to software conflicts. Several ... emains unresolved, leading to notable delays.",Incident,Medium,Product Support,Closed,56.0,2025-04-05 03:18:56,2025-04-07 11:18:56,Neutral,True,Medium,Within SLA,April,2025,2,Saturday,2,220,27
1352245662,Docker Integration Guidance Required,Is it possible to get details on how to integrate Docker 20.10 with a SaaS project management tool? Your assistance would be greatly appreciated.,Request,Medium,Customer Service,In Progress,0.0,2024-10-02 02:24:09,,Satisfied,False,Unresolved,Within SLA,October,2024,4,Wednesday,2,145,24
1352245663,Enquiry on Digital Marketing Strategies,"Customer Support, seeking information on digital marketing strategies to enhance brand growth. Could you provide details on the methods used to increase brand awareness a ... stance. Looking forward to hearing back soon.",Request,High,IT Support,Closed,129.0,2025-05-29 03:19:38,2025-06-03 12:19:38,Satisfied,True,Slow,Breached,May,2025,2,Thursday,3,220,33
1352245664,Problem with Digital Marketing Tools Billing,observed unforeseen charges in the billing. Kindly help in resolving this issue.,Problem,Medium,Billing and Payments,Pending,0.0,2025-11-25 03:21:36,,Satisfied,False,Unresolved,Within SLA,November,2025,4,Tuesday,2,80,12
1352245665,Boosting Brand Growth,"Customer Support, exploring digital strategies to enhance brand growth. Would appreciate detailed information on methods and techniques to increase brand awareness and en ... d to your response. Best regards, [Your Name]",Request,Low,Customer Service,Closed,37.0,2023-10-07 17:00:26,2023-10-09 06:00:26,Neutral,True,Medium,Within SLA,October,2023,4,Saturday,1,220,32
1352245666,Boosting Brand Presence with Smart Products,Offer insights into digital strategies,Request,Medium,Sales and Pre-Sales,Resolved,79.0,2023-09-22 01:26:59,2023-09-25 08:26:59,Satisfied,True,Slow,Breached,September,2023,3,Friday,2,38,5
1352245667,Problem with Login Platform,"Users are facing occasional login issues on the platform, which might be related to recent authentication server updates. Clearing the browser cache and cookies has been ... le to minimize any disruptions for the users.",Incident,High,Technical Support,Closed,82.0,2023-09-29 23:03:31,2023-10-03 09:03:31,Urgent,True,Slow,Breached,September,2023,3,Friday,3,219,35
1352245668,Support Needed for Enhancing Digital Marketing Growth,We are facing challenges in boosting our brand's growth. The recent marketing campaigns have not achieved the expected engagement.,Incident,Medium,Returns and Exchanges,Closed,28.0,2023-05-03 16:09:12,2023-05-04 20:09:12,Frustrated,True,Medium,Within SLA,May,2023,2,Wednesday,2,130,19
1352245669,Unlawful entry into files,Incident: Unauthorised access was found. Might be due to obsolete firewall. Steps taken: Restarted servers and scanned for viruses.,Incident,Medium,Returns and Exchanges,Resolved,100.0,2025-08-04 19:30:02,2025-08-08 23:30:02,Frustrated,True,Slow,Breached,August,2025,3,Monday,2,131,19
1352245670,Unanticipated Failures in Digital Strategies,"The marketing agency's digital tactics are unexpectedly not supporting brand expansion. Potential reasons might be technical issues or ineffective approaches. Efforts mad ... ubleshooting, but outcomes have not improved.",Problem,Medium,IT Support,Closed,160.0,2024-08-17 06:17:06,2024-08-23 22:17:06,Neutral,True,Slow,Breached,August,2024,3,Saturday,2,220,29
1352245671,Request for Enhanced Features,"You have written a request for enhancements in the integration features for affected products on the project management platform, aiming to improve the user experience and overall satisfaction.",Change,High,Technical Support,Closed,164.0,2025-08-20 16:28:37,2025-08-27 12:28:37,Frustrated,True,Slow,Breached,August,2025,3,Wednesday,3,193,28
1352245672,,"Customer support team, I am reaching out to inquire about how data analytics services can influence investment optimization strategies. Could you please offer detailed in ... tment choices. Thank you for your assistance.",Request,Low,Sales and Pre-Sales,In Progress,0.0,2025-11-27 05:06:11,,Urgent,False,Unresolved,Within SLA,November,2025,4,Thursday,1,220,33
1352245673,,"Dear Customer Support, we are expressing significant concern regarding the marketing agency's digital strategies. Despite thoroughly reviewing past campaigns and adjustin ... rd to your assistance. Sincerely, [Your Name]",Problem,High,Product Support,In Progress,0.0,2024-01-10 02:47:07,,Frustrated,False,Unresolved,Within SLA,January,2024,1,Wednesday,3,220,29
1352245674,,"Customer Support, we are seeking details on the security measures in place for managing medical data services provided by healthcare providers. Could you provide informat ... ward to hearing back with secure information.",Request,Low,Customer Service,Resolved,51.0,2025-02-12 02:22:47,2025-02-14 05:22:47,Neutral,True,Medium,Within SLA,February,2025,1,Wednesday,1,220,33
1352245675,Problem with Unreliable Data Reporting in Analytics Software,Facing unreliable data reporting which might be due to software conflicts. Reinstallation and updates have resolved the issue in the past.,Problem,Low,Product Support,Closed,128.0,2025-06-24 21:40:25,2025-06-30 05:40:25,Urgent,True,Slow,Breached,June,2025,2,Tuesday,1,138,21
1352245676,Misleading Investment Data Analytics Reports,Facing inaccuracies in investment data analytics reports. Potential reasons might be outdated algorithms.,Problem,Low,Customer Service,Resolved,59.0,2023-08-11 07:48:55,2023-08-13 18:48:55,Frustrated,True,Medium,Within SLA,August,2023,3,Friday,1,105,13
1352245677,Request for Support Regarding Investment Predictions,I am contacting you to address an issue with the investment predictions that have diverged from my expectations. This could be due to outdated data or potential errors in ... ciate your help in addressing this situation.,Incident,Medium,Product Support,Resolved,136.0,2023-12-27 16:36:45,2024-01-02 08:36:45,Neutral,True,Slow,Breached,December,2023,4,Wednesday,2,220,37
1352245678,Integration of Analytics Tools with RapidMiner for Investment Optimization,Could you please advise on the analytics tools that integrate with RapidMiner for the purpose of investment optimization?,Request,Medium,Sales and Pre-Sales,Pending,0.0,2024-12-17 08:54:53,,Frustrated,False,Unresolved,Within SLA,December,2024,4,Tuesday,2,121,18
1352245679,,"An unauthorized access attempt has been detected in our systems, posing a risk to the security of medical data. This might have occurred due to a potential vulnerability ... issue and ensure the security of our systems.",Incident,High,Technical Support,Closed,10.0,2025-09-17 22:48:30,2025-09-18 08:48:30,Frustrated,True,Fast,Within SLA,September,2025,3,Wednesday,3,219,37
1352245680,Concern About Medical Data Security Breach,A security breach was identified in the hospital's systems due to outdated software vulnerabilities. Updates and security audits have been initiated immediately.,Incident,High,Product Support,Closed,16.0,2024-01-30 12:57:41,2024-01-31 04:57:41,Urgent,True,Fast,Within SLA,January,2024,1,Tuesday,3,161,22
1352245681,,I am seeking to integrate IBM SPSS Statistics 28 into our current investment data analytics tools. Could you provide details on the process? We are interested in learning ... on this matter would be greatly appreciated.,Request,Medium,Billing and Payments,Closed,111.0,2024-12-14 22:01:48,2024-12-19 13:01:48,Neutral,True,Slow,Breached,December,2024,4,Saturday,2,219,36
1352245682,Concern Over Sudden Drop in Website Traffic,Noticing a sharp decline in website traffic and engagement. This might be due to recent algorithm changes. Despite attempts to analyze traffic patterns and implement SEO ... ve the issue and improve website performance.,Incident,Medium,Technical Support,Closed,1.0,2024-02-01 15:16:10,2024-02-01 16:16:10,Satisfied,True,Fast,Within SLA,February,2024,1,Thursday,2,219,34
1352245683,Improve Digital Marketing Strategies,"Dear Customer Support Team, I am reaching out to request an update on our digital marketing strategies to strengthen brand growth initiatives and optimize campaign result ... strategies will enhance our online presence.",Change,Medium,Sales and Pre-Sales,Closed,88.0,2025-11-01 21:37:26,2025-11-05 13:37:26,Frustrated,True,Slow,Breached,November,2025,4,Saturday,2,219,33
1352245684,Addressing Decrease in Brand Engagement Online,Facing a decline in brand engagement visibility through digital marketing efforts. This may be due to recent algorithm changes making current campaign targeting less effe ... anges to enhance the brand's online presence?,Problem,Medium,Customer Service,Closed,143.0,2023-01-15 14:21:41,2023-01-21 13:21:41,Satisfied,True,Slow,Breached,January,2023,1,Sunday,2,220,33
1352245685,Trouble with Periodic Connection Problems on Our SaaS Tool,"Currently facing periodic connection problems with our project management SaaS, which is disrupting the functionality of several integrated tools. These issues might be d ... you can provide would be greatly appreciated.",Incident,Low,Customer Service,Closed,133.0,2024-12-23 17:53:54,2024-12-29 06:53:54,Satisfied,True,Slow,Breached,December,2024,4,Monday,1,220,32
1352245686,,"customer support, a system crash has occurred during data analysis, affecting multiple products and disrupting investment optimization efforts. it may be due to software ... de a solution as soon as possible. Please let",Incident,High,Technical Support,Resolved,51.0,2024-03-22 19:41:08,2024-03-24 22:41:08,Urgent,True,Medium,Within SLA,March,2024,1,Friday,3,219,34
1352245687,Cloud SaaS Sales Platform Incident Report,"Dear Customer Support Team,\n\nI am submitting a report regarding an incident that took place on the Cloud SaaS sales platform. Recently, we faced multiple problems that ... ent records, or generate necessary documents.",Incident,Medium,Sales and Pre-Sales,Closed,149.0,2025-11-18 15:09:53,2025-11-24 20:09:53,Frustrated,True,Slow,Breached,November,2025,4,Tuesday,2,219,33
1352245688,Request for System Enhancement and Upgrade Integration,We are submitting a request to upgrade our system by integrating DataRobot with Kubernetes to improve our data analytics automation capabilities. Our current system restr ... vailable times for a call to proceed further.,Change,Medium,IT Support,Closed,55.0,2025-04-29 02:39:20,2025-05-01 09:39:20,Urgent,True,Medium,Within SLA,April,2025,2,Tuesday,2,220,34
1352245689,Boosting Brand Growth in E-commerce,"Hello, I'm contacting you to inquire about digital strategies for enhancing brand growth on e-commerce platforms such as osCommerce. Could you share any successful method ... ould offer. Thank you for your time and help.",Request,High,Product Support,Closed,34.0,2023-09-03 09:45:29,2023-09-04 19:45:29,Frustrated,True,Medium,Within SLA,September,2023,3,Sunday,3,220,35
1352245690,Concerns Over Digital Marketing Engagement Metrics,Noted a notable decline in engagement metrics following the implementation of digital marketing strategies. This could be attributed to recent tool updates or potential i ... ve engagement metrics is greatly appreciated.,Incident,High,Product Support,In Progress,0.0,2023-04-25 17:46:16,,Neutral,False,Unresolved,Within SLA,April,2023,2,Tuesday,3,220,32
1352245691,Required Solutions for Safeguarding Medical Data,"Customer Support, inquiring about solutions to secure medical data in hospital settings. Could you provide details on the types of security measures and services offered, ... k as these solutions could greatly assist us.",Request,Low,Sales and Pre-Sales,Closed,155.0,2024-11-17 04:52:47,2024-11-23 15:52:47,Frustrated,True,Slow,Breached,November,2024,4,Sunday,1,220,34
1352245692,Enhancing Data Analytics Strategies,I am seeking advice on optimizing the investment portfolios through the use of data analytics products. Could you provide guidance on how to effectively utilize the avail ... o performance and make data-driven decisions?,Request,Medium,Billing and Payments,Closed,12.0,2024-06-20 19:37:12,2024-06-21 07:37:12,Satisfied,True,Fast,Within SLA,June,2024,2,Thursday,2,220,34
1352245693,Support Request for Project Management SaaS Performance Issues,"Our project management SaaS platform is currently experiencing notable slowdowns. We suspect that recent updates might be causing a server overload. Despite our efforts t ... restarting servers, the issue still persists.",Problem,High,IT Support,Resolved,155.0,2025-07-01 18:15:39,2025-07-08 05:15:39,Frustrated,True,Slow,Breached,July,2025,3,Tuesday,3,220,32
1352245694,Trouble with Audio Quality in Team Meetings,"Customer Support, reporting an issue with audio quality during team meetings using Microsoft Teams. The audio quality has severely deteriorated, leading to communication ... me know how to proceed with troubleshooting.",Incident,Medium,Technical Support,Closed,109.0,2024-04-09 17:16:43,2024-04-14 06:16:43,Neutral,True,Slow,Breached,April,2024,2,Tuesday,2,218,31
1352245695,Request for Returning Several Products Owing to Compatibility Issues,Initiate the process to return multiple software and hardware products due to compatibility issues.,Change,Medium,Returns and Exchanges,Closed,70.0,2025-09-19 13:21:40,2025-09-22 11:21:40,Neutral,True,Medium,Within SLA,September,2025,3,Friday,2,99,14
1352245696,Concerning Security Breach,"Customer Support, an unauthorized access attempt was detected on the hospital's system. This might be due to weak password policies and outdated software. Initially, we r ... it if you could provide some recommendations.",Incident,Low,IT Support,Closed,14.0,2024-10-21 03:23:01,2024-10-21 17:23:01,Frustrated,True,Fast,Within SLA,October,2024,4,Monday,1,220,34
1352245697,Problem with Integration Failures,Experienced issues with integrations across multiple products. Possible cause could be recent updates or changes in API connections. Attempted restarting services and re- ... u provide guidance on the next steps to take?,Incident,Medium,Technical Support,Closed,9.0,2025-12-08 08:45:11,2025-12-08 17:45:11,Frustrated,True,Fast,Within SLA,December,2025,4,Monday,2,220,33
1352245698,Dashboard Load Times Are Sluggish,Customers are facing delays in loading content because of high server usage.,Problem,Medium,Returns and Exchanges,Resolved,110.0,2024-01-24 12:20:15,2024-01-29 02:20:15,Urgent,True,Slow,Breached,January,2024,1,Wednesday,2,76,12
1352245699,,"Customer Support, \n\nWe are preparing a report on a potential security breach in our medical data systems. Recently, we have experienced unauthorized access attempts, wh ... cess attempts, including the dates and times?",Problem,Low,Product Support,Closed,146.0,2024-12-10 16:04:24,2024-12-16 18:04:24,Frustrated,True,Slow,Breached,December,2024,4,Tuesday,1,220,33
1352245700,Guide for Integrating Zapier SaaS Project Management,Could you provide details on integrating Zapier SaaS project management to automate task workflows?,Request,Medium,Technical Support,Pending,0.0,2024-04-14 07:54:44,,Satisfied,False,Unresolved,Within SLA,April,2024,2,Sunday,2,99,14
1352245701,Enhancing Integration of Cisco Webex Meetings,Request to improve integration of Cisco Webex Meetings with project management tools to boost user collaboration and productivity. This would enable teams to manage proje ... in better outcomes and increased efficiency.,Change,Low,Technical Support,Closed,160.0,2023-11-06 11:20:52,2023-11-13 03:20:52,Frustrated,True,Slow,Breached,November,2023,4,Monday,1,219,32
1352245702,Assistance with Securing Medical Data for ActiveCampaign Firebase Integrations in a Hospital IT Environment,"Hello, I am reaching out to inquire about securing medical data and integrating ActiveCampaign with Firebase in a hospital IT setting. Could you provide some guidance on ... t information. Thank you for your assistance.",Request,High,Billing and Payments,Closed,88.0,2024-08-20 14:24:13,2024-08-24 06:24:13,Neutral,True,Slow,Breached,August,2024,3,Tuesday,3,219,35
1352245703,Project Information Vanished Unexpectedly Today,"Project information vanished possibly due to a database connectivity problem. After restarting the system and examining backups, the issue still hasn't resolved itself.",Incident,High,Technical Support,Resolved,57.0,2025-01-20 15:18:08,2025-01-23 00:18:08,Urgent,True,Medium,Within SLA,January,2025,1,Monday,3,168,23
1352245704,Concern with Data Integration,"A financial organization is experiencing challenges with data integration in their investment analytics tools, caused by differing software versions and data format inconsistencies.",Problem,Medium,Technical Support,Resolved,43.0,2023-06-15 16:19:19,2023-06-17 11:19:19,Frustrated,True,Medium,Within SLA,June,2023,2,Thursday,2,181,23
1352245705,Problem Concerning Medical Information System,"Respected customer service team, we face a severe issue with our medical information server. Our data has vanished, and we suspect it may be due to human error or a softw ... ps we should take next to resolve this issue?",Incident,High,Product Support,Closed,21.0,2024-01-04 11:40:10,2024-01-05 08:40:10,Neutral,True,Fast,Within SLA,January,2024,1,Thursday,3,220,41
1352245706,Assistance with Engagement Drop,"Noticing a decrease in brand engagement metrics across digital platforms. This could be related to recent algorithm changes or ineffective content strategies. So far, we' ... ow a suitable time for the call at <tel_num>.",Incident,High,Customer Service,Pending,0.0,2024-08-15 10:17:29,,Neutral,False,Unresolved,Within SLA,August,2024,3,Thursday,3,220,35
1352245707,Enhance Project Management Efficiency with Additional Tools,"Customer Support, we are reaching out to request the integration of additional third-party tools for our project management SaaS. Specifically, we would like to see suppo ... uld enable us to create high-quality content.",Change,Low,Customer Service,Closed,90.0,2025-06-07 10:49:24,2025-06-11 04:49:24,Frustrated,True,Slow,Breached,June,2025,2,Saturday,1,220,34
1352245708,Problem with Financial Data Analysis Tools,"The financial firm's data analysis tools are experiencing malfunctions, resulting in incorrect outcomes. Efforts to update the software have been unsuccessful.",Incident,High,Technical Support,Closed,119.0,2024-07-11 14:58:02,2024-07-16 13:58:02,Urgent,True,Slow,Breached,July,2024,3,Thursday,3,159,21
1352245709,Returns and Exchanges Handling Difficulties,"Dear Customer Support Team,\n\nI am reaching out to highlight an issue I faced with the returns and exchanges platform. Recently, I initiated a return that met all requir ... nce on the current status and the next steps.",Incident,High,Returns and Exchanges,Resolved,147.0,2025-06-11 22:32:31,2025-06-18 01:32:31,Frustrated,True,Slow,Breached,June,2025,2,Wednesday,3,220,38
1352245710,Investment Tools Compatible with Evernote,"Hello customer support, I am writing to seek information on data analytics tools that can be integrated with Evernote to enhance investment optimization. Could you kindly ... ices. Thank you for your time and assistance.",Request,Medium,Technical Support,Closed,98.0,2024-04-04 14:55:19,2024-04-08 16:55:19,Frustrated,True,Slow,Breached,April,2024,2,Thursday,2,220,35
1352245711,Problem with Data Analytics Report Generation,"Hello Customer Support, I am facing an issue with generating the data analytics report for investment optimization. The report failed to generate, which might be due to s ... soon as possible. Thank you for your support.",Incident,Medium,Customer Service,Closed,149.0,2025-12-22 07:00:49,2025-12-28 12:00:49,Neutral,True,Slow,Breached,December,2025,4,Monday,2,220,37
1352245712,Server Crash Notification,"Users have reported frequent server outages during peak traffic, potentially due to suboptimal resource management. After restarting the servers and implementing code imp ... critical issue and prevent future incidents.",Problem,High,Technical Support,Closed,147.0,2024-04-03 15:00:01,2024-04-09 18:00:01,Frustrated,True,Slow,Breached,April,2024,2,Wednesday,3,219,30
1352245713,Trouble with Twitch Studio Beta Integration,"Experiencing difficulties with integrating Twitch Studio Beta project management software. Despite attempts to restart and reauthorize, the problem continues. It might be ... s and continue using the service effectively.",Problem,Low,Technical Support,Closed,1.0,2023-02-04 01:58:02,2023-02-04 02:58:02,Neutral,True,Fast,Within SLA,February,2023,1,Saturday,1,220,30
1352245714,Project Management Tool Integration,Customer Support is seeking assistance with integrating a scalable SaaS project management solution into Magento. Could you offer comprehensive guidance on the process? W ... efficiency and enhance our overall workflow.,Request,Low,Returns and Exchanges,Closed,96.0,2025-10-19 12:35:10,2025-10-23 12:35:10,Urgent,True,Slow,Breached,October,2025,4,Sunday,1,219,31
1352245715,Inquiry About Pricing for Project Management SaaS,"Dear customer support, I am interested in learning more about your project management SaaS offerings. Could you provide detailed pricing information and features so I can ... rn more and help manage projects efficiently.",Request,Low,Billing and Payments,Closed,78.0,2024-09-06 20:42:27,2024-09-10 02:42:27,Neutral,True,Slow,Breached,September,2024,3,Friday,1,220,34
1352245716,Concern about Security Protocols for Medical Data Access,Seek assistance with security protocols,Problem,Medium,Billing and Payments,Closed,91.0,2024-03-02 09:22:13,2024-03-06 04:22:13,Satisfied,True,Slow,Breached,March,2024,1,Saturday,2,39,5
1352245717,Support SaaS Platform Issue,"Our system has been experiencing slowdowns during peak hours. This might be due to an increased user load that exceeds server capacity. Despite attempts to optimize datab ... s and increase resources, the issue persists.",Problem,High,IT Support,Closed,17.0,2023-01-13 13:54:50,2023-01-14 06:54:50,Neutral,True,Fast,Within SLA,January,2023,1,Friday,3,220,35
1352245718,,I am reaching out to inquire about optimizing Wix with Django 3.2 for enhanced digital marketing campaigns. Could you provide detailed guidance on this topic? I would app ... nce. I look forward to hearing from you soon.,Request,High,Service Outages and Maintenance,Resolved,117.0,2025-05-29 03:21:46,2025-06-03 00:21:46,Neutral,True,Slow,Breached,May,2025,2,Thursday,3,220,38
1352245719,Performance Problems with Analytics Platform,The analytics platform used by the financial firm experiences significant slowdown during peak data processing times. The problem began after a recent software update. We ... se on the next steps to address this problem.,Incident,Medium,IT Support,Closed,55.0,2025-12-01 08:27:29,2025-12-03 15:27:29,Frustrated,True,Medium,Within SLA,December,2025,4,Monday,2,220,35
1352245720,Assistance Required for Security Concern,A healthcare provider encountered unauthorized access to medical records within hospital systems. The potential cause may be outdated security measures. Attempts to fix t ... d. We require support to resolve this matter.,Problem,Medium,IT Support,Closed,44.0,2023-03-18 04:30:07,2023-03-20 00:30:07,Satisfied,True,Medium,Within SLA,March,2023,1,Saturday,2,220,33
1352245721,Technical Issue with Integrated Software Suite,Here is a succinct issue description: **Incident:** The integrated tools crashed all at once. **Possible Cause:** Conflicting software updates. **Actions Taken:** Restarted and updated individual applications.,Incident,High,Technical Support,Closed,5.0,2025-07-31 00:28:21,2025-07-31 05:28:21,Frustrated,True,Fast,Within SLA,July,2025,3,Thursday,3,209,26
1352245722,,We are currently facing low engagement levels with recent marketing efforts. It might be due to outdated strategies or misalignment with our audience. After adjusting our ... nt. I need assistance in boosting engagement.,Problem,Low,General Inquiry,Closed,85.0,2025-02-10 15:20:07,2025-02-14 04:20:07,Satisfied,True,Slow,Breached,February,2025,1,Monday,1,220,34
1352245723,Inquiry About Scalability Options for the Project Management SaaS Platform,"Hello, I am inquiring about the scalability options available for the project management SaaS platform. Could you provide detailed information on how the platform manages ... and I look forward to hearing from you soon.",Request,Medium,Human Resources,Pending,0.0,2024-03-20 14:05:28,,Neutral,False,Unresolved,Within SLA,March,2024,1,Wednesday,2,219,35
1352245724,Unauthorized Access to Medical Data Detected,An unauthorized access to medical data has been detected. It is possible that potential vulnerabilities in the infrastructure due to outdated software could have caused this breach.,Incident,Low,Returns and Exchanges,Closed,137.0,2023-12-24 11:26:07,2023-12-30 04:26:07,Neutral,True,Slow,Breached,December,2023,4,Sunday,1,181,27
1352245725,Access to Medical Information Refused Today,Unexpected refusal to access medical data occurred because of a technical integration problem,Problem,Medium,IT Support,Closed,39.0,2025-08-01 01:01:24,2025-08-02 16:01:24,Neutral,True,Medium,Within SLA,August,2025,3,Friday,2,93,13
1352245726,Support for Enhancing Employee Training Programs,Request for assistance in creating improved employee training programs utilizing analytics tools. Aim to enhance investment optimization skills within the organization to ... pact on the company's performance and growth.,Change,Medium,Human Resources,Closed,44.0,2024-07-01 07:28:38,2024-07-03 03:28:38,Neutral,True,Medium,Within SLA,July,2024,3,Monday,2,220,30
1352245727,Concern About Unauthorized Access to Medical Data,"An unauthorized access alert has been detected in our medical data systems, which may be due to a software vulnerability. We have applied a patch to the affected software ... ce in investigating and resolving this issue.",Incident,Medium,Technical Support,Resolved,135.0,2023-12-07 05:04:51,2023-12-12 20:04:51,Urgent,True,Slow,Breached,December,2023,4,Thursday,2,220,37
1352245728,Project for API Integration,Looking into API integration services and project management tools. Would appreciate detailed documentation to integrate the API with project management tools. Interested ... ng the API to enhance our project management.,Request,High,Product Support,Closed,144.0,2025-09-15 22:50:05,2025-09-21 22:50:05,Urgent,True,Slow,Breached,September,2025,3,Monday,3,220,31
1352245729,Support for Integrating Oracle Database 19c with Zoho CRM for Enhanced Data Analytics,Can offer assistance in integrating Oracle Database 19c with Zoho CRM to optimize data analytics and improve customer insights? Please provide details on your current set ... ient call to discuss the integration process.,Request,Low,Customer Service,Resolved,148.0,2023-10-23 08:38:03,2023-10-29 12:38:03,Frustrated,True,Slow,Breached,October,2023,4,Monday,1,220,34
1352245730,Secure Data Transmission Details,"Hi <name>,\n\nThank you for contacting our support team about secure medical data transmission between Jenkins and Maple systems, incorporating advanced encryption protoc ... n.\n\nBest regards,\n[Your Name] Support Team",Change,Medium,IT Support,Closed,88.0,2025-08-22 12:30:01,2025-08-26 04:30:01,Frustrated,True,Slow,Breached,August,2025,3,Friday,2,220,28
1352245731,Issue with accessing Discord server,detail of the problem,Incident,Medium,IT Support,Resolved,102.0,2024-01-25 08:02:39,2024-01-29 14:02:39,Urgent,True,Slow,Breached,January,2024,1,Thursday,2,21,4
1352245732,Issues with Project Timelines Not Syncing Across All Devices,"Hello Customer Support, I am contacting you to report a problem with project timelines not syncing across different devices. The timelines are not updating consistently, ... se and look forward to hearing from you soon.",Problem,Low,Product Support,Closed,7.0,2025-11-18 20:53:25,2025-11-19 03:53:25,Neutral,True,Fast,Within SLA,November,2025,4,Tuesday,1,219,35
1352245733,Requested Billing Details Needed,"Dear Customer Support, I am reaching out to inquire about billing information, payment options, and services related to the listed tech products. Could you please provide ... ward to your response to resolve this matter.",Request,Low,Billing and Payments,Closed,13.0,2025-10-21 00:04:08,2025-10-21 13:04:08,Urgent,True,Fast,Within SLA,October,2025,4,Tuesday,1,220,35
1352245734,Support Request for Safeguarding Medical Data,"Hello Customer Support, I am writing to inquire about the measures your company takes to safeguard medical data in the products and services you provide for hospital syst ... reciate your time in addressing this inquiry.",Request,Low,Customer Service,Closed,43.0,2025-11-23 16:07:03,2025-11-25 11:07:03,Urgent,True,Medium,Within SLA,November,2025,4,Sunday,1,220,36
1352245735,Login Problems Post Recent Enhancements,"Dear Customer Support, I have been encountering occasional login difficulties recently. These began after the latest updates to the authentication server. I have already ... you for your prompt attention to this matter.",Problem,Low,Customer Service,Closed,6.0,2023-08-01 11:29:58,2023-08-01 17:29:58,Urgent,True,Fast,Within SLA,August,2023,3,Tuesday,1,219,33
1352245736,Product Assistance Concern,"Users have reported recurring crashes across various products, such as Avid Pro Tools 2021.6 JIRA. A recent database update to PostgreSQL might have caused compatibility ... derlying cause and find a permanent solution.",Incident,Medium,Product Support,Closed,155.0,2025-09-02 22:47:13,2025-09-09 09:47:13,Urgent,True,Slow,Breached,September,2025,3,Tuesday,2,219,33
1352245737,Details on Scalability Features Project,Request for information,Request,Medium,IT Support,Closed,43.0,2023-05-31 22:32:01,2023-06-02 17:32:01,Urgent,True,Medium,Within SLA,May,2023,2,Wednesday,2,23,3
1352245738,Update Billing Procedures with Data Analytics,"Customer Support, please update the billing procedures and payment methods used in the software and hardware. Currently, there are issues with the payment gateway, and we ... earing back soon. Thank you for your support.",Change,Low,Billing and Payments,Closed,53.0,2025-09-01 17:20:01,2025-09-03 22:20:01,Neutral,True,Medium,Within SLA,September,2025,3,Monday,1,220,35
1352245739,Issues with Data Encryption on MS Surface Pro 8,"Hello customer support, I am encountering data encryption problems on my MS Surface Pro 8. This issue might be due to a compatibility problem with Symantec Endpoint Prote ... take or if you need further details from me.",Problem,Medium,IT Support,Closed,150.0,2025-10-01 01:19:28,2025-10-07 07:19:28,Satisfied,True,Slow,Breached,October,2025,4,Wednesday,2,219,38
1352245740,Issues with Digital Strategy Execution Across Various Platforms,"Our marketing agency has encountered challenges during the implementation of the digital strategy across different platforms. It appears there might be integration proble ... clearing the cache, the issues still persist.",Incident,Medium,Product Support,Closed,161.0,2023-03-03 05:46:48,2023-03-09 22:46:48,Satisfied,True,Slow,Breached,March,2023,1,Friday,2,220,31
1352245741,Request for Updating the Payment Gateway to Ensure HIPAA Compliance,"Hello Customer Support, I am reaching out to inquire about updating our payment gateway to guarantee the secure management of patient data and adherence to HIPAA standard ... this request and eagerly await your feedback.",Change,High,Billing and Payments,Resolved,73.0,2024-04-24 21:51:09,2024-04-27 22:51:09,Frustrated,True,Slow,Breached,April,2024,2,Wednesday,3,220,35
1352245742,Digital Marketing,I am interested in understanding the digital marketing strategies our company utilizes to foster brand expansion. Could you share detailed insights into the methods emplo ... ation you can provide would be highly valued.,Request,Medium,IT Support,Closed,149.0,2024-11-15 19:04:47,2024-11-22 00:04:47,Satisfied,True,Slow,Breached,November,2024,4,Friday,2,220,34
1352245743,Problems with Delays in SaaS Platform,"During peak usage times, the SaaS platform is facing latency issues that might be caused by server resource limitations or inefficient database queries. Efforts to optimi ... possible to ensure a smooth user experience.",Problem,High,Technical Support,Closed,46.0,2023-02-21 19:55:11,2023-02-23 17:55:11,Neutral,True,Medium,Within SLA,February,2023,1,Tuesday,3,219,34
1352245744,Data Analytics System Problem,"Customer Support, I am highlighting an urgent issue with the data analytics platform used for investment optimization. The system is malfunctioning, leading to inaccurate ... tem's reliability. This is a critical matter.",Incident,High,Customer Service,Closed,84.0,2025-06-19 08:04:39,2025-06-22 20:04:39,Frustrated,True,Slow,Breached,June,2025,2,Thursday,3,220,32
1352245745,Unauthorized Access Attempts to Healthcare Systems,A healthcare provider encountered unauthorized attempts to access hospital systems containing sensitive medical information. The suspicion is that the endpoint security m ... blem and ensure the security of medical data.,Incident,Medium,Technical Support,Resolved,154.0,2024-07-20 19:00:45,2024-07-27 05:00:45,Frustrated,True,Slow,Breached,July,2024,3,Saturday,2,220,31
1352245746,Concern About Increased Subscription Fee,"The customer was charged a higher fee in the current month due to a plan change. After verifying the account details and attempting to contact support, they received a re ... p in resolving the issue as soon as possible.",Incident,Low,Billing and Payments,Closed,31.0,2023-07-24 03:23:14,2023-07-25 10:23:14,Urgent,True,Medium,Within SLA,July,2023,3,Monday,1,220,40
1352245747,Customer Support API Integration Inquiry,I am reaching out to inquire about the API integration capabilities that your company offers as part of its project management solutions. I would appreciate information o ... I look forward to hearing back from you soon.,Request,Medium,Technical Support,Closed,142.0,2023-05-21 00:24:56,2023-05-26 22:24:56,Urgent,True,Slow,Breached,May,2023,2,Sunday,2,220,37
1352245748,Information on Digital Brand Growth Services,Could you furnish details on digital strategies for brand growth services? I am keen on learning about the services that can assist my business in expanding its online pr ... g back from you at your earliest convenience.,Request,High,Customer Service,Closed,104.0,2024-04-03 10:30:54,2024-04-07 18:30:54,Neutral,True,Slow,Breached,April,2024,2,Wednesday,3,220,38
1352245749,Support Request for IBM SPSS Statistics 28 Optimization,I am seeking advice on optimizing the data analysis process for investment projects using IBM SPSS Statistics 28 to improve performance and accuracy. I need to ensure tha ... ions that could help me optimize my workflow.,Request,Medium,IT Support,Closed,134.0,2024-05-22 12:58:18,2024-05-28 02:58:18,Satisfied,True,Slow,Breached,May,2024,2,Wednesday,2,220,37
1352245750,Security of Healthcare Data,Is there any possibility of providing details on securing medical data?,Request,Medium,IT Support,Closed,97.0,2024-10-07 11:04:41,2024-10-11 12:04:41,Neutral,True,Slow,Breached,October,2024,4,Monday,2,71,11
1352245751,Inquiry on Integration Options for IBM Cloud,"Looking for information on the integration options available for IBM Cloud project management SaaS. Could you provide details on available integration options, APIs, webh ... uides to assist with the integration process.",Request,Medium,Human Resources,Closed,103.0,2023-09-30 20:20:11,2023-10-05 03:20:11,Frustrated,True,Slow,Breached,September,2023,3,Saturday,2,220,32
1352245752,Guidance on Securing Medical Data with H2O.ai,"Hello Customer Support, I am reaching out regarding the process of securing medical data with H2O.ai to integrate it into our existing hospital systems. Could you provide ... er and look forward to hearing back from you.",Request,High,Technical Support,Closed,108.0,2023-11-08 22:10:21,2023-11-13 10:10:21,Neutral,True,Slow,Breached,November,2023,4,Wednesday,3,220,37
1352245753,Data Retrieval Issues,"The healthcare organization encountered problems accessing data on various devices and software, possibly due to conflicts with security protocols. Recent security update ... ipse IDE, Excel, and Scanner functionalities.",Incident,High,Product Support,Closed,43.0,2023-07-25 07:16:27,2023-07-27 02:16:27,Frustrated,True,Medium,Within SLA,July,2023,3,Tuesday,3,220,29
1352245754,Implementing Data Analytics Solutions for Financial Optimization,"Customer Support, I am reaching out to inquire about integrating data analytics tools to optimize investments within financial firm solutions. Could you provide guidance ... assistance. I look forward to your response.",Request,Medium,Product Support,Closed,1.0,2025-04-17 22:34:43,2025-04-17 23:34:43,Neutral,True,Fast,Within SLA,April,2025,2,Thursday,2,218,32
1352245755,Multiple Platforms Suffering From Disrupted Connectivity,"Users are encountering issues with connectivity on various platforms, which might be related to recent software updates. Initial steps like reboots, software rollbacks, a ... to address and restore normal functionality.",Incident,Medium,Technical Support,Closed,134.0,2024-07-22 08:09:26,2024-07-27 22:09:26,Frustrated,True,Slow,Breached,July,2024,3,Monday,2,219,31
1352245756, Inquiry About Data Analytics Tool Malfunction,"Dear Customer Support, I am writing to report an issue with our data analytics tools. The tools have malfunctioned, and we suspect a possible software incompatibility. We ... hearing from you soon. Sincerely, [Your Name]",Incident,Low,General Inquiry,Closed,50.0,2025-04-04 15:36:39,2025-04-06 17:36:39,Urgent,True,Medium,Within SLA,April,2025,2,Friday,1,220,35
1352245757,Data Analytics Optimization,"Dear Customer Support, I am contacting you to seek support in refining our data analytics tools for better investment insights and enhancing our workflow efficiency. Our ... nce. I am hopeful to hear back from you soon.",Change,Low,IT Support,Closed,114.0,2025-02-18 12:15:52,2025-02-23 06:15:52,Frustrated,True,Slow,Breached,February,2025,1,Tuesday,1,219,37
1352245758,Notice Concerning Recent Security Breach,"A recent security breach has been identified in the hospital's systems, leading to the compromise of sensitive medical data. We have promptly applied security updates and ... ring network activity for any irregularities.",Incident,High,Technical Support,Closed,125.0,2024-02-28 08:33:21,2024-03-04 13:33:21,Urgent,True,Slow,Breached,February,2024,1,Wednesday,3,220,33
1352245759,Support Required for Potential Data Breach,"A potential data breach has been identified in the hospital's system, possibly due to outdated security protocols. Initial investigations have shown insufficient encryption and a lack of regular security updates.",Incident,Medium,Human Resources,Resolved,82.0,2023-09-13 14:39:38,2023-09-17 00:39:38,Frustrated,True,Slow,Breached,September,2023,3,Wednesday,2,212,30
1352245760,Request for Assistance with Security Incident,"I need support in writing a report on a critical security incident. An unauthorized access incident occurred, which could have potentially exposed sensitive medical data ... information required to resolve this matter.",Incident,High,IT Support,Closed,18.0,2024-02-04 04:32:20,2024-02-04 22:32:20,Urgent,True,Fast,Within SLA,February,2024,1,Sunday,3,218,32
1352245761,,"Combine HubSpot CRM with Microsoft OneNote to optimize project management workflows and boost documentation efficiency. This integration facilitates smooth data exchange, ... re informed decisions based on accurate data.",Change,Medium,IT Support,Closed,56.0,2025-01-18 12:35:20,2025-01-20 20:35:20,Frustrated,True,Medium,Within SLA,January,2025,1,Saturday,2,220,29
1352245762,NZXT Hardware Malfunction,"I am encountering a hardware failure with my NZXT Kraken Z63. The problem could be due to overheating. Despite attempting to restart the system and update the drivers, th ... preciate any support to resolve this problem.",Incident,Medium,Product Support,Pending,0.0,2024-04-03 11:40:14,,Frustrated,False,Unresolved,Within SLA,April,2024,2,Wednesday,2,220,37
1352245763,Software Integration Issue,"Dear customer support team, I am writing to request your assistance in optimizing the compatibility of our software with PHP 8.0. Our team is currently experiencing diffi ... atly appreciated. Thank you for your support.",Change,Low,Product Support,Closed,143.0,2024-06-10 04:13:11,2024-06-16 03:13:11,Frustrated,True,Slow,Breached,June,2024,2,Monday,1,220,35
1352245764,Billing Discrepancy Notification,A financial organization utilizing data analytics encountered billing discrepancies impacting several software devices. There may be a system integration malfunction. Mul ... continue to occur across different platforms.,Incident,High,Billing and Payments,Closed,154.0,2023-06-28 21:50:16,2023-07-05 07:50:16,Urgent,True,Slow,Breached,June,2023,2,Wednesday,3,220,28
1352245765,Inquiry Regarding Data Analytics Services for Optimizing Investment Strategies,"Customer Support, seeking detailed information on the types of services you offer in data analytics to optimize investment strategies. Would greatly appreciate if you cou ... ce. Looking forward to hearing from you soon.",Request,High,Billing and Payments,Closed,153.0,2024-12-28 12:39:34,2025-01-03 21:39:34,Neutral,True,Slow,Breached,December,2024,4,Saturday,3,220,34
1352245766,Concern with Investment Analytics Dashboard,"I am reaching out to address an issue with the investment analytics dashboard. The performance metrics shown are inaccurate, despite attempts to refresh the data feeds an ... ve this issue. Thank you for your assistance.",Problem,Low,IT Support,Closed,16.0,2023-04-27 23:21:49,2023-04-28 15:21:49,Frustrated,True,Fast,Within SLA,April,2023,2,Thursday,1,220,36
1352245767,Trouble Launching Digital Campaigns,"Suddenly, error messages are appearing on the dashboard during the launch of digital campaigns. This might be due to software compatibility problems. After restarting sys ... fying configurations, the issue still exists.",Incident,High,Technical Support,Closed,94.0,2023-08-07 15:48:06,2023-08-11 13:48:06,Satisfied,True,Slow,Breached,August,2023,3,Monday,3,220,32
1352245768,Services in Data Analytics,Is it possible to receive data analytics services that optimize investment strategies? Thank you.,Request,Medium,General Inquiry,Resolved,35.0,2023-12-17 11:31:31,2023-12-18 22:31:31,Frustrated,True,Medium,Within SLA,December,2023,4,Sunday,2,97,14
1352245769,Data Security Solutions,Is it possible to provide information on data security solutions for healthcare providers and hospital systems? I would appreciate details to help protect sensitive patient data.,Request,High,Customer Service,Closed,168.0,2025-11-16 15:10:33,2025-11-23 15:10:33,Neutral,True,Slow,Breached,November,2025,4,Sunday,3,178,26
1352245770,Assistance Required for Data Analytics Services,Inquiring about data analytics services to help optimize investment strategies. Could you please provide information on the types of data analytics services that are avai ... tions. Looking forward to your response soon.,Request,Medium,Returns and Exchanges,Closed,10.0,2025-11-13 15:41:11,2025-11-14 01:41:11,Frustrated,True,Fast,Within SLA,November,2025,4,Thursday,2,220,33
1352245771,Customer Service Query,Could you please elaborate on how digital strategies can promote brand growth? I am keen to learn about specific tactics and tools to help achieve our goals. This informa ... determine if it is a good fit for our needs.,Request,Medium,Customer Service,Closed,27.0,2024-09-09 08:34:27,2024-09-10 11:34:27,Urgent,True,Medium,Within SLA,September,2024,3,Monday,2,219,40
1352245772,,"The digital campaigns managed by the marketing agency have not achieved expected results, potentially due to problems with software integration. Efforts to update and syn ... a solution to enhance campaign effectiveness.",Incident,Low,Product Support,Closed,33.0,2025-05-15 18:07:13,2025-05-17 03:07:13,Satisfied,True,Medium,Within SLA,May,2025,2,Thursday,1,220,32
1352245773,,Request for the implementation of enhanced security measures for medical data,Change,Low,Product Support,Closed,55.0,2024-07-22 05:04:56,2024-07-24 12:04:56,Frustrated,True,Medium,Within SLA,July,2024,3,Monday,1,77,11
1352245774,Inquiry on Best Practices for Securing Medical Data on macOS Monterey and Linux,"I am contacting customer support to seek advice on the optimal security measures for safeguarding medical data on macOS Monterey and Linux systems. Specifically, I am int ... protection of sensitive medical information.",Request,High,Product Support,Pending,0.0,2023-05-21 06:44:06,,Satisfied,False,Unresolved,Within SLA,May,2023,2,Sunday,3,219,33
1352245775,Support Request for Digital Strategy Services,"Hi, seeking assistance with digital strategy services to boost brand growth. Could you please offer detailed guidance on how to help our business expand its online presen ... ources provided would be greatly appreciated.",Request,Medium,Customer Service,Closed,167.0,2024-09-04 22:48:21,2024-09-11 21:48:21,Neutral,True,Slow,Breached,September,2024,3,Wednesday,2,220,34
1352245776,Healthcare Provider Faced Possible Data Breach Online,A healthcare provider encountered a potential data breach. Initial steps comprised system scans.,Problem,High,Customer Service,Closed,23.0,2023-01-22 14:55:30,2023-01-23 13:55:30,Urgent,True,Fast,Within SLA,January,2023,1,Sunday,3,96,13
1352245777,Inconsistent Data Analysis Results with Multiple Affected Products Identified,"Customer Support,<br>Our financial firm is encountering inconsistent data analysis results, which might be due to software integration issues affecting multiple products. ... nformation.<br>Thank you for your assistance.",Incident,Medium,Technical Support,Closed,34.0,2024-02-15 19:43:49,2024-02-17 05:43:49,Satisfied,True,Medium,Within SLA,February,2024,1,Thursday,2,220,27
1352245778,Query on Recent Brand Engagement Data,"Our marketing firm has noticed a sharp decline in brand engagement metrics across various digital channels, possibly attributed to recent algorithm updates on social medi ... ential solutions to enhance brand engagement.",Incident,Low,Product Support,Resolved,38.0,2025-04-13 12:51:56,2025-04-15 02:51:56,Satisfied,True,Medium,Within SLA,April,2025,2,Sunday,1,220,32
1352245779,Financial System Breakdown,"A financial organization encountered failures in their data analytics platform, impacting their ability to optimize investments. The problem appears to stem from software ... to identify and resolve the underlying cause.",Incident,High,Product Support,Resolved,76.0,2023-07-11 23:43:19,2023-07-15 03:43:19,Frustrated,True,Slow,Breached,July,2023,3,Tuesday,3,220,31
1352245780,Troubleshooting Required for Connectivity Issues with Google Nest Wifi Router,Online marketing efforts have been hindered by connectivity issues with the Google Nest Wifi Router. It might be due to network overload during peak usage times. Despite ... downtime and get the campaigns back on track.,Incident,High,Technical Support,Closed,112.0,2024-12-07 11:39:07,2024-12-12 03:39:07,Neutral,True,Slow,Breached,December,2024,4,Saturday,3,219,36
1352245781,Digital Campaign Interruption,"Dear Customer Support, I am writing to report that our marketing agency's digital campaigns have been interrupted due to connectivity software problems. The issues appear ... ly appreciate any assistance you can provide.",Incident,Medium,Technical Support,Closed,45.0,2024-07-26 13:52:09,2024-07-28 10:52:09,Satisfied,True,Medium,Within SLA,July,2024,3,Friday,2,220,33
1352245782,Immediate Help Needed for KVM Switch Connectivity Issue,"Dear Support Team,\n\nI am reaching out to seek urgent help regarding a problem with my KVM switch. Recently, I have been experiencing ongoing connection problems that si ... nitor consistently exhibits the same problem.",Problem,Medium,Technical Support,In Progress,0.0,2025-11-11 04:51:36,,Urgent,False,Unresolved,Within SLA,November,2025,4,Tuesday,2,220,34
1352245783,QuickBooks Online Integration Options Overview,Inquiring about integration options available for the QuickBooks Online project management SaaS. Would appreciate detailed information on the types of integrations offere ... egrating with the QuickBooks Online platform.,Request,Low,Customer Service,Closed,23.0,2025-11-10 10:40:54,2025-11-11 09:40:54,Neutral,True,Fast,Within SLA,November,2025,4,Monday,1,220,29
1352245784,Immediate Action Required: Simultaneous Outage Event,"Dear Support Team,\n\nWe are currently experiencing a critical issue involving multiple essential smart device security systems undergoing simultaneous failures. We suspe ... situation, your prompt attention is required.",Incident,High,Product Support,Resolved,25.0,2024-02-12 06:05:08,2024-02-13 07:05:08,Neutral,True,Medium,Within SLA,February,2024,1,Monday,3,220,28
1352245785,Request for Detailed Documentation,"Kindly furnish comprehensive documentation on SaaS scalability options, Subversion, and Oracle Database 19c.",Request,Medium,Product Support,Closed,32.0,2025-06-27 01:58:47,2025-06-28 09:58:47,Frustrated,True,Medium,Within SLA,June,2025,2,Friday,2,108,13
1352245786,Protecting Medical Information with Crucial MX500 SSD,"I am writing to inquire about the security features of the Crucial MX500 SSD, particularly in the context of hospital applications. Could you provide details on how this ... look forward to your response on this matter.",Request,High,Technical Support,Closed,44.0,2024-08-14 21:39:36,2024-08-16 17:39:36,Urgent,True,Medium,Within SLA,August,2024,3,Wednesday,3,219,37
1352245787,Concerns with Data Analytics Dashboard,"Dear Customer Support Team,<br><br>There has been a significant issue with our data analytics dashboard that requires your immediate attention. We are experiencing a cras ... gent matter.<br><br>Sincerely,<br>[Your Name]",Problem,Low,Customer Service,Closed,145.0,2025-09-18 22:50:31,2025-09-24 23:50:31,Frustrated,True,Slow,Breached,September,2025,3,Thursday,1,220,28
1352245788,Digital Brand Development,"I am interested in understanding digital strategy packages that can support brand expansion, particularly within the Education Technology industry. Could you share detail ... offered and how they can benefit my business?",Request,Medium,Technical Support,In Progress,0.0,2024-07-31 01:32:28,,Urgent,False,Unresolved,Within SLA,July,2024,3,Wednesday,2,220,32
1352245789,,"Dear customer support, there has been a security breach involving a healthcare provider's system, which has led to the compromise of sensitive medical data due to outdate ... olve this issue and prevent further breaches.",Problem,High,Technical Support,Closed,57.0,2023-06-18 07:26:07,2023-06-20 16:26:07,Urgent,True,Medium,Within SLA,June,2023,2,Sunday,3,220,35
1352245790,,"Customer Support, a financial organization has encountered disruptions with MS Teams, VPN, and Router, potentially due to network conflicts or recent software updates. In ... ompt attention to this matter is appreciated.",Problem,High,Customer Service,Closed,9.0,2025-11-14 07:43:49,2025-11-14 16:43:49,Frustrated,True,Fast,Within SLA,November,2025,4,Friday,3,220,32
1352245791,Request for Monday IBM Cloud Integration Details,Could you provide information on how to integrate Monday IBM Cloud?,Request,Medium,Technical Support,Closed,61.0,2023-12-30 05:30:44,2024-01-01 18:30:44,Neutral,True,Medium,Within SLA,December,2023,4,Saturday,2,67,11
1352245792,Guidance on Implementing Enhanced Encryption for Medical Data on Linux Mint and Oracle Database 19c,"Dear Customer Support, I am contacting you regarding the implementation of enhanced encryption for medical data on Linux Mint and Oracle Database 19c systems. Given the c ... your prompt response. Sincerely, [Your Name]",Change,Medium,Customer Service,Resolved,90.0,2025-01-02 09:55:54,2025-01-06 03:55:54,Frustrated,True,Slow,Breached,January,2025,1,Thursday,2,219,34
1352245793,Support for Apache Hadoop Optimization,"Hello Customer Support Team, I am seeking detailed documentation to optimize my investment analytics using Apache Hadoop. Could you provide any resources or guides that m ... ion you need to provide an accurate response.",Request,High,Technical Support,Closed,87.0,2023-02-08 20:59:11,2023-02-12 11:59:11,Satisfied,True,Slow,Breached,February,2023,1,Wednesday,3,220,35
1352245794,Urgent: Incident Involving Data Breach in Medical Records Security,"A data breach has occurred, which might be related to outdated procedures.",Problem,Medium,Product Support,Resolved,2.0,2025-08-20 10:22:52,2025-08-20 12:22:52,Satisfied,True,Fast,Within SLA,August,2025,3,Wednesday,2,74,12
1352245795,QNAP TS-453D Network Access Problem,"We are facing connectivity problems with our QNAP TS-453D NAS, which is impacting our data access and analytics. Recent software updates or network configuration changes ... the network settings, but the issue remains.",Incident,Medium,Technical Support,Closed,36.0,2025-05-22 02:47:03,2025-05-23 14:47:03,Urgent,True,Medium,Within SLA,May,2025,2,Thursday,2,218,33
1352245796,Support for Smart Licht on MacOS Monterey,Seeking comprehensive guidance on integrating Smart Licht into project management workflows for MacOS Monterey. Would greatly appreciate detailed step-by-step instruction ... mation on compatibility and potential issues?,Request,High,Technical Support,Closed,127.0,2024-05-24 12:57:37,2024-05-29 19:57:37,Neutral,True,Slow,Breached,May,2024,2,Friday,3,220,27
1352245797,Software Glitches,"You are encountering software crashes across various products, even after reinstallation and compatibility tweaks.",Problem,Medium,Product Support,Closed,16.0,2025-08-05 17:30:46,2025-08-06 09:30:46,Neutral,True,Fast,Within SLA,August,2025,3,Tuesday,2,114,14
1352245798,Issue with Magento Integration,"There was a system error when integrating Magento 2.4 via Zapier, which might be due to API mismatches. After reinstalling plugins and checking configurations, the issue ... this and ensure a smooth integration process.",Incident,Low,Technical Support,Closed,81.0,2023-12-10 21:10:02,2023-12-14 06:10:02,Frustrated,True,Slow,Breached,December,2023,4,Sunday,1,219,34
1352245799,Issues with Screen Recorder Function,"The Screen Recorder has been failing intermittently, which might be related to server overload. After restarting the application, the issue still persists. I would apprec ... onal information needed to resolve the issue.",Incident,Low,Product Support,In Progress,0.0,2025-10-03 02:13:51,,Satisfied,False,Unresolved,Within SLA,October,2025,4,Friday,1,220,33
1352245800,,A financial organization encountered delays in data processing that impacted their investment analytics. The delays may be due to bottlenecks in network hardware. Devices ... remain. Seeking support to resolve the issue.,Problem,Medium,Technical Support,Closed,76.0,2023-04-09 04:54:07,2023-04-12 08:54:07,Satisfied,True,Slow,Breached,April,2023,2,Sunday,2,220,32
1352245801,Support Security Issue Identified,"Noted unauthorized access attempts to the medical data system due to outdated security protocols. After reviewing access logs and updating security features, the issue still persists.",Incident,Medium,Technical Support,Closed,22.0,2025-09-14 01:34:30,2025-09-14 23:34:30,Urgent,True,Fast,Within SLA,September,2025,3,Sunday,2,183,26
1352245802,Request for Project Management Integration Support,"Seeking assistance to enhance integration support and improve collaboration between Joomla, TYPO3, and Visual Studio Code for project management workflows. Would greatly ... ase inform us of the necessary steps to take.",Change,Medium,IT Support,Closed,143.0,2024-12-22 05:08:53,2024-12-28 04:08:53,Satisfied,True,Slow,Breached,December,2024,4,Sunday,2,219,32
1352245803,Request for Immediate Update of Software Integrations,There is a need to update the software integrations to ensure smooth campaign tracking and analytics across various marketing platforms.,Change,Medium,Technical Support,Closed,107.0,2025-12-25 02:03:04,2025-12-29 13:03:04,Urgent,True,Slow,Breached,December,2025,4,Thursday,2,136,20
1352245804,Support for Enhancements in Data Analytics and Investment Optimization,Seeking to enhance the data analytics capabilities and investment optimization within the existing software tools to facilitate more informed decision-making. This involv ... s and potentially incorporating new features.,Change,High,Product Support,Closed,41.0,2024-04-14 10:27:58,2024-04-16 03:27:58,Satisfied,True,Medium,Within SLA,April,2024,2,Sunday,3,220,29
1352245805,,I am preparing a report on significant disruptions in digital marketing strategies due to software compatibility issues. Recent updates to key applications might be causi ... ate your assistance in resolving this matter.,Incident,Medium,Technical Support,Closed,119.0,2025-10-05 13:24:03,2025-10-10 12:24:03,Satisfied,True,Slow,Breached,October,2025,4,Sunday,2,220,33
1352245806,,"Customer Support,<br>I am writing to report an issue with the hospital's system. I am experiencing difficulties accessing secured medical data, which may be related to re ... r as soon as possible.<br>Please let me know.",Problem,Low,Billing and Payments,Closed,56.0,2024-09-26 06:22:22,2024-09-28 14:22:22,Satisfied,True,Medium,Within SLA,September,2024,3,Thursday,1,220,35
1352245807,Detailed Guidance on Integrating RapidMiner Data Analytics Tools,Can you provide detailed information on integrating RapidMiner's existing data analytics tools?,Request,Medium,Product Support,Closed,50.0,2023-07-01 05:59:39,2023-07-03 07:59:39,Frustrated,True,Medium,Within SLA,July,2023,3,Saturday,2,95,12
1352245808,Secure Medical Data with Webex,"Hello Customer Support, I am contacting you to ask about the security procedures for protecting medical data while using Cisco Webex Meetings. As a healthcare provider, i ... help. I am looking forward to your response.",Request,Medium,Product Support,Closed,114.0,2023-08-06 03:15:53,2023-08-10 21:15:53,Satisfied,True,Slow,Breached,August,2023,3,Sunday,2,219,36
1352245809,Irregular Data Analytics Results in Investment Optimization Tool,The investment optimization tool is showing irregular data analytics results. Recent software updates might be causing data feed issues. Restarting and clearing the cache have not resolved the problem.,Incident,Low,Product Support,Closed,23.0,2023-03-12 10:39:05,2023-03-13 09:39:05,Satisfied,True,Fast,Within SLA,March,2023,1,Sunday,1,201,29
1352245810,Urgent: Improve Hospital Data Security Now,"We need to implement strong encryption methods to secure medical data and improve hospital security protocols. This should cover securing electronic health records, defen ... itive patient information and maintain trust.",Change,High,Technical Support,Closed,159.0,2023-02-27 19:22:07,2023-03-06 10:22:07,Satisfied,True,Slow,Breached,February,2023,1,Monday,3,220,31
1352245811,Data Security Protocols,Could you furnish details on the data security measures and compliance with HIPAA in HubSpot CRM for healthcare use? Thank you.,Request,Medium,Billing and Payments,Closed,97.0,2024-04-17 19:32:02,2024-04-21 20:32:02,Neutral,True,Slow,Breached,April,2024,2,Wednesday,2,127,21
1352245812,Problem with Demo Access Link,A potential client faced challenges accessing the demo version of our project management SaaS. After verifying the access credentials and confirming the demo environment ... he client is still encountering difficulties.,Incident,Medium,Sales and Pre-Sales,In Progress,0.0,2025-02-04 06:22:37,,Neutral,False,Unresolved,Within SLA,February,2025,1,Tuesday,2,219,31
1352245813,Delayed Performance in Project Management System,"Customer Support reports difficulties with report generation within the project management SaaS platform. Lately, there have been sporadic delays in loading times. The pr ... se advise if additional details are required.",Problem,Low,IT Support,Closed,65.0,2023-06-30 09:17:07,2023-07-03 02:17:07,Urgent,True,Medium,Within SLA,June,2023,2,Friday,1,220,32
1352245814,,Customer support has received a report regarding a serious security incident involving unauthorized access attempts to hospital systems containing medical data. An initia ... ut the potential repercussions of the breach.,Incident,Medium,Technical Support,Closed,131.0,2023-05-31 23:34:49,2023-06-06 10:34:49,Urgent,True,Slow,Breached,May,2023,2,Wednesday,2,220,31
1352245815,Request for Monday.com Integration Guidance,In need of assistance with integrating Monday.com for GNU Compiler Collection project tracking. Would be grateful for a detailed explanation of the integration's benefits ... ppreciated. Looking forward to your response.,Request,Low,Customer Service,Closed,72.0,2023-12-31 17:58:46,2024-01-03 17:58:46,Urgent,True,Medium,Within SLA,December,2023,4,Sunday,1,220,31
1352245816,Data Discrepancies in Investment Optimization Platform,"Customer Support reports an issue with the investment optimization platform's data integration. The platform appears to be experiencing errors, potentially linked to rece ... entify the root cause and provide a solution.",Incident,Medium,Product Support,Closed,28.0,2025-04-15 01:11:24,2025-04-16 05:11:24,Neutral,True,Medium,Within SLA,April,2025,2,Tuesday,2,220,32
1352245817,Problem with Login After Recent Updates,Users have faced occasional login difficulties following the latest server modifications.,Incident,High,Technical Support,Closed,63.0,2023-07-30 17:55:20,2023-08-02 08:55:20,Urgent,True,Medium,Within SLA,July,2023,3,Sunday,3,89,11
1352245818,Guidance on Integrating PyTorch with Airtable for Analysis Optimization,"I am attempting to integrate PyTorch with Airtable to enhance investment analysis optimization. Could you offer some guidance on how to achieve this? Additionally, could ... urces or documentation that would be helpful?",Request,Medium,Product Support,Closed,64.0,2024-08-26 17:46:00,2024-08-29 09:46:00,Satisfied,True,Medium,Within SLA,August,2024,3,Monday,2,219,33
1352245819,,"Dear customer support, multiple users have reported performance issues with the SaaS platform on Microsoft Windows 10 Pro. These issues could be due to recent software up ... er, as it is affecting the users' experience.",Incident,High,Technical Support,Closed,34.0,2024-12-05 17:03:54,2024-12-07 03:03:54,Neutral,True,Medium,Within SLA,December,2024,4,Thursday,3,220,36
1352245820,Variability in Digital Strategy Metrics Among Various Platforms,A marketing agency faced inconsistencies in digital strategy metrics. These inconsistencies might have been caused by data integration problems. The agency re-evaluated i ... ynchronize data sources to resolve the issue.,Incident,Low,Product Support,Resolved,97.0,2024-07-30 08:18:42,2024-08-03 09:18:42,Satisfied,True,Slow,Breached,July,2024,3,Tuesday,1,220,31
1352245821,,Users are experiencing recurrent software crashes on various device platforms. Recent updates might be causing conflicts. Initial attempts to resolve the issue through ro ... the problem and prevent further disruptions.,Incident,Medium,IT Support,In Progress,0.0,2025-11-07 13:32:16,,Frustrated,False,Unresolved,Within SLA,November,2025,4,Friday,2,219,31
1352245822,Concerns Regarding Investment Optimization in Data Analysis Software,Encountered inaccuracies in investment optimization through the software,Problem,High,Technical Support,Closed,79.0,2025-12-17 22:48:18,2025-12-21 05:48:18,Satisfied,True,Slow,Breached,December,2025,4,Wednesday,3,72,8
1352245823,Digital Tools of Marketing Agency Experienced Unexpected Crash Today,"The digital tools used by the marketing agency unexpectedly crashed, probably due to server overload. Restarting attempts were unsuccessful, although the issue has now be ... ty and efficiency are significantly impacted.",Incident,High,IT Support,Closed,28.0,2025-04-19 03:50:09,2025-04-20 07:50:09,Neutral,True,Medium,Within SLA,April,2025,2,Saturday,3,220,32
1352245824,,"Dear Customer Support, I am inquiring about the data analytics services that can help optimize investment strategies. Could you provide detailed information on the types ... nce, and I look forward to hearing back soon.",Request,High,Billing and Payments,Resolved,32.0,2024-10-13 02:10:40,2024-10-14 10:10:40,Neutral,True,Medium,Within SLA,October,2024,4,Sunday,3,219,35
1352245825,Project Timelines Suddenly Unsynchronized Again,"Hello Customer Support, I am contacting you to report a recent issue with my project timelines becoming unsynchronized. The timelines vanished unexpectedly. I suspect thi ... ls from me to proceed with the investigation.",Incident,Medium,Customer Service,Closed,54.0,2025-07-01 09:38:06,2025-07-03 15:38:06,Satisfied,True,Medium,Within SLA,July,2025,3,Tuesday,2,220,34
1352245826,Integration of Zoho Books with Data Analytics Tools,I am keen on integrating Zoho Books with data analytics tools to better track and report on investments. Could you give more details on how to accomplish this? It would b ... suggest some specific tools for this purpose?,Change,Medium,Product Support,Closed,29.0,2023-08-29 01:01:52,2023-08-30 06:01:52,Satisfied,True,Medium,Within SLA,August,2023,3,Tuesday,2,220,39
1352245827,Healthcare Provider System Malfunction,"Customer Support,\n\nI am reporting an issue with the healthcare provider system. Recently, we have been experiencing data access problems and system slowdowns that affec ... ability to deliver timely and effective care.",Incident,High,Technical Support,In Progress,0.0,2024-10-06 12:00:58,,Satisfied,False,Unresolved,Within SLA,October,2024,4,Sunday,3,220,32
1352245828,Concerns About System Performance Today,"Hello, our financial firm is experiencing system crashes and slow performance while using analytics software. We suspect this might be due to compatibility issues with re ... ed to get our systems running smoothly again.",Incident,Medium,Technical Support,Resolved,56.0,2025-10-14 09:15:29,2025-10-16 17:15:29,Satisfied,True,Medium,Within SLA,October,2025,4,Tuesday,2,220,35
1352245829,Support for Integrating PostgreSQL in Scalable SaaS Project Management Solution,"Customer Support, I am reaching out for detailed documentation on integrating PostgreSQL 13 into our scalable SaaS project management solution. Could you provide step-by- ... for the integration. Thank you for your time.",Request,High,Technical Support,Closed,28.0,2023-06-03 19:47:38,2023-06-04 23:47:38,Frustrated,True,Medium,Within SLA,June,2023,2,Saturday,3,220,33
1352245830,Security Best Practices for Medical Data on Non-Manufactured Devices,"Could you recommend security measures for storing medical data on non-Logitech devices, such as those produced by Logitech?",Request,Medium,Product Support,Pending,0.0,2025-01-30 04:10:47,,Satisfied,False,Unresolved,Within SLA,January,2025,1,Thursday,2,123,18
1352245831,Problem with Database Link,The team has run into a database connection problem while accessing project data via the SaaS platform. This issue might have arisen from recent updates to Microsoft SQL ... r prompt assistance in resolving this matter.,Problem,High,Technical Support,Resolved,96.0,2025-08-14 09:10:41,2025-08-18 09:10:41,Satisfied,True,Slow,Breached,August,2025,3,Thursday,3,219,36
1352245832,Frequent Loss of Network Connections,"Briefly, the issue is frequent disconnections. Possible cause: The network may be overloaded. Tried: Restarted the router, but the problem remains unresolved. I have alre ... ou need more details to diagnose the problem.",Incident,Low,Technical Support,Closed,49.0,2024-09-25 23:39:46,2024-09-28 00:39:46,Urgent,True,Medium,Within SLA,September,2024,3,Wednesday,1,220,34
1352245833,Guidance on Securing Medical Data with AWS Terraform,I am requesting guidance on securing medical data within AWS Terraform. Could you provide best practices to ensure security compliance for sensitive medical information? ... ted. I look forward to hearing from you soon.,Request,Low,Human Resources,Resolved,124.0,2024-03-10 13:28:06,2024-03-15 17:28:06,Frustrated,True,Slow,Breached,March,2024,1,Sunday,1,219,34
1352245834,Challenge in Synchronizing Timelines,"Hello Support Team, I am experiencing difficulties with the synchronization of project timelines across my devices. I have tried restarting, adjusting settings, and updat ... wait your response. Best regards, [Your Name]",Problem,High,Technical Support,Closed,139.0,2023-02-20 19:45:05,2023-02-26 14:45:05,Frustrated,True,Slow,Breached,February,2023,1,Monday,3,220,32
1352245835,,"Dear Customer Support, I'm reaching out to inquire about optimizing my investment strategies using data analytics products and services. Could you provide some insights a ... istance. I look forward to hearing back soon.",Request,High,Billing and Payments,Closed,135.0,2025-12-08 07:31:42,2025-12-13 22:31:42,Urgent,True,Slow,Breached,December,2025,4,Monday,3,220,34
1352245836,Details on Integrating Zapier SaaS Project Management,Can you provide details on integrating the Zapier SaaS project management solution? I need help in automating task workflows.,Request,Medium,Technical Support,Closed,71.0,2024-07-29 14:21:29,2024-08-01 13:21:29,Frustrated,True,Medium,Within SLA,July,2024,3,Monday,2,125,19
1352245837,Invoice Question,"Dear Customer Support Team,\n\nI hope this message reaches you in good health. I am writing to request detailed clarification regarding my recent invoice. I have observed ... nsure I am prepared for the upcoming payment.",Request,High,Billing and Payments,Closed,96.0,2023-12-04 12:24:03,2023-12-08 12:24:03,Urgent,True,Slow,Breached,December,2023,4,Monday,3,220,35
1352245838,Urgent Assistance Required for Investment Tool,"The investment optimization tool is producing inaccurate asset allocation suggestions, possibly due to recent data integration problems. Despite restarting the applicatio ... ion. We look forward to your prompt response.",Incident,High,Technical Support,Closed,12.0,2024-11-19 18:31:10,2024-11-20 06:31:10,Urgent,True,Fast,Within SLA,November,2024,4,Tuesday,3,220,30
1352245839,Strategies for Brand Expansion Through Digital Means,"Could you please outline the digital tactics that propel brand growth via your services? Additionally, could you provide some insights or examples from your past work?",Request,High,Product Support,Closed,11.0,2024-11-21 19:27:47,2024-11-22 06:27:47,Neutral,True,Fast,Within SLA,November,2024,4,Thursday,3,167,26
1352245840,Drop in Website Traffic,Noticed a decline in website traffic and engagement metrics recently. Possible that recent adjustments to the PrestaShop setup or campaign strategies might be the cause.,Incident,High,Technical Support,Resolved,112.0,2024-01-02 18:55:01,2024-01-07 10:55:01,Urgent,True,Slow,Breached,January,2024,1,Tuesday,3,169,25
1352245841,System Performance Degradations Affecting Daily Data Analytics Processes at Financial Institution,The financial institution has been experiencing system performance issues that disrupt their data analytics operations. The probable cause appears to be software conflict ... out for assistance in resolving this matter.,Incident,Medium,IT Support,Closed,77.0,2024-07-17 09:54:56,2024-07-20 14:54:56,Satisfied,True,Slow,Breached,July,2024,3,Wednesday,2,219,31
1352245842,Request for Detailed Pricing and Features of Drupal Commerce Integration,"Hello Customer Support, we are interested in integrating the Drupal Commerce SaaS platform into our system. Could you please provide us with detailed information about th ... tion. Thank you for your time and assistance.",Request,Low,Billing and Payments,In Progress,0.0,2023-06-04 08:12:31,,Neutral,False,Unresolved,Within SLA,June,2023,2,Sunday,1,220,35
1352245843,Request for Support Regarding Digital Campaign Performance,"The digital campaign executed by the marketing agency has not performed as expected, resulting in low brand engagement and negative feedback. Efforts to adjust ad placeme ... iate your assistance in resolving this issue.",Incident,High,Customer Service,Closed,91.0,2025-12-01 04:00:47,2025-12-04 23:00:47,Neutral,True,Slow,Breached,December,2025,4,Monday,3,220,34
1352245844,Support for Integrating Mailchimp with Microsoft Office 365,Could you provide guidance on integrating Mailchimp with Microsoft Office 365 for investment analytics? This would significantly enhance our ability to track and analyze ... ough the process. Thank you for your support.,Request,Medium,Product Support,Closed,58.0,2024-07-24 15:14:23,2024-07-27 01:14:23,Frustrated,True,Medium,Within SLA,July,2024,3,Wednesday,2,219,33
1352245845,Problem with Syncing Project Data Across Platforms,"Dear Customer Support, we are encountering issues with syncing project data across various platforms, such as LINE, Excel 2021, and Smart Home Hub. Customers have reporte ... ng into this matter and providing a solution.",Incident,Medium,Product Support,Pending,0.0,2025-04-25 19:09:30,,Urgent,False,Unresolved,Within SLA,April,2025,2,Friday,2,220,35
1352245846,Enhanced Security Measures for Healthcare Data,"To implement robust security protocols for healthcare data management across all affected software and hardware systems, ensuring compliance and data protection is essent ... e healthcare data and maintain patient trust.",Change,Medium,Technical Support,Closed,69.0,2025-09-28 16:53:09,2025-10-01 13:53:09,Neutral,True,Medium,Within SLA,September,2025,3,Sunday,2,220,31
1352245847,Concerns Regarding Data Analytics Tools,"A financial firm encountered problems with its data analytics tools, particularly during the investment optimization process. These issues might be due to recent software ... rting applications and reinstalling software.",Incident,Low,Product Support,Closed,117.0,2024-07-11 04:19:48,2024-07-16 01:19:48,Urgent,True,Slow,Breached,July,2024,3,Thursday,1,220,30
1352245848,Boost Data Integration Across Platforms,"Customer Support, requesting enhancement of data integration capabilities across platforms to improve investment analytics and decision-making efficiency. The current cha ... ata integration will lead to better outcomes.",Change,Medium,Product Support,Closed,100.0,2023-04-05 01:28:15,2023-04-09 05:28:15,Frustrated,True,Slow,Breached,April,2023,2,Wednesday,2,220,28
1352245849,Issues Regarding Data Security,An unauthorized access attempt was detected; we have updated the passwords.,Incident,Medium,Billing and Payments,Closed,31.0,2024-09-10 11:43:18,2024-09-11 18:43:18,Urgent,True,Medium,Within SLA,September,2024,3,Tuesday,2,75,11
1352245850,Report on Integration Issue,"Respected Customer Support Team, I am inquiring about a reported integration problem with several tools. The failure may be related to the latest adjustments in the API. ... nd cooperation. I hope to hear from you soon.",Incident,Low,Technical Support,Closed,55.0,2024-03-04 13:36:20,2024-03-06 20:36:20,Neutral,True,Medium,Within SLA,March,2024,1,Monday,1,219,37
1352245851,Problem Encountered During Payment,"I recently encountered a problem with a failed payment. This may be due to a technical error or a subscription issue. After checking my account and subscription, the prob ... al information from me to address this issue.",Incident,High,Billing and Payments,Closed,19.0,2023-10-22 20:34:33,2023-10-23 15:34:33,Satisfied,True,Fast,Within SLA,October,2023,4,Sunday,3,220,38
1352245852,Information on Integration with Zapier for Project Management,I am inquiring about the integration options for our project management SaaS through Zapier. Could you please provide detailed information and a set of step-by-step instr ... stance and look forward to hearing back soon.,Request,Medium,Technical Support,Closed,140.0,2023-07-09 18:26:39,2023-07-15 14:26:39,Neutral,True,Slow,Breached,July,2023,3,Sunday,2,220,35
1352245853,Problems Faced by Marketing Agency,The marketing agency's brand development is being obstructed due to problems impacting the database NAS connection. Recent modifications might be the cause. Attempts to r ... etwork configurations have been unsuccessful.,Problem,High,IT Support,Closed,102.0,2024-12-07 09:05:32,2024-12-11 15:05:32,Urgent,True,Slow,Breached,December,2024,4,Saturday,3,220,31
1352245854,Alert for Unauthorized Access to Medical Server,Encountered unauthorized access to the medical data server.,Problem,Low,Customer Service,Closed,64.0,2023-05-23 09:49:58,2023-05-26 01:49:58,Satisfied,True,Medium,Within SLA,May,2023,2,Tuesday,1,59,8
1352245855,Enhancing Medical Data Security,"It is crucial to implement updated security protocols to enhance the protection of medical data within our hospital system. This includes regular software updates, secure ... controls to prevent any unauthorized access.",Change,High,IT Support,Closed,61.0,2025-10-26 13:48:34,2025-10-29 02:48:34,Urgent,True,Medium,Within SLA,October,2025,4,Sunday,3,219,32
1352245856,Support for Data Analytics Implementation,"Hello Customer Support, I am seeking guidance on implementing advanced data analytics tools to enhance our investment optimization strategies, which will improve our port ... g data analytics for investment optimization.",Change,High,Technical Support,In Progress,0.0,2023-11-26 11:52:40,,Neutral,False,Unresolved,Within SLA,November,2023,4,Sunday,3,220,31
1352245857,Inquiry About Digital Strategy Services for Brand Expansion,I am interested in learning about digital strategy services. Could you provide detailed information on how these services can aid in expanding a brand? I would appreciate ... e to schedule a call to discuss this further.,Request,Medium,Product Support,Closed,87.0,2025-09-23 20:28:35,2025-09-27 11:28:35,Urgent,True,Slow,Breached,September,2025,3,Tuesday,2,220,37
1352245858,,Our service is experiencing outages across several products. The issue might be due to recent system updates or configuration errors. We have tried restarting the systems ... downtime while restoring full functionality.,Incident,High,Service Outages and Maintenance,Pending,0.0,2025-09-20 10:01:26,,Neutral,False,Unresolved,Within SLA,September,2025,3,Saturday,3,219,32
1352245859,Brand Growth Digital,Seeking assistance with integration,Request,High,Technical Support,Closed,147.0,2025-07-16 15:12:53,2025-07-22 18:12:53,Satisfied,True,Slow,Breached,July,2025,3,Wednesday,3,35,4
1352245860,Detected System Performance Decline,"There is a performance decline in the system, which is affecting data analytics. The cause might be due to server overload during peak usage. After restarting the servers ... ssistance is required to resolve this matter.",Incident,High,Service Outages and Maintenance,Closed,167.0,2023-02-03 04:15:49,2023-02-10 03:15:49,Satisfied,True,Slow,Breached,February,2023,1,Friday,3,220,36
1352245861,Financial Institution Encounters Billing Discrepancies Across Multiple Products,Customer Support is preparing a report on billing discrepancies impacting various products. The financial institution utilizing data analytics has faced issues with their ... ssue and look forward to your swift response.,Incident,Medium,Billing and Payments,In Progress,0.0,2023-03-20 13:42:12,,Satisfied,False,Unresolved,Within SLA,March,2023,1,Monday,2,220,32
1352245862,Assistance with SaaS Integration,Kindly supply the documentation for integrating SaaS MySQL with Zapier.,Request,High,Product Support,Closed,37.0,2024-06-02 02:07:21,2024-06-03 15:07:21,Neutral,True,Medium,Within SLA,June,2024,2,Sunday,3,71,10
1352245863,Enhancing Investment Analytics Strategies,Could you provide guidance on optimizing investments through the use of data analytics solutions? Your timely assistance is greatly appreciated.,Request,Low,Product Support,Closed,46.0,2024-01-14 08:54:23,2024-01-16 06:54:23,Frustrated,True,Medium,Within SLA,January,2024,1,Sunday,1,144,20
1352245864,Revise Billing Procedure,"Dear Customer Support, I am submitting a request to revise the billing procedure for the investment data analytics service. The current pricing model is outdated and does ... ervice and to maintain customer satisfaction.",Change,High,Billing and Payments,Closed,69.0,2023-07-15 14:46:57,2023-07-18 11:46:57,Satisfied,True,Medium,Within SLA,July,2023,3,Saturday,3,220,34
1352245865,Seeking Guidance on Digital Strategies for Brand Growth,"Hello Customer Support, I am reaching out to inquire about the services you offer that can help integrate digital strategies to achieve effective brand growth. I am parti ... se studies or success stories you might have.",Request,Medium,Product Support,Closed,69.0,2025-05-27 00:59:33,2025-05-29 21:59:33,Satisfied,True,Medium,Within SLA,May,2025,2,Tuesday,2,220,37
1352245866,Multiple Devices Encountering Data Access Delays,The healthcare provider faced delays in accessing data on several devices. Initial attempts with rebooting and software updates did not resolve the problem.,Incident,Medium,Technical Support,Resolved,155.0,2023-11-15 18:37:06,2023-11-22 05:37:06,Satisfied,True,Slow,Breached,November,2023,4,Wednesday,2,156,23
1352245867,Urgent Assistance Required Today,Facing unauthorized access attempts to medical data systems. These might have occurred due to outdated security protocol vulnerabilities. Despite updating passwords and r ... ou please provide guidance on the next steps?,Problem,High,IT Support,Resolved,144.0,2023-04-17 13:58:18,2023-04-23 13:58:18,Frustrated,True,Slow,Breached,April,2023,2,Monday,3,220,32
1352245868,Ongoing Investigation into Healthcare Provider Data Breach,We are writing to inform the healthcare provider about a potential unauthorized access to patient information. Preliminary investigations indicate that the breach may ste ... not hesitate to contact us with any concerns.,Incident,Medium,IT Support,Closed,38.0,2025-05-10 22:21:50,2025-05-12 12:21:50,Frustrated,True,Medium,Within SLA,May,2025,2,Saturday,2,220,33
1352245869,Investment Returns Forecasting Discrepancy,"Noted an inconsistency in the investment returns forecasting, which might be due to data misalignment or algorithm errors. Reviewed the model inputs and recalibrated the analytics framework, but the issue persists.",Incident,High,Returns and Exchanges,Closed,63.0,2023-11-18 19:23:11,2023-11-21 10:23:11,Frustrated,True,Medium,Within SLA,November,2023,4,Saturday,3,214,31
1352245870,Urgent Assistance Required for Data Breach Issue,"There has been a data breach, which may be related to outdated software. Although I attempted to resolve the issue by restarting the systems, the problem continues to per ... s this situation and prevent additional harm.",Incident,High,Technical Support,Closed,153.0,2025-06-29 21:56:45,2025-07-06 06:56:45,Satisfied,True,Slow,Breached,June,2025,2,Sunday,3,220,37
1352245871,Compromised Medical Data Security,"The hospital's medical data security was compromised during a routine software update. The team attempted to restore previous system configurations and update passwords, but these efforts were unsuccessful.",Problem,High,Product Support,Closed,41.0,2023-12-02 11:14:59,2023-12-04 04:14:59,Neutral,True,Medium,Within SLA,December,2023,4,Saturday,3,206,28
1352245872,,"Dear Customer Support, I am encountering crashes with the SaaS platform that integrates Microsoft Office 365 and Airtable. Temporary fixes like rebooting devices, clearin ... me and look forward to hearing from you soon.",Incident,High,Technical Support,Resolved,147.0,2023-12-28 22:49:13,2024-01-04 01:49:13,Urgent,True,Slow,Breached,December,2023,4,Thursday,3,220,34
1352245873,,"customer support, a possible security incident has been detected that involves unauthorized access attempts to medical data. this issue might arise from outdated software ... urity measures to prevent future occurrences.",Incident,Low,Product Support,Closed,129.0,2024-05-25 09:35:16,2024-05-30 18:35:16,Urgent,True,Slow,Breached,May,2024,2,Saturday,1,220,31
1352245874,Request for Assistance with Data Security Concerns,"Drafting a report on a critical security concern within a healthcare provider's system. Recently, there was an incident of unauthorized access to medical records, possibl ... ntial updates and enhance security protocols.",Problem,Low,Product Support,Closed,105.0,2023-08-18 05:13:06,2023-08-22 14:13:06,Frustrated,True,Slow,Breached,August,2023,3,Friday,1,220,32
1352245875,Problem with Data Analysis Tools,There was an incident involving data analytics tools that affected multiple products. There might be a system incompatibility causing performance issues. After restarting ... ll exists and requires further investigation.,Incident,Medium,Product Support,Closed,136.0,2025-07-14 19:48:21,2025-07-20 11:48:21,Frustrated,True,Slow,Breached,July,2025,3,Monday,2,220,30
1352245876,Assistance Required for Vagrant Integration,"Dear Support Team,\n\nI am seeking guidance on integrating the Vagrant SaaS project management platform. I would like a comprehensive, step-by-step overview of the setup ... tter.\n\nThank you for your time and support.",Request,High,Billing and Payments,Closed,161.0,2023-01-05 09:43:01,2023-01-12 02:43:01,Neutral,True,Slow,Breached,January,2023,1,Thursday,3,219,32
1352245877,Urgent System Maintenance Request for Today,"Customer Support, I am submitting an urgent request for system maintenance to optimize data analytics investments, which are currently affecting several products. This ma ... matter. I look forward to your response soon.",Change,High,Service Outages and Maintenance,In Progress,0.0,2024-03-06 17:33:19,,Frustrated,False,Unresolved,Within SLA,March,2024,1,Wednesday,3,220,33
1352245878,Performance Challenges on SaaS Platform,"Customer Support,\n\nI am submitting a report regarding significant performance deterioration causing crashes on the SaaS platform during peak hours, which hampers projec ... to impact productivity and project schedules.",Incident,High,Product Support,Resolved,127.0,2023-08-13 18:21:31,2023-08-19 01:21:31,Satisfied,True,Slow,Breached,August,2023,3,Sunday,3,220,29
1352245879,Security Issues,There have been experienced unauthorized access attempts to medical data systems. This may have occurred due to outdated firewall settings. An attempt to update security protocols and monitor access logs has been made.,Problem,Medium,Customer Service,Closed,83.0,2023-07-21 22:27:28,2023-07-25 09:27:28,Neutral,True,Slow,Breached,July,2023,3,Friday,2,218,33
1352245880,,The digital campaigns managed by the marketing agency have been suspended. The first steps taken to troubleshoot included restarting the software and verifying compatibil ... lved. Assistance is needed to fix this issue.,Incident,High,Product Support,Closed,54.0,2025-04-19 04:41:31,2025-04-21 10:41:31,Frustrated,True,Medium,Within SLA,April,2025,2,Saturday,3,220,33
1352245881,Request for Security Protocols for Medical Data,"Hello Customer Support, I am writing to seek information on the proper security measures for storing and transferring medical data. Given the sensitivity and confidential ... pport. I am looking forward to your response.",Request,Medium,Product Support,Closed,16.0,2024-01-25 09:03:56,2024-01-26 01:03:56,Frustrated,True,Fast,Within SLA,January,2024,1,Thursday,2,220,34
1352245882,Assistance Required for System Crashes,A financial firm is encountering occasional crashes in their analytics software during data processing. The issue might be related to compatibility problems with McAfee Elasticsearch.,Incident,Low,Technical Support,In Progress,0.0,2023-09-29 01:43:27,,Neutral,False,Unresolved,Within SLA,September,2023,3,Friday,1,183,25
1352245883,,"The financial analytics platform has encountered substantial downtime, which has affected the optimization of investments. This may be due to conflicting software updates ... matter promptly to minimize potential losses.",Incident,High,IT Support,Closed,27.0,2023-06-20 18:21:04,2023-06-21 21:21:04,Urgent,True,Medium,Within SLA,June,2023,2,Tuesday,3,220,30
1352245884,,"Customer support, a data breach has been detected in the hospital's systems, posing a threat to medical data security. We have already updated the software, enforced stro ... ed recommendations for your hospital systems.",Problem,Low,IT Support,Closed,43.0,2025-10-23 22:00:54,2025-10-25 17:00:54,Neutral,True,Medium,Within SLA,October,2025,4,Thursday,1,220,34
1352245885,Technical Problem with StreamCam,I am reporting an issue with my StreamCam video feed that freezes intermittently. This might be caused by incompatible drivers or software conflicts. After rebooting and ... uld take or further details you need from me.,Problem,Medium,IT Support,Closed,160.0,2023-02-10 01:09:13,2023-02-16 17:09:13,Urgent,True,Slow,Breached,February,2023,1,Friday,2,219,36
1352245886,Problems Linking Microsoft Word VPN Router,"Dear Customer Support Team,\n\nI hope this message finds you well. I am reaching out to request help with ongoing connection problems I am facing while setting up the Mic ... splays error messages related to the network.",Incident,High,General Inquiry,In Progress,0.0,2023-07-24 17:58:50,,Frustrated,False,Unresolved,Within SLA,July,2023,3,Monday,3,220,37
1352245887,Problem encountered with Alteryx,"The digital campaign metrics are not being tracked accurately because of incompatible connections with macOS and JIRA. I have restarted Alteryx, verified Slack notifications, and checked Keras inputs.",Incident,Low,Sales and Pre-Sales,Closed,149.0,2023-01-24 02:01:59,2023-01-30 07:01:59,Frustrated,True,Slow,Breached,January,2023,1,Tuesday,1,200,28
1352245888,Request for Comprehensive Documentation to Integrate Pinnacle Studio 24 SaaS Project Management Tools,Seeking comprehensive documentation for integrating Pinnacle Studio 24 SaaS project management tools. Could you provide detailed step-by-step instructions and necessary A ... ciated to ensure a successful implementation.,Request,Low,Customer Service,Closed,59.0,2024-07-10 12:14:24,2024-07-12 23:14:24,Neutral,True,Medium,Within SLA,July,2024,3,Wednesday,1,220,28
1352245889,Expansion of Marketing Strategies,"Customer support team, requesting an update on digital marketing strategies to boost brand development within our diverse product range. Our existing strategies are not p ... ence. Thank you for your time and assistance.",Change,Low,Returns and Exchanges,Closed,41.0,2024-01-05 14:43:59,2024-01-07 07:43:59,Urgent,True,Medium,Within SLA,January,2024,1,Friday,1,220,34
1352245890,Concern over Data Security,"Customer Support, reporting an issue with the Hospital system. The problem involves the compromise of sensitive medical data access, which might be due to outdated securi ... . Please inform me of the next steps to take.",Incident,Low,Product Support,Closed,98.0,2025-07-03 18:01:41,2025-07-07 20:01:41,Neutral,True,Slow,Breached,July,2025,3,Thursday,1,220,37
1352245891,Support Request for Updating Integration Settings,"Seeking an update on the integration settings for an order to enhance performance with digital tools, which play a crucial role in supporting brand growth strategies. The ... rent setup to identify areas for improvement.",Change,High,IT Support,Closed,33.0,2024-05-17 23:04:30,2024-05-19 08:04:30,Urgent,True,Medium,Within SLA,May,2024,2,Friday,3,220,35
1352245892,Secure Medical Data Storage,"Seeking guidance on securing medical data with Crucial MX500 SSD in hospital systems. Would like to know about practices that ensure the confidentiality, integrity, and a ... ta backup procedures to protect medical data.",Request,Medium,Billing and Payments,Closed,93.0,2023-01-25 12:21:41,2023-01-29 09:21:41,Urgent,True,Slow,Breached,January,2023,1,Wednesday,2,220,34
1352245893,Problem with Delayed Payroll Processing This Month,We have received complaints about delayed payroll processing. There might be a system glitch causing this issue. We have reviewed the software and checked the employee data but have not found a solution yet.,Incident,Medium,Human Resources,Closed,98.0,2023-09-28 16:22:09,2023-10-02 18:22:09,Frustrated,True,Slow,Breached,September,2023,3,Thursday,2,207,34
1352245894,Problem with Loading Data Analytics Dashboard,"Respected Customer Support, I am contacting you to report an issue I have encountered with our data analytics dashboard. The dashboard unexpectedly crashed, causing us to ... ward to your prompt resolution of this issue.",Problem,Medium,Product Support,Closed,124.0,2024-02-17 05:37:04,2024-02-22 09:37:04,Satisfied,True,Slow,Breached,February,2024,1,Saturday,2,220,35
1352245895,Issue with Task Disappearance on Dashboard,"Hello customer support, we are experiencing delays in our project timelines because tasks are disappearing from the dashboard. Despite restarting servers, reviewing datab ... reatly assist in regaining team productivity.",Problem,High,Sales and Pre-Sales,Closed,115.0,2023-03-23 09:34:37,2023-03-28 04:34:37,Frustrated,True,Slow,Breached,March,2023,1,Thursday,3,220,30
1352245896,Expanding the Brand Through Digital Strategies,"Hi there, hoping to connect with your customer support team. I am keen to explore digital strategies that can help in achieving brand growth and promoting our listed prod ... r business. Looking forward to your response.",Request,High,Technical Support,Closed,136.0,2023-07-16 21:54:03,2023-07-22 13:54:03,Frustrated,True,Slow,Breached,July,2023,3,Sunday,3,220,37
1352245897,Employee facing connectivity problems with WhatsApp Desktop on Acer Predator XB273K Monitor,"Apologies for the connectivity issues with WhatsApp Desktop on your Acer Predator XB273K Monitor. Could you please provide more details, any error messages, and the troub ... your convenience to assist with this matter.",Incident,Low,Human Resources,Resolved,100.0,2024-10-15 22:32:49,2024-10-20 02:32:49,Frustrated,True,Slow,Breached,October,2024,4,Tuesday,1,219,34
1352245898,Problem with Project Management Tool,Customer Support is receiving reports of intermittent access issues with the project management platform. These issues seem to occur during peak usage times and may be re ... time for a discussion or maintenance window.,Incident,Medium,Product Support,Closed,52.0,2025-03-28 05:53:24,2025-03-30 09:53:24,Urgent,True,Medium,Within SLA,March,2025,1,Friday,2,219,35
1352245899,Suspected Data Leak in Debian Systems Identified,"A data leak has compromised medical records on Debian 10 Buster systems, potentially linked to a vulnerability in the Adobe Effects 2021 plugin.",Incident,High,Technical Support,Closed,154.0,2023-06-26 13:09:11,2023-07-02 23:09:11,Urgent,True,Slow,Breached,June,2023,2,Monday,3,144,23
1352245900,Issue with Launching Digital Campaigns Recently,Problem Description: Digital campaigns are unable to launch. Potential Cause: Possible software compatibility issues. Steps Taken: Recently updated DaVinci Resolve and CorelDRAW.,Problem,High,Product Support,Closed,140.0,2023-04-09 17:36:55,2023-04-15 13:36:55,Frustrated,True,Slow,Breached,April,2023,2,Sunday,3,178,22
1352245901,Data Analytics Solutions for Enhancing Investment Strategies,Could you provide details on data analytics solutions that optimize investment strategies? Thank you.,Request,Medium,Technical Support,Closed,102.0,2025-01-09 19:44:11,2025-01-14 01:44:11,Urgent,True,Slow,Breached,January,2025,1,Thursday,2,101,14
1352245902,Investment Strategies,"Dear Customer Support, I am writing to get more information about investment strategies designed for high-net-worth clients. As a person with substantial wealth, I am int ... y await your response. Sincerely, [Your Name]",Request,High,Billing and Payments,Closed,141.0,2024-11-27 08:54:40,2024-12-03 05:54:40,Urgent,True,Slow,Breached,November,2024,4,Wednesday,3,220,34
1352245903,Problem with Server Response Times,"We have noticed a sudden increase in response times during peak hours, which might be due to high server load from recent deployments. We have already cleared the cache, ... led resources, resulting in some improvement.",Incident,High,Technical Support,In Progress,0.0,2024-07-16 09:47:28,,Neutral,False,Unresolved,Within SLA,July,2024,3,Tuesday,3,219,36
1352245904,,Facing occasional disruptions in financial software like Xero and Sage Accounting. Recent system updates or configuration changes could be the cause. We have restarted th ... Assistance is required to resolve this issue.,Problem,High,Service Outages and Maintenance,Closed,53.0,2025-03-08 06:53:52,2025-03-10 11:53:52,Frustrated,True,Medium,Within SLA,March,2025,1,Saturday,3,220,33
1352245905,Investment in Data Analytics Tools,"Customer Support, seeking details on data analytics tools for investment optimization. Would appreciate information on their features and capabilities. Specifically inter ... ist you. I am excited about this opportunity.",Request,Medium,Customer Service,In Progress,0.0,2025-07-11 05:28:24,,Frustrated,False,Unresolved,Within SLA,July,2025,3,Friday,2,220,30
1352245906,Incomplete Product Bundle Received From Your Company,"Dear customer support, I recently found that my product bundle, which was supposed to include several items, was incomplete upon opening. Despite attempts to contact your ... more information from me, please let me know.",Incident,Medium,Returns and Exchanges,Closed,144.0,2023-06-19 09:49:41,2023-06-25 09:49:41,Satisfied,True,Slow,Breached,June,2023,2,Monday,2,220,35
1352245907,Intermittent Access Issue to Project Dashboards Today,Users are experiencing intermittent inability to access project dashboards. This might be due to server overload during peak usage times. Load balancing measures have been implemented.,Incident,Medium,Technical Support,Closed,107.0,2024-12-03 03:59:00,2024-12-07 14:59:00,Neutral,True,Slow,Breached,December,2024,4,Tuesday,2,184,26
1352245908,Problems Accessing Medical Records,"The hospital's electronic medical records system faced unforeseen access difficulties, potentially due to recent software updates or network security breaches. Attempts t ... will keep you informed with further updates.",Incident,Medium,Customer Service,Resolved,28.0,2025-02-21 16:28:04,2025-02-22 20:28:04,Neutral,True,Medium,Within SLA,February,2025,1,Friday,2,219,30
1352245909,Potential Data Security Incident,"A possible data breach has been identified, leading to the exposure of confidential medical records. The incident may be linked to outdated security patches and a malware ... ement measures that prevent future incidents.",Incident,Medium,Customer Service,In Progress,0.0,2023-12-11 03:58:24,,Frustrated,False,Unresolved,Within SLA,December,2023,4,Monday,2,220,34
1352245910,Concern About Website Analytics Tracking,"Greeting Customer Support Team, <br><br>I am contacting you to report an issue with our website's analytics tracking. The tracking code has unexpectedly stopped functioni ... esponse. <br><brWarm regards, <br>[Your Name]",Incident,High,Technical Support,Closed,134.0,2025-08-13 12:50:42,2025-08-19 02:50:42,Urgent,True,Slow,Breached,August,2025,3,Wednesday,3,220,30
1352245911,Challenges in Investment Optimization,Customer Support reports that the company encounters less-than-ideal investment optimization due to insufficient data insights. Potential data deficiencies have led to in ... to help us enhance our investment strategies.,Problem,Low,Customer Service,Closed,102.0,2023-03-09 08:45:56,2023-03-13 14:45:56,Frustrated,True,Slow,Breached,March,2023,1,Thursday,1,220,30
1352245912,Issue with Smart-Tracker Feature Reported,"Noted the sudden failure of the Smart-Tracker feature, which has impacted several products. The cause of the issue is unclear but may be related to a recent software upda ... there is any additional information required.",Incident,High,Product Support,Closed,5.0,2025-10-20 13:41:13,2025-10-20 18:41:13,Satisfied,True,Fast,Within SLA,October,2025,4,Monday,3,220,36
1352245913,Request for Netgear Support,Facing intermittent connectivity issues with the Netgear Nighthawk Mesh Wi-Fi 6 System. This might be due to network congestion or interference from nearby devices. So fa ... solution to stabilize the network connection?,Problem,Medium,IT Support,Closed,153.0,2025-03-21 01:06:37,2025-03-27 10:06:37,Frustrated,True,Slow,Breached,March,2025,1,Friday,2,220,33
1352245914,Network Disruption Issue,"Customer support has documented a significant problem within the healthcare provider's network. Recently, multiple devices experienced disruptions, prompting an initial i ... s. It is crucial to find a solution promptly.",Incident,High,IT Support,Closed,30.0,2024-04-13 13:35:37,2024-04-14 19:35:37,Satisfied,True,Medium,Within SLA,April,2024,2,Saturday,3,220,31
1352245915,,"A healthcare provider has encountered data breaches that have compromised medical records, likely due to outdated security protocols. They have tried updating firewalls a ... e course of action to address this situation.",Problem,High,Product Support,Closed,26.0,2024-12-12 13:03:46,2024-12-13 15:03:46,Frustrated,True,Medium,Within SLA,December,2024,4,Thursday,3,220,33
1352245916,Issue with Login,"Dear Customer Support,\n\nI am experiencing an unexpected login error that suddenly appeared when I tried to access my account. The error message was not informative, but ... to your response.\n\nSincerely,\n[Your Name]",Incident,Medium,Technical Support,Resolved,159.0,2025-09-26 09:28:44,2025-10-03 00:28:44,Neutral,True,Slow,Breached,September,2025,3,Friday,2,219,31
1352245917,,Concern about unauthorized access attempts to medical data systems continuing even after password updates and firewall checks have been implemented.,Incident,High,Technical Support,Closed,148.0,2023-02-18 09:22:48,2023-02-24 13:22:48,Satisfied,True,Slow,Breached,February,2023,1,Saturday,3,148,20
1352245918,Secure Medical Data 3D Printers in Kubernetes,Could you provide details on securing medical data from 3D printers integrated with Kubernetes? It's important to ensure compliance.,Request,Medium,Technical Support,In Progress,0.0,2023-04-05 11:44:07,,Frustrated,False,Unresolved,Within SLA,April,2023,2,Wednesday,2,132,19
1352245919,Problem with Data Loss,"There has been an unexpected data loss event along with system crashes, which might be a result of incompatibility in recent software updates or hardware conflicts. Resta ... viewing update processes have been attempted.",Incident,High,Technical Support,Closed,21.0,2025-01-14 01:44:23,2025-01-14 22:44:23,Neutral,True,Fast,Within SLA,January,2025,1,Tuesday,3,220,34
1352245920,Report on Crash,Issue with analytics software during data processing.,Problem,Medium,Technical Support,Resolved,77.0,2024-09-15 21:22:35,2024-09-19 02:22:35,Neutral,True,Slow,Breached,September,2024,3,Sunday,2,53,7
1352245921,System Crash Reported,"There has been a website crash, and it is suspected that the server is overloaded. Despite attempting a restart, the issue remains unresolved and is impacting users. Assistance is required to address this issue promptly.",Incident,High,Technical Support,Closed,129.0,2024-10-24 04:37:56,2024-10-29 13:37:56,Neutral,True,Slow,Breached,October,2024,4,Thursday,3,220,35
1352245922,Support Invoice Inquiry,"Received an unexpected invoice with additional charges, which might have resulted from a billing error or miscommunication. To date, we have reviewed the contract and req ... th an explanation for the additional charges.",Problem,Low,Billing and Payments,Closed,12.0,2025-12-01 19:34:07,2025-12-02 07:34:07,Frustrated,True,Fast,Within SLA,December,2025,4,Monday,1,220,34
1352245923,,"Our digital ad campaign has not performed as expected, resulting in a decline in engagement and brand visibility. Inaccuracies in targeting might be the reason. We have a ... 's performance and increase brand visibility.",Problem,High,General Inquiry,Closed,74.0,2023-06-17 17:06:31,2023-06-20 19:06:31,Neutral,True,Slow,Breached,June,2023,2,Saturday,3,220,35
1352245924,Declining Engagement in Marketing Efforts,We are currently facing low engagement rates across our various digital marketing platforms for the recent campaign. It seems that ineffective targeting and messaging cou ... ed from us. We look forward to your guidance.,Incident,Medium,Product Support,Closed,88.0,2025-01-31 14:32:51,2025-02-04 06:32:51,Urgent,True,Slow,Breached,January,2025,1,Friday,2,220,35
1352245925,OBS Studio Investment Data Guidance,"Customer support, seeking guidance on utilizing OBS Studio 27 for investment data presentations. Would like to know about the features and tools available in the software ... stance. Looking forward to hearing back soon.",Request,High,Human Resources,Resolved,18.0,2024-11-20 01:12:08,2024-11-20 19:12:08,Neutral,True,Fast,Within SLA,November,2024,4,Wednesday,3,220,34
1352245926,Issue with Billing for Analytical Services,"Hello, I am writing to address the discrepancies I found in my billing statement for analytical services. Despite my efforts to reconcile the records and contacting suppo ... and provide a resolution as soon as possible.",Problem,Medium,Billing and Payments,Resolved,24.0,2023-04-25 03:55:56,2023-04-26 03:55:56,Frustrated,True,Fast,Within SLA,April,2023,2,Tuesday,2,220,36
1352245927,Issue with Website Analytics Data,There is a discrepancy in the analytics data from my website. This seems to be due to a mistake in the installation of the tracking code. I have reviewed the code and che ... addressing this to ensure accurate tracking.,Incident,Medium,Technical Support,Resolved,154.0,2023-05-06 12:05:14,2023-05-12 22:05:14,Frustrated,True,Slow,Breached,May,2023,2,Saturday,2,219,40
1352245928,Recent Reports of Sporadic Slow Response Times,Users have reported occasional delays in response times within the project management SaaS. A recent database update might be the underlying cause. Restarting services an ... lution to restore optimal system performance.,Incident,Medium,IT Support,Resolved,10.0,2024-05-15 09:11:56,2024-05-15 19:11:56,Frustrated,True,Fast,Within SLA,May,2024,2,Wednesday,2,220,32
1352245929,Support needed,"Our financial firm is facing connectivity issues with data analytics tools due to server overload and misconfiguration, impacting multiple devices. Despite restarting dev ... ase help us resolve this as soon as possible?",Incident,Medium,Technical Support,Pending,0.0,2025-08-02 22:58:18,,Satisfied,False,Unresolved,Within SLA,August,2025,3,Saturday,2,220,33
1352245930,Ensuring Confidentiality of Medical Data for Providers,"Requesting information on security measures provided by our products for healthcare providers. Could you detail how our products ensure the confidentiality, integrity, an ... arding the security features of our products.",Request,High,Customer Service,Closed,23.0,2023-08-19 10:17:09,2023-08-20 09:17:09,Frustrated,True,Fast,Within SLA,August,2023,3,Saturday,3,220,31
1352245931,Airtable Integration Inquiry for Project Management,"Seeking information on integrating the Airtable project management SaaS platform. Would like to know more about the integration process, its benefits, and any potential d ... started and any support resources available.",Request,Medium,Customer Service,Resolved,134.0,2023-04-13 00:48:40,2023-04-18 14:48:40,Satisfied,True,Slow,Breached,April,2023,2,Thursday,2,219,32
1352245932,,"The user is unable to access recent updates in the project settings. Despite clearing the browser cache and resetting user permissions, access continues to be denied. The ... s issue at the earliest would be appreciated.",Incident,Medium,Technical Support,Closed,26.0,2023-07-16 00:45:48,2023-07-17 02:45:48,Urgent,True,Medium,Within SLA,July,2023,3,Sunday,2,220,36
1352245933,,"Dear Customer Support, I am encountering difficulties with multiple software integrations on our SaaS platform, which is impacting project management. Recent updates have ... d restore full functionality to the platform.",Incident,High,Product Support,Closed,125.0,2024-03-03 05:20:22,2024-03-08 10:20:22,Urgent,True,Slow,Breached,March,2024,1,Sunday,3,220,31
1352245934,Required Assistance in Data Analytics,I am contacting you to seek data analytics services for improving investment strategies. Could you share what services you provide?,Request,Low,Customer Service,Closed,68.0,2025-08-27 20:14:35,2025-08-30 16:14:35,Frustrated,True,Medium,Within SLA,August,2025,3,Wednesday,1,131,20
1352245935,Login unsuccessful attributed to server problem,"A login error happened, likely because of a server-related issue.",Incident,Medium,Product Support,Closed,161.0,2025-09-10 10:48:39,2025-09-17 03:48:39,Urgent,True,Slow,Breached,September,2025,3,Wednesday,2,65,10
1352245936,API Support Inquiry,We're experiencing sporadic API latency that is impacting the synchronization of data within our project. We suspect that the Redis 6.2 cache might be overloaded. After r ... nce; we look forward to your prompt response.,Incident,Low,Technical Support,Closed,156.0,2025-06-28 07:58:38,2025-07-04 19:58:38,Neutral,True,Slow,Breached,June,2025,2,Saturday,1,220,36
1352245937,Inaccurate Investment Forecasts,"Investment forecasts are not accurate. There seems to be an issue with the data analytics tool, which has been restarted along with Hub and Kubernetes.",Problem,Low,Technical Support,Closed,101.0,2025-05-01 20:12:34,2025-05-06 01:12:34,Neutral,True,Slow,Breached,May,2025,2,Thursday,1,151,25
1352245938,,Marketing agency facing low engagement with digital strategies aimed at brand growth. Ineffective audience targeting and possibly inadequate content could be contributing ... root cause and implement effective solutions.,Problem,Low,Technical Support,In Progress,0.0,2024-05-20 03:47:31,,Frustrated,False,Unresolved,Within SLA,May,2024,2,Monday,1,220,29
1352245939,Problem with Campaign Data Synchronization,"I am facing difficulties with the synchronization of my campaign data. The sync process has failed, and I believe there might be an issue with the API connection. I attem ... ists. Can you please help resolve this issue?",Problem,Low,IT Support,Resolved,149.0,2024-08-14 17:08:42,2024-08-20 22:08:42,Frustrated,True,Slow,Breached,August,2024,3,Wednesday,1,220,39
1352245940,Boost CRM Functionality,"Customer Support, requesting enhancements to CRM digital tools. Objective is to optimize brand growth strategies and streamline operations. Our team currently struggles w ... y, we are looking forward to your assistance.",Change,Medium,Technical Support,Closed,155.0,2025-07-17 00:22:57,2025-07-23 11:22:57,Urgent,True,Slow,Breached,July,2025,3,Thursday,2,220,32
1352245941,Connectivity Problems with Digital Tools Due to Network Modifications,"Dear Customer Support, I am preparing a report for the marketing agency regarding connectivity issues with our digital tools. These problems began following recent networ ... s know if additional information is required.",Incident,Medium,IT Support,Closed,147.0,2025-04-04 04:35:33,2025-04-10 07:35:33,Urgent,True,Slow,Breached,April,2025,2,Friday,2,220,33
1352245942,Digital Marketing Campaign Suddenly Not Functional,"The agency's digital marketing campaign has unexpectedly stopped working, possibly due to a technical glitch or server issue. Initial troubleshooting steps, such as resta ... the campaign may impact business operations.",Incident,High,IT Support,Resolved,40.0,2024-04-03 02:35:05,2024-04-04 18:35:05,Neutral,True,Medium,Within SLA,April,2024,2,Wednesday,3,219,31
1352245943,Strategies for Brand Growth in the Digital Realm,"Customer Support, seeking insights on digital strategies to enhance brand growth. Would appreciate any insights or approaches to the topic. Looking forward to your assist ... and I look forward to hearing from you soon.",Request,Medium,Customer Service,In Progress,0.0,2024-12-05 19:44:12,,Satisfied,False,Unresolved,Within SLA,December,2024,4,Thursday,2,219,35
1352245944,Problem with Login Procedure,"Encountered: Login failed this morning without any apparent reason. Might be due to an outdated browser cache. Attempted: Clearing cache and restarting, but the problem r ... ved. Assistance is required to fix the issue.",Incident,Low,Product Support,Closed,90.0,2025-02-24 08:18:36,2025-02-28 02:18:36,Frustrated,True,Slow,Breached,February,2025,1,Monday,1,220,35
1352245945,Traffic Support Issue,Noticed a decline in web traffic and engagement metrics. This could be due to an algorithm change or a technical glitch. Cache was cleared and content was updated.,Incident,Medium,Technical Support,Closed,15.0,2025-07-29 11:56:48,2025-07-30 02:56:48,Satisfied,True,Fast,Within SLA,July,2025,3,Tuesday,2,163,28
1352245946,Unanticipated Service Downtime Leading to Disruptions,"There has been an unanticipated service outage leading to disruptions. We have restarted devices, checked connections, and assessed service statuses for resolution. Despi ... nd is affecting digital marketing strategies.",Incident,High,Technical Support,Closed,14.0,2024-10-30 06:59:36,2024-10-30 20:59:36,Urgent,True,Fast,Within SLA,October,2024,4,Wednesday,3,220,30
1352245947,,"Dear Customer Support, we have noted a considerable decrease in our online engagement metrics over the past week. This may be due to recent algorithm changes on social me ... f there is any additional information needed.",Incident,High,Technical Support,Closed,154.0,2023-06-04 01:38:27,2023-06-10 11:38:27,Urgent,True,Slow,Breached,June,2023,2,Sunday,3,220,37
1352245948,Inquiry About Data Analytics Services Details,Is it possible to provide information on data analytics services that could optimize our investments? This would be incredibly helpful for making informed decisions. Thank you for your assistance.,Request,Low,Billing and Payments,Resolved,162.0,2023-06-27 17:39:56,2023-07-04 11:39:56,Frustrated,True,Slow,Breached,June,2023,2,Tuesday,1,196,29
1352245949,Assistance with Service Outage,"Dear Customer Support, we encountered an unexpected service outage impacting several products, including Outlook Redis 6.2. This may have been caused by server overload d ... al steps you have taken to resolve the issue.",Incident,Low,Service Outages and Maintenance,Closed,11.0,2025-10-14 01:28:05,2025-10-14 12:28:05,Frustrated,True,Fast,Within SLA,October,2025,4,Tuesday,1,220,35
1352245950,Support for Digital Marketing Strategies Using TYPO3 Drupal,Request assistance in enhancing digital marketing strategies using TYPO3 and Drupal. Aim to boost brand growth across all affected products and increase overall sales. Your guidance and support are greatly appreciated.,Change,Medium,Sales and Pre-Sales,Closed,110.0,2025-10-08 03:55:55,2025-10-12 17:55:55,Neutral,True,Slow,Breached,October,2025,4,Wednesday,2,218,31
1352245951,Medical Support,"I am reaching out to inquire about solutions that can secure medical data and enhance hospital infrastructure. Could you provide details on the services you offer, includ ... nce. I look forward to hearing from you soon.",Request,High,Product Support,Closed,22.0,2025-05-06 11:16:01,2025-05-07 09:16:01,Frustrated,True,Fast,Within SLA,May,2025,2,Tuesday,3,220,37
1352245952,,Can you offer optimization strategies for effectively managing financial data analytics workflows with ClickUp and QuickBooks Online? Assistance in streamlining the process would be appreciated.,Request,High,Service Outages and Maintenance,Closed,151.0,2023-12-01 00:38:27,2023-12-07 07:38:27,Urgent,True,Slow,Breached,December,2023,4,Friday,3,194,25
1352245953,Project Sync Encounter Major Issues Today,Project synchronization encountered widespread problems due to recent incompatible API modifications.,Incident,Medium,Product Support,Closed,31.0,2024-10-30 02:10:10,2024-10-31 09:10:10,Urgent,True,Medium,Within SLA,October,2024,4,Wednesday,2,101,11
1352245954,Financial Data Discrepancy,"Dear Customer Support, I am reporting an issue with the investment analytics system used for generating reports. Our financial firm has been experiencing inaccurate inves ... ompt assistance would be greatly appreciated.",Problem,Medium,Customer Service,Closed,155.0,2024-12-02 11:11:14,2024-12-08 22:11:14,Frustrated,True,Slow,Breached,December,2024,4,Monday,2,220,32
1352245955,Detected Inconsistencies in Analytics Data Today,"Customer Support,<br><br>We are encountering problems with the investment optimization tool, resulting in inconsistent analytics results. The issue might be related to in ... guidance on troubleshooting the integration.",Problem,Low,Customer Service,Resolved,52.0,2023-12-21 22:51:28,2023-12-24 02:51:28,Neutral,True,Medium,Within SLA,December,2023,4,Thursday,1,219,28
1352245956,Assistance Required for Integration,"Dear Customer Support, I am inquiring about integrating the Microsoft Translator project management SaaS into our current setup. Could you provide guidance on how to acco ... ct. Thank you in advance for your assistance.",Request,Medium,Customer Service,Closed,158.0,2024-10-04 20:05:17,2024-10-11 10:05:17,Urgent,True,Slow,Breached,October,2024,4,Friday,2,220,35
1352245957,,Enhancing data analytics investment strategies with Ruby on Rails expertise,Request,Medium,Technical Support,Closed,81.0,2024-06-10 12:17:11,2024-06-13 21:17:11,Urgent,True,Slow,Breached,June,2024,2,Monday,2,75,10
1352245958,Concerns about the Performance of the Data Analytics Platform,The financial firm's data analytics platform is currently facing performance challenges that are impeding the optimization of investments. This may be due to database ove ... d applications and optimizing server queries.,Incident,High,Technical Support,Resolved,118.0,2024-12-05 11:39:52,2024-12-10 09:39:52,Neutral,True,Slow,Breached,December,2024,4,Thursday,3,220,32
1352245959,,"Customer Support, I am requesting an update on the digital marketing strategies aimed at enhancing brand growth across various affected products on multiple platforms. Th ... arliest convenience to discuss these options.",Change,Low,Product Support,In Progress,0.0,2024-09-11 09:44:19,,Frustrated,False,Unresolved,Within SLA,September,2024,3,Wednesday,1,220,32
1352245960,Unforeseen Rejection of Ad Campaign Potentially Owing to Algorithm Adjustments,"There seems to be an unanticipated rejection of the ad campaign, which might be related to recent algorithm modifications. Modifications were made to the targeting strategy, but the issue remains unresolved.",Problem,High,Product Support,Closed,16.0,2024-10-08 05:13:05,2024-10-08 21:13:05,Satisfied,True,Fast,Within SLA,October,2024,4,Tuesday,3,207,31
1352245961,,"Hello customer support, I am encountering an issue with the analytics dashboard report for investment performance metrics. The displayed data seems to be incorrect, which ... ssue. Thank you for your time and assistance.",Problem,High,Technical Support,Closed,79.0,2023-05-28 17:03:25,2023-06-01 00:03:25,Neutral,True,Slow,Breached,May,2023,2,Sunday,3,220,34
1352245962,Internet Disconnection Occurred During Today's Meeting,"The internet connection was lost during the meeting, which might be related to a problem with the router.",Problem,Medium,IT Support,Closed,15.0,2024-04-30 12:38:49,2024-05-01 03:38:49,Satisfied,True,Fast,Within SLA,April,2024,2,Tuesday,2,105,18
1352245963,Report on ClickUp Compatibility Issues,MacBook Air frequently crashes during project updates on ClickUp.,Incident,Low,Technical Support,Closed,27.0,2024-10-24 22:54:55,2024-10-26 01:54:55,Neutral,True,Medium,Within SLA,October,2024,4,Thursday,1,65,9
1352245964,System Crash During Data Analytics Script Execution in Visual Studio Code,"A system crash happened while running data analytics scripts in Visual Studio Code, disrupting the project workflow. The issue may be due to memory overload from excessive data processing by parallel applications.",Incident,Medium,Product Support,Closed,53.0,2024-04-30 11:43:23,2024-05-02 16:43:23,Neutral,True,Medium,Within SLA,April,2024,2,Tuesday,2,213,32
1352245965,Problem with Data Encryption Possibly Caused by Software Malfunctions,"Dear Support, I am currently facing an issue with data encryption that has occurred suddenly and might be due to a software bug or an incorrect configuration. Despite reb ... guide me on the necessary steps to take next?",Incident,High,Technical Support,In Progress,0.0,2025-10-30 05:01:06,,Frustrated,False,Unresolved,Within SLA,October,2025,4,Thursday,3,220,39
1352245966,Reporting Service Interruption on SaaS Platform Today,There was a service outage. Services were restarted and logs were checked.,Incident,High,Service Outages and Maintenance,Resolved,1.0,2024-01-31 22:58:49,2024-01-31 23:58:49,Satisfied,True,Fast,Within SLA,January,2024,1,Wednesday,3,74,12
1352245967,Inquiry About Project Management Features and Integration Options,"Dear Customer Support Team, I am reaching out to inquire about the project management features and integration options available in your system. Could you provide more in ... ou regarding the project management features.",Request,Medium,Product Support,Closed,116.0,2024-08-04 10:57:12,2024-08-09 06:57:12,Urgent,True,Slow,Breached,August,2024,3,Sunday,2,220,34
1352245968,Concerns About Decreased Engagement in Digital Marketing Campaigns,Noticing a decline in engagement with recent digital marketing efforts. This drop could be attributed to changes in algorithms or ineffective targeting strategies. So far ... ptimize our campaigns for better performance.,Incident,High,Returns and Exchanges,Closed,67.0,2023-08-26 02:47:29,2023-08-28 21:47:29,Neutral,True,Medium,Within SLA,August,2023,3,Saturday,3,220,32
1352245969,Poor Performance of Digital Campaigns,Insufficient data analysis tools are currently employed,Problem,Low,General Inquiry,Closed,121.0,2025-12-02 22:32:38,2025-12-07 23:32:38,Frustrated,True,Slow,Breached,December,2025,4,Tuesday,1,55,7
1352245970,Support Request for Digital Marketing Service Inquiries,"Customer support team, I am reaching out to inquire about billing options for digital marketing services, particularly related to Alteryx and Magento products. Could you ... benefit my business. Thank you for your time.",Request,Low,Billing and Payments,Closed,20.0,2025-01-06 17:59:18,2025-01-07 13:59:18,Urgent,True,Fast,Within SLA,January,2025,1,Monday,1,219,34
1352245971,Inquiry Regarding Digital Marketing Strategies,"Dear Customer Support, I am reaching out to inquire about the digital marketing strategies your company employs to promote brand growth. Could you provide specific detail ... assistance. I look forward to your response.",Request,Medium,IT Support,Closed,168.0,2023-04-15 06:54:40,2023-04-22 06:54:40,Neutral,True,Slow,Breached,April,2023,2,Saturday,2,219,34
1352245972,Query on Data Analytics Tools for Investment Portfolio Optimization,"Hello Customer Support, I hope this message finds you well. I am seeking information on data analytics tools that can enhance the optimization of my investment portfolios ... assistance. I am eager to hear from you soon.",Request,Medium,Customer Service,Resolved,37.0,2023-05-22 17:06:23,2023-05-24 06:06:23,Frustrated,True,Medium,Within SLA,May,2023,2,Monday,2,220,37
1352245973,Problem with my latest invoice,I am addressing an issue regarding my most recent billing statement. I noticed charges for items that I did not purchase. This discrepancy might be the result of a mistak ... know. I look forward to your prompt response.,Incident,Medium,Billing and Payments,Resolved,18.0,2023-05-13 14:36:50,2023-05-14 08:36:50,Satisfied,True,Fast,Within SLA,May,2023,2,Saturday,2,220,39
1352245974,Trouble with ClickUp Integration and Smart-Thermometer,Facing difficulties with the ClickUp integration for the Smart-Thermometer. This issue might be due to recent software updates. Steps like reconnection and reinstallation ... ue and enhance project management efficiency.,Problem,High,Technical Support,Closed,110.0,2023-05-25 19:52:12,2023-05-30 09:52:12,Neutral,True,Slow,Breached,May,2023,2,Thursday,3,220,30
1352245975,Campaigns with Low Engagement,"Customer Support, our marketing agency is facing issues with low engagement metrics for our digital campaigns. We suspect that improper audience targeting might be the ca ... y expert advice on what might be going wrong.",Problem,Medium,Product Support,Closed,29.0,2024-11-01 21:31:25,2024-11-03 02:31:25,Frustrated,True,Medium,Within SLA,November,2024,4,Friday,2,220,36
1352245976,Update on Digital Strategy Initiative,"Customer Support, requesting an update on the integration of the digital strategy across Adobe Sign, SAP ERP, and associated marketing platforms. The existing integration ... ocument outlining the suggested enhancements.",Change,Medium,Customer Service,Closed,136.0,2023-05-31 00:10:58,2023-06-05 16:10:58,Neutral,True,Slow,Breached,May,2023,2,Wednesday,2,220,30
1352245977,,"A detected data breach affecting medical records has been noted. Despite the firmware update, antivirus scans, and password changes, the issues continue. The breach might be due to weak router security settings.",Incident,Medium,Product Support,Closed,25.0,2024-08-01 21:16:54,2024-08-02 22:16:54,Urgent,True,Medium,Within SLA,August,2024,3,Thursday,2,211,32
1352245978,Data Integration System Error Occurred Today,"A financial organization encountered data integration issues affecting their investment analysis, probably due to software incompatibility. The first troubleshooting step ... oblem. Assistance is needed to fix the issue.",Incident,Low,General Inquiry,Closed,160.0,2023-07-22 03:03:20,2023-07-28 19:03:20,Neutral,True,Slow,Breached,July,2023,3,Saturday,1,220,29
1352245979,Urgent Assistance for Halted Marketing Strategies,"Our marketing initiatives have hit a snag, which is hindering our brand's growth. Despite tweaking our advertising budget and refining our target audience, we're still no ... olution to get these campaigns back on track?",Incident,High,Product Support,Closed,154.0,2025-05-14 07:00:16,2025-05-20 17:00:16,Frustrated,True,Slow,Breached,May,2025,2,Wednesday,3,220,35
1352245980,Problem with Hospital System Outages Reported,"Customer Support, we are currently facing unexpected outages in the hospital system, which is impacting the functionality of the devices used for accessing medical data. ... ocation? We appreciate your prompt attention.",Incident,Medium,Technical Support,Resolved,44.0,2023-04-04 04:15:10,2023-04-06 00:15:10,Satisfied,True,Medium,Within SLA,April,2023,2,Tuesday,2,219,32
1352245981,Notifying of a Medical Data Breach,"Respected Customer Support Team,<br><br>In light of a significant medical data breach that has been reported, we have undertaken initial steps to rectify the situation, i ... solution.<br><br>Warm regards,<br>[Your Name]",Problem,High,Technical Support,Closed,46.0,2025-06-30 01:00:10,2025-07-01 23:00:10,Frustrated,True,Medium,Within SLA,June,2025,2,Monday,3,220,29
1352245982,Problem with Medical Data Encryption During Night Shift,"To Customer Support, <br><br>I am contacting you to report a problem with our medical data encryption service. The system failed unexpectedly during the night, and we are ... e. We are looking forward to your reply soon.",Incident,Medium,Technical Support,Closed,81.0,2025-05-22 09:27:32,2025-05-25 18:27:32,Urgent,True,Slow,Breached,May,2025,2,Thursday,2,220,37
1352245983,Troubleshooting Financial Firm's Data Analytics Tools,"The financial firm's data analytics tools are experiencing malfunctions, which might be due to compatibility issues with recent software updates. Reinstalling the affecte ... r assistance to identify and fix the problem.",Incident,Medium,Billing and Payments,Closed,13.0,2025-05-22 13:04:27,2025-05-23 02:04:27,Satisfied,True,Fast,Within SLA,May,2025,2,Thursday,2,220,32
1352245984,Data Concerns,Facing challenges with data analytics related to investment optimization.,Incident,Medium,Technical Support,Closed,68.0,2024-05-27 02:05:34,2024-05-29 22:05:34,Urgent,True,Medium,Within SLA,May,2024,2,Monday,2,73,9
1352245985,Problem with Accessing Project Dashboards,"The user encountered difficulties accessing the project dashboards. Recent updates might be the cause. They have already cleared their browser cache and tried multiple devices, but the issue still persists.",Incident,Medium,Customer Service,Closed,93.0,2025-11-06 19:54:18,2025-11-10 16:54:18,Frustrated,True,Slow,Breached,November,2025,4,Thursday,2,206,30
1352245986,Performance Concerns with Cloud-Native SaaS Service,"Dear Customer Support,\n\nI am reaching out to report a slowdown issue with the cloud-native SaaS platform. Over the past few days, the application has been functioning m ... y, so a prompt response would be appreciated.",Problem,High,Technical Support,In Progress,0.0,2023-07-09 21:06:45,,Satisfied,False,Unresolved,Within SLA,July,2023,3,Sunday,3,220,36
1352245987,Assistance Required for Marketing Campaigns,"Marketing campaigns are not performing well, resulting in poor brand growth.",Incident,Low,Product Support,Closed,84.0,2024-09-30 04:03:21,2024-10-03 16:03:21,Neutral,True,Slow,Breached,September,2024,3,Monday,1,76,11
1352245988,Enquiring About Billing Options for Investment Analytics Services,I am writing to seek details on the billing options for enhancing investment analytics services. Could you kindly furnish me with information on the different plans and p ... informed choice. Thank you for your support.,Request,Medium,Billing and Payments,Pending,0.0,2024-07-03 07:05:30,,Urgent,False,Unresolved,Within SLA,July,2024,3,Wednesday,2,219,36
1352245989,Strategies for Brand Growth Utilizing Oracle Database 19c and Microsoft Azure,"Greetings, could you offer detailed insights into effective strategies for enhancing brand growth by leveraging Oracle Database 19c and Microsoft Azure?",Request,Low,Sales and Pre-Sales,Closed,97.0,2025-10-30 13:41:32,2025-11-03 14:41:32,Satisfied,True,Slow,Breached,October,2025,4,Thursday,1,152,21
1352245990,Request for Assistance with Digital Campaign Platform Integration Issues,"Our marketing agency's digital campaign platforms have encountered integration problems, likely due to recent software updates. The team has attempted system restarts and ... his matter and look forward to your response.",Incident,Medium,Product Support,Resolved,45.0,2024-10-19 00:13:43,2024-10-20 21:13:43,Frustrated,True,Medium,Within SLA,October,2024,4,Saturday,2,220,32
1352245991,Critical Problem with Automated Rebalancing System,"Dear Customer Support Team,\n\nI am reaching out to report an issue with the automated rebalancing system that has recently impacted my account. The system appears to be ... ated.\n\nThank you for your prompt attention.",Problem,Low,Product Support,Closed,28.0,2023-03-21 22:02:55,2023-03-23 02:02:55,Frustrated,True,Medium,Within SLA,March,2023,1,Tuesday,1,219,34
1352245992,Problem with MATLAB Shutdown While Handling Large Data,MATLAB encountered a shutdown during the processing of extensive data sets.,Problem,High,Product Support,Closed,85.0,2024-03-22 19:36:05,2024-03-26 08:36:05,Urgent,True,Slow,Breached,March,2024,1,Friday,3,75,11
1352245993,Guidance on Integrating SaaS Solution with Third-Party Hardware,Could you provide details on integrating a SaaS solution with third-party hardware devices? It would be helpful to know the specific requirements for compatibility.,Request,Medium,Customer Service,Closed,95.0,2025-07-21 16:54:38,2025-07-25 15:54:38,Satisfied,True,Slow,Breached,July,2025,3,Monday,2,164,24
1352245994,Recommended Specifications for Linux and PyTorch Integration,Could you provide the suggested specifications for setting up PyTorch on a Linux system?,Request,High,Technical Support,Closed,64.0,2024-04-30 08:56:21,2024-05-03 00:56:21,Neutral,True,Medium,Within SLA,April,2024,2,Tuesday,3,88,14
1352245995,Question About Service Functionality,"Dear Customer Support Team,\n\nI am reaching out to seek clarification on certain aspects of the current service operations that I find unclear. After reviewing the avail ... or conditions that might impact the service.",Problem,Medium,General Inquiry,In Progress,0.0,2024-06-30 06:19:12,,Frustrated,False,Unresolved,Within SLA,June,2024,2,Sunday,2,219,34
1352245996,,"Customer Support, there is a potential data breach that has been detected, which may be compromising patient records due to outdated security protocols and unpatched soft ... ld appreciate your assistance in this matter.",Problem,High,Technical Support,Closed,26.0,2023-06-10 22:30:32,2023-06-12 00:30:32,Urgent,True,Medium,Within SLA,June,2023,2,Saturday,3,220,34
1352245997,,"Dear customer support, we are writing to inquire about enhancing security protocols for medical data management systems to ensure compliance and protect patient informati ... d like to schedule a call to discuss further.",Change,Medium,Product Support,Closed,38.0,2025-06-16 18:21:50,2025-06-18 08:21:50,Neutral,True,Medium,Within SLA,June,2025,2,Monday,2,220,34
1352245998,Guidance on Digital Marketing Techniques,Inquiring about customer support for digital marketing strategies aimed at brand growth. Could obtain detailed information on methods used to increase brand awareness and ... r assistance. Appreciate any prompt response.,Request,Medium,Billing and Payments,Pending,0.0,2025-02-27 05:42:39,,Urgent,False,Unresolved,Within SLA,February,2025,1,Thursday,2,220,31
1352245999,Problem with Hospital Data Accessibility,The medical data at the hospital has become inaccessible due to a malfunction in the recent security update. It is suspected that the recent software patch might be confl ... in resolving this issue as soon as possible.,Problem,Medium,Product Support,Closed,115.0,2023-11-27 11:28:39,2023-12-02 06:28:39,Frustrated,True,Slow,Breached,November,2023,4,Monday,2,219,38
1352246000,Help with Performance Problems,"Hello Customer Support, I am facing major performance issues with several of my products, including MongoDB Word, especially during peak usage times. Potential causes may ... reatly appreciated. Account Number: <acc_num>",Incident,High,Technical Support,Pending,0.0,2023-08-29 08:45:32,,Urgent,False,Unresolved,Within SLA,August,2023,3,Tuesday,3,220,31
1352246001,,"Customer support. We have experienced a sudden drop in our brand engagement metrics. It may be due to a recent update in the marketing automation software, which could ha ... ul. Please assist us in resolving this issue.",Incident,High,Product Support,Closed,67.0,2025-10-17 04:54:14,2025-10-19 23:54:14,Neutral,True,Medium,Within SLA,October,2025,4,Friday,3,220,38
1352246002,Enhance Data Analytics Tool Optimization,"Customer Support, requesting an update on data analytics tools. The current tools offer detailed insights but need optimization to improve investments. We require advance ... r and provide a solution as soon as possible.",Change,Low,Technical Support,Closed,95.0,2025-01-19 01:19:25,2025-01-23 00:19:25,Urgent,True,Slow,Breached,January,2025,1,Sunday,1,220,34
1352246003,Investment Guidance,Customer Support is seeking advice on how to optimize investment strategies through data analytics tools. They are exploring various features and functionalities of the p ... analytics tools for investment optimization?,Request,Medium,Billing and Payments,Closed,29.0,2023-12-15 08:27:16,2023-12-16 13:27:16,Urgent,True,Medium,Within SLA,December,2023,4,Friday,2,219,31
1352246004,,"Dear Customer Support, I am facing recurring delays when accessing our project dashboards. It seems the issue might be due to increased traffic or server limitations. Alt ... ow. Thank you in advance for your assistance.",Problem,High,Technical Support,In Progress,0.0,2023-06-18 02:40:25,,Satisfied,False,Unresolved,Within SLA,June,2023,2,Sunday,3,220,36
1352246005,Concerns About Safeguarding Medical Information,"Inquiring about the security measures in place to protect medical data. Could you provide details on the steps taken to ensure the confidentiality, integrity, and availab ... I look forward to hearing back from you soon.",Request,Low,Sales and Pre-Sales,Closed,23.0,2024-06-27 21:11:44,2024-06-28 20:11:44,Urgent,True,Fast,Within SLA,June,2024,2,Thursday,1,220,36
1352246006,Addressing Drop in Client Engagement Rates for Marketing Agency,We have noticed a decline in client engagement rates due to changes in social media algorithms.,Problem,Medium,Product Support,Closed,44.0,2025-05-14 03:04:48,2025-05-15 23:04:48,Urgent,True,Medium,Within SLA,May,2025,2,Wednesday,2,95,16
1352246007,Problems with Data Integration Multiple Products Impacted,A financial company is facing data integration challenges where multiple products are interfering with investment analysis. It seems that recent system updates may have d ... n as possible to minimize operational impact.,Incident,High,Product Support,Closed,73.0,2024-07-24 23:40:09,2024-07-28 00:40:09,Frustrated,True,Slow,Breached,July,2024,3,Wednesday,3,220,33
1352246008,Reported Network Outage,"Hello Customer Support, I am contacting you to report a network issue that is preventing access to essential medical data. It might be due to a malfunctioning TP-Link swi ... tails from me. Thank you for your assistance.",Incident,Medium,Service Outages and Maintenance,Resolved,62.0,2023-06-28 11:14:05,2023-07-01 01:14:05,Urgent,True,Medium,Within SLA,June,2023,2,Wednesday,2,220,38
1352246009,Marketing Firm Experiences Reduced Brand Interaction,Content has been refreshed and audience insights re-analyzed.,Problem,Low,Customer Service,Resolved,82.0,2024-03-08 17:46:32,2024-03-12 03:46:32,Frustrated,True,Slow,Breached,March,2024,1,Friday,1,61,8
1352246010,Problem with Marketing Agency Website,"I am reaching out to report a critical issue with the marketing agency's website. The website crashed during the scheduled campaign launch, causing significant disruption ... line as soon as possible. Please let us know.",Incident,Medium,IT Support,Closed,84.0,2025-06-10 19:59:58,2025-06-14 07:59:58,Neutral,True,Slow,Breached,June,2025,2,Tuesday,2,220,35
1352246011,,"Customer Support, reaching out to inquire about billing information and payment options for a marketing agency that promotes brand growth services. Could you please provi ... eting agency to help drive brand development.",Request,Low,Billing and Payments,Closed,70.0,2023-12-18 07:49:19,2023-12-21 05:49:19,Urgent,True,Medium,Within SLA,December,2023,4,Monday,1,220,33
1352246012,Implement Google Meet,I am contacting you to explore the possibility of integrating Google Meet with our project management software to improve our team's collaboration. Our team currently use ... inform me. Looking forward to your response.,Change,High,IT Support,Closed,119.0,2024-10-28 14:28:12,2024-11-02 13:28:12,Urgent,True,Slow,Breached,October,2024,4,Monday,3,219,34
1352246013,,There is a potential data breach that has impacted the security of medical data. This could be due to weak access controls and outdated software. Steps taken include upda ... ously and are working to resolve it promptly.,Incident,Low,Product Support,Closed,127.0,2025-05-21 10:19:01,2025-05-26 17:19:01,Urgent,True,Slow,Breached,May,2025,2,Wednesday,1,220,38
1352246014,Concern Regarding Compromised Medical Data Security,"The healthcare provider's medical data security has been compromised due to outdated software and weak passwords. Despite implementing multi-factor authentication and updating the software, the issues continue.",Problem,Low,Customer Service,Resolved,148.0,2025-08-23 19:32:36,2025-08-29 23:32:36,Urgent,True,Slow,Breached,August,2025,3,Saturday,1,210,27
1352246015,Boost Data Analytics Integration with Redis and QuickBooks,I am contacting you to seek information on improving data analytics integration with Redis and QuickBooks for investment optimization tools. I am interested in understand ... furnish me with more details on this subject?,Change,Low,Product Support,Closed,127.0,2025-08-11 03:40:11,2025-08-16 10:40:11,Frustrated,True,Slow,Breached,August,2025,3,Monday,1,220,34
1352246016,Assistance with PostgreSQL Integration,Can you provide information on digital strategies for integrating PostgreSQL 13? Thank you!,Request,Medium,Technical Support,Resolved,98.0,2025-11-14 12:57:20,2025-11-18 14:57:20,Neutral,True,Slow,Breached,November,2025,4,Friday,2,91,13
1352246017,Medical Data Protection Practices,Could you provide details on the practices used to secure medical data services?,Request,Low,Service Outages and Maintenance,Closed,37.0,2025-09-25 09:33:41,2025-09-26 22:33:41,Satisfied,True,Medium,Within SLA,September,2025,3,Thursday,1,80,13
1352246018,Problem with Ad Campaign Analytics,"The analytics for our online ad campaign have ceased to update, which is affecting our ability to gauge brand growth. There might be data integration issues due to recent ... or outages, but the issue remains unresolved.",Incident,High,Technical Support,Closed,162.0,2025-05-14 20:45:45,2025-05-21 14:45:45,Neutral,True,Slow,Breached,May,2025,2,Wednesday,3,220,37
1352246019,Crash Incident,"The project management software as a service has unexpectedly stopped functioning after the Elasticsearch 7.13 upgrade. Despite restarting my computer, reviewing the logs ... stance is required to address this situation.",Incident,High,Technical Support,Resolved,113.0,2023-02-10 18:48:49,2023-02-15 11:48:49,Satisfied,True,Slow,Breached,February,2023,1,Friday,3,220,31
1352246020,Recurring Problem with Accessing the Login Page of the Dashboard,"Hello Customer Support, I am contacting you regarding a recent problem I encountered with accessing my dashboard. The issue appeared without any prior warning and might b ... pt resolution. Thank you for your assistance.",Incident,Medium,IT Support,Closed,108.0,2025-08-04 00:58:33,2025-08-08 12:58:33,Urgent,True,Slow,Breached,August,2025,3,Monday,2,220,35
1352246021,Support Required for Digital Growth,Strategies for digital growth are not achieving the expected brand expansion. This might be due to ineffective targeting and insufficient engagement. After analyzing the ... e the brand's online presence and engagement.,Problem,Medium,Product Support,Closed,8.0,2025-10-18 21:43:32,2025-10-19 05:43:32,Neutral,True,Fast,Within SLA,October,2025,4,Saturday,2,219,32
1352246022,Services in Data Analytics,Is it possible to get data analytics services that optimize investment strategies? Thank you.,Request,Medium,General Inquiry,Closed,54.0,2025-12-13 06:28:47,2025-12-15 12:28:47,Neutral,True,Medium,Within SLA,December,2025,4,Saturday,2,93,14
1352246023,Website Crash Report,"Esteemed Support Team, I am reaching out to document an urgent issue experienced with our online platform. It abruptly stopped functioning during the night. I believe the ... g your response at your earliest convenience.",Problem,High,IT Support,Closed,167.0,2024-02-20 11:10:26,2024-02-27 10:10:26,Urgent,True,Slow,Breached,February,2024,1,Tuesday,3,220,35
1352246024,Strategies for Brand Growth through Digital Marketing,Could you provide details on digital marketing strategies to enhance brand growth? I am keen to learn how to boost engagement and attract new customers.,Request,Medium,Billing and Payments,Closed,146.0,2023-02-14 23:27:10,2023-02-21 01:27:10,Satisfied,True,Slow,Breached,February,2023,1,Tuesday,2,152,25
1352246025,Inquiry on System Requirements for SaaS Project Management Tool,"Hello Customer Support, I am writing to request information on the system requirements needed for the best performance of your SaaS project management tool. Could you kin ... ponse and thank you in advance for your help.",Request,High,Technical Support,Closed,112.0,2023-10-08 06:23:55,2023-10-12 22:23:55,Neutral,True,Slow,Breached,October,2023,4,Sunday,3,220,37
1352246026,Upgrade Request for Data Analytics Tools,Seeking enhancements to data analytics tools to improve investment optimization and integration across affected products. This will enable better decision-making and effi ... ount number <acc_num> for further discussion.,Change,Medium,Customer Service,Resolved,65.0,2024-02-29 12:15:30,2024-03-03 05:15:30,Satisfied,True,Medium,Within SLA,February,2024,1,Thursday,2,220,29
1352246027,Concerns About Data Analytics Platform,The data analytics platform is not generating accurate investment forecasts. It might be due to recent software updates. After restarting the application and clearing the ... r and provide a solution as soon as possible.,Incident,High,Product Support,Closed,162.0,2024-04-24 23:47:02,2024-05-01 17:47:02,Neutral,True,Slow,Breached,April,2024,2,Wednesday,3,220,35
1352246028,Seeking Strategies for Digital Brand Expansion,Would you be able to share insights on digital strategies that can enhance brand growth?,Request,Medium,Sales and Pre-Sales,Closed,35.0,2024-06-11 21:34:53,2024-06-13 08:34:53,Neutral,True,Medium,Within SLA,June,2024,2,Tuesday,2,88,15
1352246029,Query on API Integration Features for Project Management,"Customer Support, we are inquiring about the API integration features and scaling options for project management services. We are interested in expanding our current syst ... rd to hearing back with detailed information.",Request,High,IT Support,Closed,20.0,2024-06-29 07:06:06,2024-06-30 03:06:06,Urgent,True,Fast,Within SLA,June,2024,2,Saturday,3,220,33
1352246030,Resolve Problems with Google Nest Wifi Router,"I am currently facing connectivity problems with my Google Nest Wifi Router, which is impacting my work on digital strategy operations. Despite attempting a reboot, the i ... lease advise on the next steps I should take.",Change,High,Service Outages and Maintenance,Resolved,114.0,2023-01-10 11:38:25,2023-01-15 05:38:25,Neutral,True,Slow,Breached,January,2023,1,Tuesday,3,220,37
1352246031,Exploring Digital Strategies for Brand Growth and Online Development,"Customer Support, seeking clarification on digital strategies to boost brand growth. Could you offer details on methods and techniques to enhance brand awareness and enga ... oking forward to your response. Best regards.",Request,Medium,Returns and Exchanges,In Progress,0.0,2023-10-09 19:17:21,,Frustrated,False,Unresolved,Within SLA,October,2023,4,Monday,2,220,33
1352246032,Investment Optimization Tools,"Dear customer support, could you provide information on investment optimization tools that are compatible with Microsoft OneNote and JIRA? I am looking for tools that can ... I look forward to hearing back from you soon.",Request,Medium,Billing and Payments,Closed,57.0,2023-08-11 12:48:09,2023-08-13 21:48:09,Neutral,True,Medium,Within SLA,August,2023,3,Friday,2,220,36
1352246033,Query on Project Management SaaS Functionality,"Hello from Customer Support, we are here to assist with your inquiry regarding project management SaaS features and integration options with existing tools. Could you ple ... data storage protocols used by the platform.",Request,Medium,Sales and Pre-Sales,Closed,46.0,2025-05-29 17:58:50,2025-05-31 15:58:50,Urgent,True,Medium,Within SLA,May,2025,2,Thursday,2,219,34
1352246034,Problem with Investment Analysis Tools,"We've experienced intermittent outages affecting the investment analysis tools, which might be due to overloaded servers. Rebooting the systems and clearing caches didn't ... y and provide a solution as soon as possible.",Incident,Low,Service Outages and Maintenance,Closed,167.0,2025-10-18 03:35:03,2025-10-25 02:35:03,Neutral,True,Slow,Breached,October,2025,4,Saturday,1,220,33
1352246035,,"Dear Customer Support Team,\n\nI am reaching out to request assistance with integrating Hemingway Editor into our digital marketing strategies. As you may know, the Hemin ... se provide us with step-by-step instructions?",Request,Medium,Technical Support,Closed,44.0,2024-09-14 14:19:24,2024-09-16 10:19:24,Frustrated,True,Medium,Within SLA,September,2024,3,Saturday,2,220,32
1352246036,Request for Updating Security Software Tools,I am writing to request an update on our software analytics tools and security software. This enhancement is critical for optimizing our investment in data protection and ... ing. I look forward to hearing from you soon.,Change,Medium,Customer Service,In Progress,0.0,2023-04-19 02:19:57,,Frustrated,False,Unresolved,Within SLA,April,2023,2,Wednesday,2,220,37
1352246037,Request for Data Security Solutions,Is it possible to get information on data security solutions for healthcare providers?,Request,Low,General Inquiry,Closed,77.0,2023-08-09 09:28:13,2023-08-12 14:28:13,Satisfied,True,Slow,Breached,August,2023,3,Wednesday,1,86,13
1352246038,Enhance Digital Marketing Tools for Effective Brand Growth,Optimize digital marketing tools to ensure smooth brand expansion and campaign implementation in order to boost brand awareness.,Change,Low,Service Outages and Maintenance,Pending,0.0,2025-09-10 14:21:48,,Frustrated,False,Unresolved,Within SLA,September,2025,3,Wednesday,1,128,18
1352246039,Improve the Flexibility of the Project Dashboard,"Dear Customer Support, I hope this message finds you well. I am reaching out to propose an enhancement to the project dashboard to make it more adaptable to individual us ... Thank you for your attention to this matter.",Change,High,Product Support,Pending,0.0,2023-02-17 14:58:46,,Urgent,False,Unresolved,Within SLA,February,2023,1,Friday,3,219,39
1352246040,Unanticipated Billing Discrepancy Issue,"Experienced an unanticipated billing discrepancy, which might be due to a system error.",Incident,Medium,Billing and Payments,In Progress,0.0,2023-05-23 12:58:27,,Satisfied,False,Unresolved,Within SLA,May,2023,2,Tuesday,2,87,13
1352246041,,Request to update integration settings for compatibility with various devices in the software project management workflows to ensure seamless operations.,Change,Low,Product Support,Closed,141.0,2025-04-04 01:49:41,2025-04-09 22:49:41,Satisfied,True,Slow,Breached,April,2025,2,Friday,1,153,20
1352246042,Failure in Data Analytics Pipeline,"The data analytics pipeline has ceased functioning following an incompatible update to the Google Cloud Platform, which has affected investment forecasts.",Incident,High,Technical Support,Closed,119.0,2023-12-01 04:44:06,2023-12-06 03:44:06,Neutral,True,Slow,Breached,December,2023,4,Friday,3,154,21
1352246043,Issue with QuickBooks Online Integration - Discrepancies Noted,"Customer Support, recently, billing discrepancies were found in the QuickBooks Online integration. This may be due to a syncing error post-update. I attempted to reconcil ... ow if you require any additional information.",Problem,High,Billing and Payments,Closed,80.0,2024-08-07 09:32:38,2024-08-10 17:32:38,Neutral,True,Slow,Breached,August,2024,3,Wednesday,3,220,33
1352246044,Guidance on Workstation and Airtable Integration,"Dear Customer Support, We are interested in integrating Workstation with Airtable to enhance our workflow and productivity. Could you offer us some initial guidance on ho ... d to your response. Kind regards, [Your Name]",Request,High,Product Support,Closed,150.0,2024-10-14 04:29:23,2024-10-20 10:29:23,Satisfied,True,Slow,Breached,October,2024,4,Monday,3,220,35
1352246045,Intermittent System Performance Issues During Peak Hours,"The system experiences occasional slowdowns during peak usage times, likely due to server overload. Restarting the server and attempting load balancing have been tried.",Incident,High,Technical Support,Closed,71.0,2024-12-05 17:08:27,2024-12-08 16:08:27,Urgent,True,Medium,Within SLA,December,2024,4,Thursday,3,168,24
1352246046,Support for Unauthorized Access Issue,"Respected Customer Support, I am contacting you to report an unauthorized access incident involving our medical records. Our team has identified a possible vulnerability ... atly appreciated. Thank you for your support.",Problem,Low,Product Support,Closed,26.0,2024-06-13 13:31:24,2024-06-14 15:31:24,Urgent,True,Medium,Within SLA,June,2024,2,Thursday,1,219,32
1352246047,,The sales team has reported experiencing sluggish response times when accessing Moodle HubSpot CRM client demonstrations. Potential causes include network latency or serv ... and a solution provided as soon as possible.,Incident,Medium,Sales and Pre-Sales,Closed,37.0,2023-09-02 12:38:35,2023-09-04 01:38:35,Neutral,True,Medium,Within SLA,September,2023,3,Saturday,2,219,32
1352246048,Query on Securing Medical Data in PrestaShop,Seeking information on how to secure medical data using PrestaShop for billing and payments. Interested in learning about the best practices for protecting sensitive pati ... sistance and will be happy to hear back soon.,Request,Medium,Billing and Payments,Closed,123.0,2024-07-28 20:34:45,2024-08-02 23:34:45,Satisfied,True,Slow,Breached,July,2024,3,Sunday,2,220,35
1352246049,Digital Campaign Efficiency Concerns Inquiry,"Respected Customer Support, I am contacting you to express concerns regarding the underperformance of our digital campaigns. The problems appear to stem from poor targeti ... I am looking forward to your swift response.",Incident,Low,Customer Service,Closed,94.0,2024-04-29 02:40:59,2024-05-03 00:40:59,Neutral,True,Slow,Breached,April,2024,2,Monday,1,219,34
1352246050,Enable Vagrant Integration for Airtable Project Management,"Dear Support, we require assistance in integrating Vagrant with Airtable within our SaaS platform. Our team utilizes Vagrant for development and testing, and we believe i ... errors, and boost productivity. Additionally,",Change,Medium,IT Support,Resolved,101.0,2024-05-18 21:52:14,2024-05-23 02:52:14,Satisfied,True,Slow,Breached,May,2024,2,Saturday,2,220,32
1352246051,Guide for Integrating Smartsheet Data Analytics Tools,"In need of assistance integrating Smartsheet with existing investment data analytics tools. Looking to streamline the process and optimize workflows. Could use detailed, ... preciate your help in advancing this project.",Request,High,Product Support,In Progress,0.0,2025-05-31 17:25:17,,Frustrated,False,Unresolved,Within SLA,May,2025,2,Saturday,3,219,31
1352246052,Urgent: Security Breach in Hospital Systems,Customer Support is informing you of a recent security incident that compromised patient information within the hospital's systems. The breach is believed to have resulte ... arding patient data and maintaining security.,Incident,High,Technical Support,In Progress,0.0,2025-07-15 04:50:00,,Frustrated,False,Unresolved,Within SLA,July,2025,3,Tuesday,3,220,32
1352246053,Assistance Requested for Digital Marketing Services Inquiry,"Customer Support reaching out to inquire about digital marketing services offerings and strategies for brand expansion. Can you provide detailed pricing and payment plan ... nk you, and we look forward to your response.",Request,High,Billing and Payments,Closed,50.0,2023-05-12 23:25:40,2023-05-15 01:25:40,Satisfied,True,Medium,Within SLA,May,2023,2,Friday,3,219,34
1352246054,Significant Drop in Engagement for Today's Marketing Campaign,No improvement in results even after updating the content and adjusting the targeting.,Problem,Low,General Inquiry,Closed,19.0,2023-03-23 17:23:57,2023-03-24 12:23:57,Neutral,True,Fast,Within SLA,March,2023,1,Thursday,1,86,13
1352246055,Mailchimp Sync Problem Noted,Email lists not syncing correctly,Problem,Low,Technical Support,Closed,150.0,2023-08-30 16:26:21,2023-09-05 22:26:21,Neutral,True,Slow,Breached,August,2023,3,Wednesday,1,33,5
1352246056,Users Experiencing Crashes in SaaS Application While Accessing Project Management Features,Recent software updates are suspected to be causing compatibility issues that result in crashes of the SaaS application when accessing project management features. Users ... t us know a suitable time that works for you.,Incident,High,Product Support,In Progress,0.0,2023-09-02 12:39:58,,Frustrated,False,Unresolved,Within SLA,September,2023,3,Saturday,3,219,35
1352246057,Assistance Required for Brand Growth,"Our digital strategies have hit a roadblock as brand growth has stagnated, leading to a decrease in engagement and ROI. After analyzing the metrics and adjusting our ad s ... n our target audience and marketing channels.",Problem,High,Product Support,Resolved,120.0,2025-08-17 18:40:37,2025-08-22 18:40:37,Satisfied,True,Slow,Breached,August,2025,3,Sunday,3,220,37
1352246058,Query on Integrating Zapier Project Management Solution,Seeking information on the process of integrating the Zapier project management SaaS solution. Would greatly appreciate any detailed guidance or resources that can help m ... s I explore the possibilities of integration.,Request,High,IT Support,Closed,117.0,2023-03-19 07:16:48,2023-03-24 04:16:48,Frustrated,True,Slow,Breached,March,2023,1,Sunday,3,220,33
1352246059,Security Assistance Needed,"Customer Support, I am reaching out to request comprehensive guidance on integrating security features to safeguard medical data within hospital systems. As medical infor ... ecurity measures would be highly appreciated.",Request,High,Technical Support,Closed,35.0,2025-11-12 23:22:29,2025-11-14 10:22:29,Neutral,True,Medium,Within SLA,November,2025,4,Wednesday,3,220,31
1352246060,Issues with Marketing Efforts,"The digital strategies implemented by the marketing agency have not significantly contributed to the brand's growth, and recent campaigns are underperforming. The likely ... Refining the marketing strategy is necessary.",Problem,Medium,Product Support,Closed,134.0,2023-05-07 17:34:47,2023-05-13 07:34:47,Urgent,True,Slow,Breached,May,2023,2,Sunday,2,219,30
1352246061,Notification on Delay in Data Loading,"Hello Support Team, there have been reports of intermittent delays in loading project data from the system. These delays may be due to increased server traffic. After cle ... ention to this matter is greatly appreciated.",Incident,Low,Customer Service,In Progress,0.0,2024-02-27 16:43:45,,Neutral,False,Unresolved,Within SLA,February,2024,1,Tuesday,1,220,36
1352246062,,Looking for assistance in optimizing investments through the use of data analytics tools such as Scikit-learn and Smartsheet. Would appreciate detailed insights. Could you share more about your current setup and goals?,Request,Low,Returns and Exchanges,Pending,0.0,2024-11-19 08:26:56,,Frustrated,False,Unresolved,Within SLA,November,2024,4,Tuesday,1,218,32
1352246063,Inquiry on Necessary Specifications for Peak Device Performance,Can you tell me about the necessary specifications for peak device performance?,Request,Medium,Customer Service,Closed,13.0,2025-10-25 06:51:47,2025-10-25 19:51:47,Frustrated,True,Fast,Within SLA,October,2025,4,Saturday,2,79,12
1352246064,Problem with Lost Project Data,Details of the incident: Project data was lost during the synchronization process. Possible reason for the problem: An issue with the integration to Elasticsearch. Action ... the logs. Seeking help to resolve the matter.,Incident,High,Technical Support,Closed,116.0,2024-10-20 16:24:59,2024-10-25 12:24:59,Neutral,True,Slow,Breached,October,2024,4,Sunday,3,220,34
1352246065,Strengthen Security for Medical Data,Request to upgrade security measures for hospital systems to better protect healthcare providers and patient data.,Change,Low,Product Support,Pending,0.0,2025-01-24 10:46:50,,Frustrated,False,Unresolved,Within SLA,January,2025,1,Friday,1,114,16
1352246066,Issue Detected with Healthcare Data Accessibility,Facing delays in data retrieval,Incident,Medium,Product Support,Closed,74.0,2025-08-01 01:26:02,2025-08-04 03:26:02,Satisfied,True,Slow,Breached,August,2025,3,Friday,2,31,5
1352246067,Request for Support in Integrating Microsoft Azure SaaS Project Management Solution,Seeking assistance in understanding the process of integrating the Microsoft Azure SaaS project management solution. Kindly provide detailed guidance and share available ... onal fees related to the integration process?,Request,Medium,Customer Service,Closed,15.0,2024-11-17 16:36:06,2024-11-18 07:36:06,Urgent,True,Fast,Within SLA,November,2024,4,Sunday,2,219,30
1352246068,Support Project Load Delays,"Users have been experiencing delays in project load times during peak usage hours, which may be due to increased server demand. After clearing caches and optimizing exist ... table solution to prevent future occurrences.",Incident,Low,Product Support,Closed,97.0,2024-10-05 09:53:20,2024-10-09 10:53:20,Satisfied,True,Slow,Breached,October,2024,4,Saturday,1,220,34
1352246069,,"customer support, the latest update to our data analytics tool has caused issues with the investment optimization processes. The tool is generating incorrect output repor ... of this disruption to prevent further issues.",Incident,High,Technical Support,Closed,156.0,2024-02-29 08:23:53,2024-03-06 20:23:53,Frustrated,True,Slow,Breached,February,2024,1,Thursday,3,220,33
1352246070,Critical Security Breach Impacting EMR Connectivity,"Dear Customer Support Team,\n\nI am submitting a report regarding a significant security breach that seems to be affecting the integration of Electronic Medical Records ( ... rigin of this security compromise.\n\nPlease,",Problem,High,Technical Support,Closed,38.0,2023-12-01 20:59:36,2023-12-03 10:59:36,Neutral,True,Medium,Within SLA,December,2023,4,Friday,3,220,31
1352246071,Strategies for Brand Growth in Digital Sphere,Inquiring about digital strategies to enhance brand growth. Is there any information on methods that can be used to increase brand awareness and customer engagement? Woul ... used in digital marketing to achieve success.,Request,High,Product Support,Closed,168.0,2025-03-06 21:39:17,2025-03-13 21:39:17,Urgent,True,Slow,Breached,March,2025,1,Thursday,3,220,34
1352246072,Enquiry Regarding Training Options for New Employees Using Project Management Software,"Hello Customer Support, I am writing to inquire about the training options available for new employees who will be using our project management software. As we are onboar ... ining options. Thank you for your assistance.",Request,High,Human Resources,Resolved,100.0,2023-06-26 19:25:27,2023-06-30 23:25:27,Satisfied,True,Slow,Breached,June,2023,2,Monday,3,220,36
1352246073,Recent Performance Slowdown Noted,"Lately, there have been reports of slow performance. This might be due to increased server load following recent updates. We have cleared the caches and optimized database queries, but the issue still persists.",Problem,Medium,Customer Service,Pending,0.0,2024-06-20 04:58:36,,Satisfied,False,Unresolved,Within SLA,June,2024,2,Thursday,2,210,33
1352246074,Urgent: Data Breach Resulting from Outdated Firewall,"Dear Customer Support,\n\nI am contacting you to report a recent data breach that we believe was caused by our outdated firewall, which may have exposed our system to sec ... ion and cooperation.\nSincerely,\n[Your Name]",Problem,High,IT Support,Closed,102.0,2024-10-29 20:20:31,2024-11-03 02:20:31,Neutral,True,Slow,Breached,October,2024,4,Tuesday,3,220,34
1352246075,Integration of Mercurial for Data Analytics in Investment Optimization,I am seeking information on how Mercurial integrates with data analytics for investment optimization. Could you provide details on the tools and techniques used to analyz ... curial can assist in investment optimization.,Request,Low,Customer Service,Closed,107.0,2023-06-22 06:16:13,2023-06-26 17:16:13,Frustrated,True,Slow,Breached,June,2023,2,Thursday,1,220,33
1352246076,Delayed Support for Data Analysis,have encountered an unforeseen delay in processing,Incident,Low,Technical Support,In Progress,0.0,2024-03-16 00:11:37,,Neutral,False,Unresolved,Within SLA,March,2024,1,Saturday,1,50,7
1352246077,Attention to Unpaid Software License Invoices,"Dear Customer Support, I am contacting you regarding an issue with unpaid invoices for our software licenses. It seems there was a problem with our billing details, possi ... ward to your prompt attention to this matter.",Problem,High,Billing and Payments,Closed,113.0,2025-11-19 13:47:44,2025-11-24 06:47:44,Neutral,True,Slow,Breached,November,2025,4,Wednesday,3,220,37
1352246078,Issue with accessing Discord server,description of the problem,Incident,Medium,IT Support,Pending,0.0,2025-11-19 23:48:03,,Neutral,False,Unresolved,Within SLA,November,2025,4,Wednesday,2,26,4
1352246079,Concern Regarding Access to Medical Records,"Faced interruptions in accessing medical records, possibly due to SSD performance problems or software conflicts. Efforts to resolve the issue included using CCleaner and ... ance is needed to address the issue promptly.",Problem,High,Technical Support,Closed,149.0,2025-07-10 09:38:51,2025-07-16 14:38:51,Neutral,True,Slow,Breached,July,2025,3,Thursday,3,220,33
1352246080,Security Concern at Hospital System,"Customer Support, facing a security issue with the hospital's system. There have been unauthorized access attempts to medical data, posing a significant compliance risk. ... ion. Please advise on the next steps to take.",Problem,High,Product Support,Closed,65.0,2025-01-25 22:59:02,2025-01-28 15:59:02,Satisfied,True,Medium,Within SLA,January,2025,1,Saturday,3,219,34
1352246081,Identified Problems with Secure Data Access in Hospital Systems,"We have identified secure data access issues within the hospital systems. These issues might be due to recent updates in the TYPO3 network configurations. We have attempt ... configurations, but the issues still persist.",Problem,Medium,Technical Support,In Progress,0.0,2025-03-29 13:31:38,,Satisfied,False,Unresolved,Within SLA,March,2025,1,Saturday,2,220,34
1352246082,Challenge with Campaign Engagement,The recent digital campaign did not achieve the expected engagement. The issue might be due to ineffective targeting or content misalignment. Although we have adjusted th ... recommendations and insights to move forward?,Problem,Medium,Customer Service,Closed,55.0,2025-11-02 08:30:16,2025-11-04 15:30:16,Neutral,True,Medium,Within SLA,November,2025,4,Sunday,2,220,33
1352246083,Request for Server Configuration Update,"Dear customer support, I am writing to request an update on our server configurations to enhance performance during peak usage times. The current setup is causing slow lo ... ng our existing services. Please let me know.",Change,Medium,Service Outages and Maintenance,Pending,0.0,2024-04-24 02:42:30,,Satisfied,False,Unresolved,Within SLA,April,2024,2,Wednesday,2,220,37
1352246084,Issue with Medical Data Encryption System,"The medical data encryption system experienced a failure during the night, possibly due to a software update issue. Attempts to restart the servers and review system logs have not resolved the problem.",Incident,High,Technical Support,Closed,40.0,2023-03-12 13:16:55,2023-03-14 05:16:55,Frustrated,True,Medium,Within SLA,March,2023,1,Sunday,3,201,32
1352246085,Query on SaaS Project Management Services,Is it possible to get details about the billing structure for SaaS project management services? I'm interested in learning about the pricing model and whether any discoun ... al costs or fees associated with the service.,Request,High,Billing and Payments,Closed,51.0,2023-12-09 13:31:23,2023-12-11 16:31:23,Neutral,True,Medium,Within SLA,December,2023,4,Saturday,3,220,36
1352246086,Information on Digital Marketing Strategies for Brand Growth,Inquiring about digital marketing strategies to aid in brand growth. Could you provide details on the services offered? I would greatly appreciate any information on your ... and I look forward to hearing from you soon.,Request,Medium,Billing and Payments,Resolved,135.0,2024-09-06 00:29:14,2024-09-11 15:29:14,Satisfied,True,Slow,Breached,September,2024,3,Friday,2,219,36
1352246087,Inquiry on Data Analytics Solutions for Investment Optimization,"Hello Customer Support, I am reaching out to inquire about data analytics solutions that can optimize investment strategies. Could you provide information on the types of ... know if you need any additional information.",Request,Low,Product Support,Closed,70.0,2025-07-20 00:27:14,2025-07-22 22:27:14,Neutral,True,Medium,Within SLA,July,2025,3,Sunday,1,219,34
1352246088,Digital Strategies Promotion,"Seeking detailed insights into the digital strategies used to promote Grammarly and Airtable, aiming to boost brand awareness and engagement. Interested in understanding ... appreciate specific guidance and information.",Request,High,Technical Support,Closed,25.0,2023-03-27 02:25:10,2023-03-28 03:25:10,Frustrated,True,Medium,Within SLA,March,2023,1,Monday,3,219,29
1352246089,Report of System Disruptions,"The team is examining outages across multiple products, such as Smart-Trklingel, OneNote, Hadoop, Ubuntu, JBL speakers, projectors, HubSpot, Khan Academy, scanners, and ... ns. Efforts to resolve the issue are ongoing.",Incident,Medium,Product Support,Closed,12.0,2023-01-12 22:35:43,2023-01-13 10:35:43,Satisfied,True,Fast,Within SLA,January,2023,1,Thursday,2,218,31
1352246090,Challenge with Financial Model Efficiency,"Dear Customer Support,<br>I am preparing a report on the significant slowdown in our financial firm's investment optimization model. Despite our attempts to optimize the ... solution to improve the model's performance.",Problem,High,IT Support,Closed,53.0,2023-11-14 13:26:47,2023-11-16 18:26:47,Satisfied,True,Medium,Within SLA,November,2023,4,Tuesday,3,218,31
1352246091,Problem with Software Crash,An unexpected crash happened during data analysis tasks. It might be due to compatibility issues between the installed programs. I have already tried updating the softwar ... still persists. I need help to resolve this.,Incident,Medium,Product Support,Closed,75.0,2024-04-13 05:43:41,2024-04-16 08:43:41,Satisfied,True,Slow,Breached,April,2024,2,Saturday,2,219,35
1352246092,Improvement Suggestion for User Interface in Project Management,"Customer Support, requesting enhancements to the user interface for improved navigation efficiency in project management tasks. The current interface is overwhelming and ... mportant tasks. I believe these changes would",Change,High,Product Support,Resolved,56.0,2023-11-25 03:22:24,2023-11-27 11:22:24,Frustrated,True,Medium,Within SLA,November,2023,4,Saturday,3,219,30
1352246093,Urgent Attention Required for Medical Data Security,"Customer Support, please address the urgent need to implement enhanced security measures for medical data protection in hospital systems. Recent service outages across mu ... es and implementing robust security measures.",Change,High,Service Outages and Maintenance,Resolved,72.0,2023-08-02 04:29:03,2023-08-05 04:29:03,Neutral,True,Medium,Within SLA,August,2023,3,Wednesday,3,220,31
1352246094,Problem Encountered During Data Encryption,"Dear Customer Support, <br><br>I am reaching out to notify you about a problem with our data encryption procedure. The encryption process has failed, and we are in the pr ... e and support. <br>Sincerely, <br>[Your Name]",Problem,Medium,Technical Support,Closed,135.0,2024-02-01 22:27:27,2024-02-07 13:27:27,Satisfied,True,Slow,Breached,February,2024,1,Thursday,2,220,36
1352246095,Details on SaaS Project Management Features,Could you offer comprehensive details on the SaaS features related to project management and scalability? I am keen to learn more about the platform's support for our team's growth needs.,Request,Low,IT Support,Resolved,138.0,2024-03-25 15:22:16,2024-03-31 09:22:16,Neutral,True,Slow,Breached,March,2024,1,Monday,1,187,30
1352246096,Concern about Data Security via Unsecured Docker Container,I am reaching out to report an issue with the exposure of medical data through an unsecured Docker container. The root cause appears to be an inadequate Ansible script co ... d to address this matter and secure the data.,Problem,Medium,Product Support,In Progress,0.0,2024-05-24 17:17:17,,Neutral,False,Unresolved,Within SLA,May,2024,2,Friday,2,220,40
1352246097,Enhancing Investments with Google Cloud,"Seeking insights on optimizing investments through the use of Google Cloud Platform, particularly with Elasticsearch for data analytics. Would greatly appreciate any info ... u could offer. Thank you for your assistance.",Request,Medium,Technical Support,Closed,117.0,2023-07-06 09:20:26,2023-07-11 06:20:26,Urgent,True,Slow,Breached,July,2023,3,Thursday,2,220,32
1352246098,Apologies for the connectivity issues with WhatsApp Desktop on your Acer Predator XB273K Monitor,"Could you please provide more details, any error messages, and the troubleshooting steps you have already taken? We would be happy to schedule a call at your convenience: <tel_num> to assist with this matter.",Incident,Low,Human Resources,Closed,50.0,2023-01-13 00:11:30,2023-01-15 02:11:30,Urgent,True,Medium,Within SLA,January,2023,1,Friday,1,208,34
1352246099,Problem with Project Milestones Display,"The project milestones feature is not displaying correctly, even after clearing the cache and refreshing the page.",Incident,Low,Technical Support,Pending,0.0,2025-02-11 15:52:08,,Neutral,False,Unresolved,Within SLA,February,2025,1,Tuesday,1,114,17
1352246100,,"Dear Customer Support, I am reporting an issue with the financial analytics dashboard, specifically with the investment performance metrics displayed on the platform. It ... ed to facilitate the troubleshooting process.",Incident,High,Technical Support,Closed,82.0,2024-10-30 23:58:57,2024-11-03 09:58:57,Frustrated,True,Slow,Breached,October,2024,4,Wednesday,3,219,31
1352246101,Challenge with Project Downtime,Faced unforeseen downtime on the project management platform. It might have resulted from recent code updates or server overloads. Despite reverting to the previous versi ... fy us if any further information is required.,Problem,High,Technical Support,Closed,159.0,2023-09-30 22:22:37,2023-10-07 13:22:37,Neutral,True,Slow,Breached,September,2023,3,Saturday,3,220,34
1352246102,Scalable Project Management SaaS Integrations,"Inquiring about the types of integrations available for our scalable project management SaaS. Could you provide more information on the third-party apps and APIs that are ... ce, and we look forward to hearing back soon.",Request,High,Technical Support,Closed,112.0,2023-07-20 16:23:31,2023-07-25 08:23:31,Satisfied,True,Slow,Breached,July,2023,3,Thursday,3,220,36
1352246103,Technical Support System Outage Inquiry,Facing system downtime during infrastructure updates,Incident,High,Technical Support,Resolved,130.0,2024-08-13 15:09:39,2024-08-19 01:09:39,Urgent,True,Slow,Breached,August,2024,3,Tuesday,3,52,6
1352246104,Immediate Attention Needed: Problems with Evernote Disrupting Critical Tasks,"Dear Customer Support Team,\n\nI am reporting a significant problem with Evernote and related technical applications. These issues are disrupting high-priority processes ... empted some basic troubleshooting procedures.",Incident,High,Technical Support,Closed,35.0,2025-04-07 08:06:32,2025-04-08 19:06:32,Neutral,True,Medium,Within SLA,April,2025,2,Monday,3,219,27
1352246105,Data Analytics for Investment Services,Is it possible to offer data analytics services that optimize investment strategies? I am keen to learn about the tools and techniques you use to help clients make inform ... provide more details on the services offered.,Request,Low,Customer Service,Closed,105.0,2023-12-24 11:08:57,2023-12-28 20:08:57,Satisfied,True,Slow,Breached,December,2023,4,Sunday,1,220,37
1352246106,Connectivity Issues Across Software Platforms,"Facing connectivity problems with various software platforms during project collaboration, likely related to recent Windows 10 Pro updates and network instability, possib ... internet settings, the issue still persists.",Incident,Medium,Product Support,In Progress,0.0,2025-02-16 03:07:55,,Urgent,False,Unresolved,Within SLA,February,2025,1,Sunday,2,219,29
1352246107,Recurring Daily Service Interruptions Reported,"Customer Support has reported sporadic service disruptions that are impacting project management activities. These outages appear to occur during peak usage periods, like ... rompt attention to this issue is appreciated.",Problem,High,IT Support,Resolved,30.0,2025-05-17 22:43:27,2025-05-19 04:43:27,Frustrated,True,Medium,Within SLA,May,2025,2,Saturday,3,220,31
1352246108,Report of Login Problem,I am encountering a login problem where logins are failing. This might be due to a possible database connection problem after a recent update. I have already restarted th ... please help resolve this as soon as possible?,Incident,High,IT Support,Closed,40.0,2025-11-03 18:38:27,2025-11-05 10:38:27,Satisfied,True,Medium,Within SLA,November,2025,4,Monday,3,220,38
1352246109,Integration Difficulties with Marketing Agency Platform,"Dear Customer Support, I am composing a report regarding integration difficulties with the marketing agency platform. We are encountering data synchronization failures ac ... te your assistance in resolving these issues.",Incident,Medium,Technical Support,Resolved,123.0,2024-07-04 04:18:33,2024-07-09 07:18:33,Satisfied,True,Slow,Breached,July,2024,3,Thursday,2,220,31
1352246110,Improved Support for Shopify KNIME Marketing Analytics Integration,"Hello, we are seeking assistance with integrating Shopify and KNIME for enhanced marketing analytics. We would like to know the detailed steps involved and any potential ... and we are excited to explore its potential.",Request,Medium,IT Support,Pending,0.0,2023-04-22 23:10:09,,Frustrated,False,Unresolved,Within SLA,April,2023,2,Saturday,2,218,35
1352246111,Boost Brand Presence Online,"Customer Support, we are reaching out to inquire about digital strategies that can enhance our brand's visibility and engagement. Could you please provide detailed inform ... y assistance and are eager to hear back soon.",Request,Medium,Billing and Payments,Closed,102.0,2024-09-08 19:53:10,2024-09-13 01:53:10,Satisfied,True,Slow,Breached,September,2024,3,Sunday,2,220,35
1352246112,Problem with Traffic Decrease,"Dear Customer Support, I am submitting a report on the unexpected drop in our website's traffic. This may be linked to recent algorithm changes by search engines. Our mar ... you for your support. Sincerely, [Your Name]",Incident,Low,Product Support,In Progress,0.0,2023-03-07 17:08:33,,Frustrated,False,Unresolved,Within SLA,March,2023,1,Tuesday,1,219,37
1352246113,Enhance Investment Data Analytics,"Dear Support Team, I am reaching out for assistance in optimizing our investment data analytics tools. We are considering integrating Microsoft Translator and ClickUp to ... these tools to optimize our investment data.",Change,Medium,General Inquiry,Closed,71.0,2024-11-08 15:26:43,2024-11-11 14:26:43,Neutral,True,Medium,Within SLA,November,2024,4,Friday,2,218,33
1352246114,Integrate Zoho Books Project Management System,Customer support has contacted us with an inquiry about integrating the Zoho Books project management SaaS platform. They are requesting comprehensive documentation and g ... ble to ensure a seamless integration process.,Request,Medium,Sales and Pre-Sales,Closed,61.0,2023-01-30 02:44:06,2023-02-01 15:44:06,Urgent,True,Medium,Within SLA,January,2023,1,Monday,2,220,32
1352246115,Failure in Data Encryption,There has been an unexpected failure in the data encryption process. It could be due to a software bug or a configuration mistake. I have already restarted the servers an ... ings. I require help to address this problem.,Incident,High,Product Support,Closed,161.0,2024-12-15 04:52:50,2024-12-21 21:52:50,Frustrated,True,Slow,Breached,December,2024,4,Sunday,3,220,39
1352246116,SaaS Platform Experienced Unforeseen Crash Following PostgreSQL Update,"Hello Customer Support, I am contacting you to report an issue we are facing with our SaaS platform. It crashed unexpectedly today, and we believe it might be because of ... ou can offer to get our platform back online.",Incident,High,IT Support,Closed,121.0,2023-05-01 22:55:42,2023-05-06 23:55:42,Satisfied,True,Slow,Breached,May,2023,2,Monday,3,219,40
1352246117,Data Leak in Hospital IT Networks Detected,"A data leak has happened, resulting in the compromise of medical records.",Problem,Medium,Product Support,Closed,91.0,2024-05-01 07:44:46,2024-05-05 02:44:46,Frustrated,True,Slow,Breached,May,2024,2,Wednesday,2,73,12
1352246118,,"Dear Customer Support, I am submitting a report on the decline in client engagement metrics over the past month. It is possible that recent algorithm changes on social me ... lutions to enhance client engagement metrics.",Incident,Low,Customer Service,Closed,104.0,2025-06-13 09:51:26,2025-06-17 17:51:26,Satisfied,True,Slow,Breached,June,2025,2,Friday,1,220,36
1352246119,Concerns About Project Management Integration,"Customer Support, <br>We have run into challenges with project management integration across multiple software platforms. This might have been due to compatibility issues ... >Thank you for your support. <br>Best regards",Incident,Medium,Returns and Exchanges,Closed,113.0,2024-10-28 20:52:41,2024-11-02 13:52:41,Satisfied,True,Slow,Breached,October,2024,4,Monday,2,220,31
1352246120,Encryption Implementation for Medical Data on MacBook Pros,"Hello Customer Support, I am reaching out to seek guidance on implementing encryption for medical data on MacBook Pro devices utilized within our hospital's IT network. G ... rward to your response. Thank you in advance.",Change,Medium,Technical Support,Resolved,106.0,2025-06-09 17:53:22,2025-06-14 03:53:22,Urgent,True,Slow,Breached,June,2025,2,Monday,2,220,36
1352246121,Security of Patient Data,"Hello customer support, I am writing to inquire about implementing enhanced security protocols for our Django 3.2 application, using Kaspersky and to secure our hospital' ... dvice to ensure the security of patient data.",Change,Medium,Product Support,Closed,167.0,2024-09-20 05:58:40,2024-09-27 04:58:40,Frustrated,True,Slow,Breached,September,2024,3,Friday,2,220,34
1352246122,Concern Regarding Data Breach in Hospital Systems,"A data breach has been identified in the hospital's systems, which may have exposed medical records. This could be due to outdated security protocols and insufficient emp ... protection to ensure secure data management.",Problem,Low,Human Resources,Closed,39.0,2025-09-21 10:12:40,2025-09-23 01:12:40,Frustrated,True,Medium,Within SLA,September,2025,3,Sunday,1,219,34
1352246123,Failure of Investment Tool,The investment analytics tool encountered problems processing data inputs due to software compatibility issues. Restarting the tool and re-importing the data were not successful.,Incident,Medium,Product Support,In Progress,0.0,2024-10-10 20:45:34,,Satisfied,False,Unresolved,Within SLA,October,2024,4,Thursday,2,178,24
1352246124,Concerning Incident of Potential Security Breach,The hospital's system encountered a possible security breach that impacted critical medical information.,Incident,Medium,Product Support,Closed,64.0,2024-03-25 17:54:33,2024-03-28 09:54:33,Frustrated,True,Medium,Within SLA,March,2024,1,Monday,2,104,13
1352246125,Problem with SaaS Platform Login,There was an unexpected outage that affected user access. Initial steps such as rebooting the server did not resolve the issue.,Incident,High,Service Outages and Maintenance,Closed,129.0,2023-06-28 21:58:28,2023-07-04 06:58:28,Satisfied,True,Slow,Breached,June,2023,2,Wednesday,3,127,21
1352246126,Improve Security Measures for Medical Data in Hospital Systems,Guarantee compliance and enhance data integrity by implementing improved security protocols without delay,Change,High,Customer Service,Resolved,120.0,2024-09-21 04:41:56,2024-09-26 04:41:56,Neutral,True,Slow,Breached,September,2024,3,Saturday,3,105,13
1352246127,Notice of Data Breach in Hospital System,"Initial scans were conducted, and security patches have been updated following the detection of a data breach. Potential vulnerabilities are suspected.",Incident,Medium,Technical Support,Closed,81.0,2023-02-02 09:35:19,2023-02-05 18:35:19,Neutral,True,Slow,Breached,February,2023,1,Thursday,2,151,21
1352246128,Issue with Integration Software,"Hello customer support, I am contacting you to report issues with the integration tools that have appeared recently. These errors could be due to the latest software upda ... reciate your prompt attention to this matter.",Incident,Medium,Technical Support,In Progress,0.0,2024-05-19 12:14:07,,Neutral,False,Unresolved,Within SLA,May,2024,2,Sunday,2,220,36
1352246129,,"customer support, issue regarding healthcare provider faced unauthorized access to medical data due to weak security settings on Ubuntu systems. Outdated software and mis ... d training staff on data protection measures.",Problem,Medium,Returns and Exchanges,Closed,81.0,2023-09-24 23:53:47,2023-09-28 08:53:47,Satisfied,True,Slow,Breached,September,2023,3,Sunday,2,220,32
1352246130,Support Required for Login Issues,Users are facing occasional login difficulties following recent changes to the authentication process.,Incident,High,Technical Support,Closed,98.0,2025-08-18 05:22:48,2025-08-22 07:22:48,Frustrated,True,Slow,Breached,August,2025,3,Monday,3,102,13
1352246131,,"There has been an error during login which has restricted access. This might be due to recent system updates. Despite clearing the cache and trying password resets, the p ... . Please assist in resolving the login issue.",Incident,High,Technical Support,Closed,61.0,2024-12-15 17:39:20,2024-12-18 06:39:20,Neutral,True,Medium,Within SLA,December,2024,4,Sunday,3,220,38
1352246132,Improved Support for Shopify KNIME Marketing Analytics,"While reaching out for assistance with integrating Shopify and KNIME for enhanced marketing analytics, could you provide detailed insights and integration steps, as well ... s, and I am excited to explore its potential.",Request,Medium,IT Support,Closed,92.0,2025-12-07 06:31:32,2025-12-11 02:31:32,Frustrated,True,Slow,Breached,December,2025,4,Sunday,2,219,34
1352246133,Inquiry About Security Capabilities of Healthcare Solutions,Customer Support is reaching out to inquire about the security features of healthcare solutions compatible with Windows 10 Pro and Microsoft Teams. A healthcare professio ... te with Microsoft Teams would be appreciated.,Request,High,Billing and Payments,Closed,101.0,2024-07-16 02:50:46,2024-07-20 07:50:46,Urgent,True,Slow,Breached,July,2024,3,Tuesday,3,220,33
1352246134,Request for Enhancements in Data Analytics Integration,"Dear Customer Support, I am writing to request enhancements for data analytics integration across various technologies. This would significantly improve investment optimi ... nce. I look forward to hearing from you soon.",Change,High,IT Support,Closed,31.0,2023-05-17 21:43:12,2023-05-19 04:43:12,Frustrated,True,Medium,Within SLA,May,2023,2,Wednesday,3,220,32
1352246135,Address Frequent Downtime Problems,Our users are facing recurring downtime on various products. This issue might be due to recent server updates or network instability. Steps taken to resolve it included r ... lve this issue at the earliest possible time.,Incident,High,Technical Support,Pending,0.0,2024-11-09 09:47:42,,Satisfied,False,Unresolved,Within SLA,November,2024,4,Saturday,3,220,37
1352246136,Healthcare Provider Reports Unprotected Medical Data Concerns,"Attempted to address system security by applying patches and updating access controls, but the vulnerabilities remain unresolved.",Problem,Medium,Billing and Payments,Closed,134.0,2023-06-14 10:51:49,2023-06-20 00:51:49,Satisfied,True,Slow,Breached,June,2023,2,Wednesday,2,129,17
1352246137,Reported Issue with SaaS Platform Freeze,"Hello Customer Support, <br>Could you please address an issue I encountered with the SaaS platform where it froze unexpectedly? I suspect it might be related to an Azure ... please advise. Thank you for your assistance.",Incident,High,Product Support,Closed,5.0,2024-01-13 23:29:44,2024-01-14 04:29:44,Satisfied,True,Fast,Within SLA,January,2024,1,Saturday,3,219,36
1352246138,Healthcare Provider System Security Incident Identified,"A security breach has been detected in the healthcare provider's system, potentially exposing sensitive medical information. This may have occurred due to outdated softwa ... esolve the issue and prevent future breaches.",Problem,Medium,Billing and Payments,Closed,49.0,2024-11-07 19:11:53,2024-11-09 20:11:53,Frustrated,True,Medium,Within SLA,November,2024,4,Thursday,2,220,32
1352246139,Airtable Project Management Integration,"Seeking information on integrating the Airtable project management SaaS platform. Would like to know more about the integration process, its benefits, and any potential d ... started and any support resources available.",Request,Medium,Customer Service,Closed,8.0,2025-07-03 18:42:46,2025-07-04 02:42:46,Frustrated,True,Fast,Within SLA,July,2025,3,Thursday,2,219,32
1352246140,,"Dear Customer Support, I am seeking detailed information on the security protocols and technologies you employ to safeguard medical data within your hospital solutions. C ... for your time and assistance in this matter.",Request,Medium,Billing and Payments,Pending,0.0,2024-09-14 01:51:04,,Satisfied,False,Unresolved,Within SLA,September,2024,3,Saturday,2,219,34
1352246141,Enquiry Regarding Digital Strategy Services,"Customer Support, we are reaching out to inquire about digital strategy services that integrate TYPO3 and Mailchimp. Could you provide details on the services offered and ... ng how we can help achieve our digital goals.",Request,Low,Product Support,In Progress,0.0,2025-03-24 22:44:22,,Neutral,False,Unresolved,Within SLA,March,2025,1,Monday,1,220,36
1352246142,Issue with Lost Data in Project,"Hello Customer Support, I am contacting you to report a recent incident where the project data I was working on has suddenly vanished. I suspect a hardware failure might ... orward to your prompt response. Best regards.",Incident,High,Technical Support,Closed,43.0,2023-05-03 04:10:33,2023-05-04 23:10:33,Urgent,True,Medium,Within SLA,May,2023,2,Wednesday,3,219,37
1352246143,Information on Secure Medical Data Systems,Seeking details,Request,High,Sales and Pre-Sales,Closed,139.0,2024-09-06 19:15:06,2024-09-12 14:15:06,Frustrated,True,Slow,Breached,September,2024,3,Friday,3,15,2
1352246144,Marketing Agency Encountered Service Disruptions,Our marketing agency faced some service interruptions that might be due to network instability or software compatibility issues.,Incident,Medium,Service Outages and Maintenance,In Progress,0.0,2024-04-26 23:52:26,,Urgent,False,Unresolved,Within SLA,April,2024,2,Friday,2,128,18
1352246145,Unexpectedly High Invoice Inquiry,"I recently received an invoice for digital tools that seems unusually high. I have reviewed previous invoices and reached out to support, as I suspect there might be an e ... this issue and prevent further discrepancies.",Incident,Medium,Billing and Payments,In Progress,0.0,2024-06-11 09:58:21,,Urgent,False,Unresolved,Within SLA,June,2024,2,Tuesday,2,220,37
1352246146,Financial Investment Optimization with Data Analytics Tools,Customer Support has received an inquiry about the data analytics tools provided by your company for optimizing investment strategies in financial institutions. They are ... demonstrate the effectiveness of these tools.,Request,High,Service Outages and Maintenance,Closed,162.0,2023-12-11 04:48:18,2023-12-17 22:48:18,Neutral,True,Slow,Breached,December,2023,4,Monday,3,219,31
1352246147,Urgent Support Request for Digital Strategy Enhancement,"Dear Customer Support, we require immediate assistance to optimize our digital strategy tools which are crucial for enhancing our brand growth initiatives. Our current sy ... al. We look forward to hearing from you soon.",Change,High,IT Support,Closed,112.0,2024-06-01 09:41:53,2024-06-06 01:41:53,Neutral,True,Slow,Breached,June,2024,2,Saturday,3,220,35
1352246148,Request for Updating Billing Information for Digital Products,"Dear Customer Support, I am writing to request an update to the billing information for our digital strategy products. The current system, while providing accurate tracki ... management tracking. Thank you for your time.",Change,High,Billing and Payments,Closed,97.0,2023-09-19 04:26:30,2023-09-23 05:26:30,Neutral,True,Slow,Breached,September,2023,3,Tuesday,3,220,34
1352246149,SaaS platform integration issue,"The SaaS platform integration has encountered a failure. There is a possibility of a mismatch in the API key or expired credentials. I have restarted the services, reviewed the logs, and confirmed the settings.",Incident,Medium,IT Support,Resolved,8.0,2023-04-29 15:37:46,2023-04-29 23:37:46,Urgent,True,Fast,Within SLA,April,2023,2,Saturday,2,210,34
1352246150,Concern About Performance Issues in SaaS Platform,"Reporting difficulties with the performance of the SaaS platform, which is impacting project management functionalities. It appears that the problems started after recent ... into this and provide any necessary support?",Incident,Low,Returns and Exchanges,Closed,162.0,2025-03-04 00:11:46,2025-03-10 18:11:46,Satisfied,True,Slow,Breached,March,2025,1,Tuesday,1,219,31
1352246151,Assistance Required with Website Downtime,"The website encountered an unexpected outage. After restarting the server and optimizing traffic, the problem still persists. We need your help to resolve this issue.",Incident,High,IT Support,Closed,130.0,2025-09-10 16:19:36,2025-09-16 02:19:36,Satisfied,True,Slow,Breached,September,2025,3,Wednesday,3,166,25
1352246152,Update Investment Data,Request to update data analytics tools for monitoring tech product performance,Change,Medium,Returns and Exchanges,Closed,78.0,2023-06-27 03:13:16,2023-06-30 09:13:16,Frustrated,True,Slow,Breached,June,2023,2,Tuesday,2,78,11
1352246153,Report Generation Issue,The data analytics tool has ceased to generate reports due to a software update.,Incident,Medium,Technical Support,Closed,46.0,2025-04-04 06:22:53,2025-04-06 04:22:53,Satisfied,True,Medium,Within SLA,April,2025,2,Friday,2,80,14
1352246154,Digital Strategies for Oracle Database Integration,"Dear Customer Support, I am reaching out to seek advice on digital strategies that can support the integration of Oracle Database 19c with Cassandra 4.0. Our company is a ... time and cooperation. Sincerely, [Your Name]",Request,Low,Returns and Exchanges,Pending,0.0,2025-03-03 04:23:27,,Frustrated,False,Unresolved,Within SLA,March,2025,1,Monday,1,219,36
1352246155,Multiple Digital Platforms Campaign Not Meeting Expectations,"Customer Support, I am reaching out to highlight a critical issue with our marketing agency's multi-product digital campaign. Despite our initial projections, the campaig ... cause and providing an appropriate solution.",Incident,High,Product Support,Closed,150.0,2023-10-29 05:15:14,2023-11-04 11:15:14,Satisfied,True,Slow,Breached,October,2023,4,Sunday,3,219,31
1352246156,Support Required for Integrating CCleaner,"Hello customer support team, we are seeking assistance with integrating the CCleaner project management SaaS platform. Could you offer detailed guidance on how to success ... needs. Thank you for your timely assistance.",Request,High,Technical Support,Closed,61.0,2024-06-26 17:39:14,2024-06-29 06:39:14,Neutral,True,Medium,Within SLA,June,2024,2,Wednesday,3,219,33
1352246157,Enhance Investment Analytics Software,Request to optimize investment analytics software to boost efficiency and performance across different hardware and software platforms.,Change,Low,Product Support,Closed,144.0,2024-06-29 09:56:48,2024-07-05 09:56:48,Neutral,True,Slow,Breached,June,2024,2,Saturday,1,135,17
1352246158,Enquiry Regarding API Integration for Project Management SaaS,"Customer Support, we are writing to inquire about the API integration capabilities of your project management SaaS platform. Could you please provide us with detailed inf ... to us. We are eagerly awaiting your response.",Request,High,Product Support,Closed,55.0,2025-09-29 15:51:29,2025-10-01 22:51:29,Frustrated,True,Medium,Within SLA,September,2025,3,Monday,3,220,35
1352246159,Problem with Project Management Dashboard,Customer Support is encountering intermittent access problems with the project management dashboard. Recent server updates might be the cause. Clearing the cache and veri ... rward to your prompt attention to this issue.,Incident,Medium,Product Support,Resolved,135.0,2023-08-18 10:16:34,2023-08-24 01:16:34,Neutral,True,Slow,Breached,August,2023,3,Friday,2,220,33
1352246160,Request for Security Support,"A security breach has been detected in the hospital's systems, potentially compromising the integrity of medical data. This may have occurred due to outdated software com ... critical issue and prevent further breaches.",Problem,Medium,Billing and Payments,Closed,10.0,2024-01-03 00:44:28,2024-01-03 10:44:28,Urgent,True,Fast,Within SLA,January,2024,1,Wednesday,2,219,33
1352246161,Concerning the Data Analytics Platform,"The data analytics platform is experiencing intermittent crashes, especially under heavy usage, which might be due to server overload or application bugs. Restarting appl ... d. We need your help to resolve this problem.",Incident,Medium,Technical Support,Closed,96.0,2023-06-09 16:49:50,2023-06-13 16:49:50,Urgent,True,Slow,Breached,June,2023,2,Friday,2,220,34
1352246162,,I am seeking documentation on integrating PHP 8.0 with PostgreSQL 13 for a scalable SaaS platform. Can you supply this information?,Request,Low,Human Resources,Closed,129.0,2023-08-16 11:50:10,2023-08-21 20:50:10,Frustrated,True,Slow,Breached,August,2023,3,Wednesday,1,131,21
1352246163,Support Request for SaaS Application Data Synchronization Issue,"A data synchronization issue has occurred in the SaaS application, impacting project management functionality. The issue may be related to recent updates to Oracle Databa ... nce is needed to resolve this issue promptly.",Incident,Low,Product Support,Closed,121.0,2024-02-02 15:11:13,2024-02-07 16:11:13,Neutral,True,Slow,Breached,February,2024,1,Friday,1,220,34
1352246164,Problem with Website Load Speed,The website is loading slowly because of limited resources and a high number of users accessing it simultaneously.,Incident,Medium,Technical Support,Closed,133.0,2023-11-03 10:49:33,2023-11-08 23:49:33,Frustrated,True,Slow,Breached,November,2023,4,Friday,2,114,18
1352246165,Challenge with Project Management Tools,"Multiple users have encountered difficulties with project management features not syncing across platforms, which may be due to inconsistencies in API integration. Effort ... tify the root cause and implement a solution.",Incident,Medium,Returns and Exchanges,Resolved,122.0,2023-09-27 12:30:44,2023-10-02 14:30:44,Neutral,True,Slow,Breached,September,2023,3,Wednesday,2,220,32
1352246166,Enhanced Data Visualization,"Customer Support, we are requesting the implementation of advanced data visualization tools to improve our investment analysis and decision-making processes. Our current ... usiness and we look forward to your response.",Change,Medium,Product Support,Closed,151.0,2025-07-24 19:03:43,2025-07-31 02:03:43,Neutral,True,Slow,Breached,July,2025,3,Thursday,2,219,31
1352246167,Support Needed for Investment Data Inconsistencies,The team is encountering issues with the investment data analytics outputs. The inconsistencies may be due to software incompatibility or configuration issues. Steps such ... ing this matter would be greatly appreciated.,Problem,High,Product Support,Resolved,126.0,2023-08-26 11:23:55,2023-08-31 17:23:55,Satisfied,True,Slow,Breached,August,2023,3,Saturday,3,220,32
1352246168,Discrepancy in Billing Amounts During Invoice Creation Process,"Dear Customer Support, I am reporting an issue with billing amounts displayed during the invoice generation process. Recently, users have observed incorrect amounts being ... know if you need any additional information.",Incident,Medium,Billing and Payments,Closed,84.0,2025-10-15 07:08:50,2025-10-18 19:08:50,Urgent,True,Slow,Breached,October,2025,4,Wednesday,2,219,32
1352246169,SaaS Platform Crash Related to Overload,"Hello Support Team, I am contacting you to report an unanticipated crash of our SaaS platform. It might be due to an overload from recent integrations. Despite restarting ... rd to your prompt resolution of this problem.",Problem,Medium,Customer Service,Closed,116.0,2023-04-28 01:22:25,2023-05-02 21:22:25,Urgent,True,Slow,Breached,April,2023,2,Friday,2,220,37
1352246170,Multiple Integration Failures Following Recent API Updates,"Dear Customer Support,\n\nWe are encountering issues with several integrations on our SaaS project management platform. These problems seem to be linked to the recent API ... w to proceed.\n\nBest regards,\n\n[Your Name]",Incident,High,Product Support,Resolved,44.0,2023-10-03 04:29:10,2023-10-05 00:29:10,Satisfied,True,Medium,Within SLA,October,2023,4,Tuesday,3,220,31
1352246171,Guidance on Securing Medical Data with PHP 8.0 in a Hospital Setting,Ensuring the security of medical data in a PHP 8.0 environment at a hospital necessitates careful thought. Could you offer some best practices for data encryption and secure storage?,Request,Medium,Customer Service,Closed,93.0,2025-09-02 11:37:37,2025-09-06 08:37:37,Neutral,True,Slow,Breached,September,2025,3,Tuesday,2,182,29
1352246172,Investment Support Inquiry,"Dear Customer Support, I hope this message finds you well. I am writing to draw your attention to a pressing matter concerning the discrepancies in my investment performa ... rompt assistance will be greatly appreciated.",Problem,Low,Customer Service,Closed,81.0,2025-02-06 14:01:04,2025-02-09 23:01:04,Satisfied,True,Slow,Breached,February,2025,1,Thursday,1,220,35
1352246173,Strategies for Expanding Digital Brand Influence and Innovating Products,Our company requires tailored digital strategies to enhance brand expansion and product innovation. Could you please provide guidance on the most effective methodologies?,Request,High,Sales and Pre-Sales,Closed,17.0,2024-12-21 17:25:26,2024-12-22 10:25:26,Neutral,True,Fast,Within SLA,December,2024,4,Saturday,3,170,23
1352246174,Support Inquiry Raised,We are experiencing a critical outage with our project management tools. New system updates have led to unexpected compatibility issues. Potential reasons may involve sof ... est urgent assistance to resolve this matter.,Incident,High,IT Support,Resolved,104.0,2025-05-25 17:34:55,2025-05-30 01:34:55,Satisfied,True,Slow,Breached,May,2025,2,Sunday,3,220,33
1352246175,Hospital Systems Security Breach Discovered,hospital systems security breach detected,Incident,High,Human Resources,Resolved,42.0,2025-06-19 04:08:10,2025-06-20 22:08:10,Neutral,True,Medium,Within SLA,June,2025,2,Thursday,3,41,5
1352246176,,"Dear Customer Support, I am encountering frequent delays when accessing our project dashboards. It seems that the issue might be due to increased traffic or server limita ... ow. Thank you in advance for your assistance.",Problem,High,Technical Support,Closed,43.0,2024-11-28 08:24:03,2024-11-30 03:24:03,Neutral,True,Medium,Within SLA,November,2024,4,Thursday,3,220,36
1352246177,HubSpot CRM Support Choices,"Respected Customer Support, I am contacting you to seek details on the support options for linking HubSpot CRM with Adobe Audition. I am eager to know the technical prere ... nd assistance. I eagerly await your response.",Request,High,Technical Support,Resolved,156.0,2025-11-24 02:29:47,2025-11-30 14:29:47,Satisfied,True,Slow,Breached,November,2025,4,Monday,3,220,37
1352246178,Enhancing Brand Growth with Digital Strategies,Is it possible to get details on how digital strategies can effectively boost brand growth?,Request,High,Customer Service,Closed,132.0,2025-05-26 21:46:44,2025-06-01 09:46:44,Frustrated,True,Slow,Breached,May,2025,2,Monday,3,91,15
1352246179,Support for Data Analytics Tools,Request for assistance in integrating data analytics tools with existing systems to enhance investment decision-making and improve reporting efficiency. Integration will ... the steps needed to initiate the integration.,Change,High,IT Support,Closed,3.0,2025-09-25 20:28:22,2025-09-25 23:28:22,Neutral,True,Fast,Within SLA,September,2025,3,Thursday,3,219,29
1352246180,Need Assistance with GIMP,Could offer advice on optimizing GIMP for data analytics contexts? Thank you!,Request,Low,Technical Support,Pending,0.0,2025-09-13 21:38:16,,Urgent,False,Unresolved,Within SLA,September,2025,3,Saturday,1,77,12
1352246181,Reported Problem with Medical Data Encryption,"Issue: Medical data encryption failed unexpectedly. Suspected reason: Possible software incompatibility issue. Actions taken: Restarted systems, updated PyTorch and Linux Mint.",Problem,Medium,Technical Support,Resolved,131.0,2025-08-28 03:51:34,2025-09-02 14:51:34,Urgent,True,Slow,Breached,August,2025,3,Thursday,2,176,21
1352246182,Comprehensive Insights into Data Analytics Solutions,"Customer Support, seeking detailed information on data analytics solutions to optimize investment strategies. Would greatly appreciate detailed information on the tools a ... istance. I look forward to hearing back soon.",Request,High,Technical Support,Closed,133.0,2024-05-17 02:04:35,2024-05-22 15:04:35,Urgent,True,Slow,Breached,May,2024,2,Friday,3,220,31
1352246183,Declining Engagement on the Platform,Brand engagement has notably decreased.,Incident,High,Returns and Exchanges,Resolved,100.0,2025-09-01 08:21:35,2025-09-05 12:21:35,Satisfied,True,Slow,Breached,September,2025,3,Monday,3,39,5
1352246184,Medical Information Exposed Through Software Glitch,Data confidentiality breached because of insecure system connection. Encryption standards not met. Systems were rebooted and security updates installed.,Incident,Medium,Product Support,Pending,0.0,2024-05-06 02:30:44,,Urgent,False,Unresolved,Within SLA,May,2024,2,Monday,2,152,19
1352246185,Team Collaboration,Seeking information on collaboration features and integrations within a project management SaaS platform to enhance teamwork and communication. Interested in details abou ... planation of the features and their benefits.,Request,Medium,Product Support,Resolved,49.0,2023-08-23 12:05:59,2023-08-25 13:05:59,Neutral,True,Medium,Within SLA,August,2023,3,Wednesday,2,220,30
1352246186,,"currently facing connectivity issues with several products, such as Smart-Garagentorffner and Elasticsearch. It seems recent software updates might have caused compatibi ... est your assistance in resolving this matter.",Incident,Medium,IT Support,Closed,57.0,2024-11-14 03:32:46,2024-11-16 12:32:46,Neutral,True,Medium,Within SLA,November,2024,4,Thursday,2,219,29
1352246187,Required Information on Integrating Google Nest Wifi Router with SaaS Project Management Tools,"Dear Customer Support, I am inquiring about the integration options for the Google Nest Wifi Router with our SaaS project management tools. Could you provide detailed inf ... s information. Thank you for your assistance.",Request,Medium,Customer Service,Closed,23.0,2023-04-17 01:53:46,2023-04-18 00:53:46,Satisfied,True,Fast,Within SLA,April,2023,2,Monday,2,220,35
1352246188,Issue Reported: Investment Analytics Platform Crashed,"Hello Customer Support, I need to inform you about a problem I encountered with the investment analytics platform. It unexpectedly stopped working, and I think it might h ... se. Thank you for your attention and support.",Problem,Medium,Customer Service,In Progress,0.0,2024-12-29 10:38:42,,Satisfied,False,Unresolved,Within SLA,December,2024,4,Sunday,2,220,37
1352246189,Frequent Connection Problems with SaaS Application Noted,"Dear Customer Support, we are encountering intermittent connection problems with the SaaS application during peak usage times. The root cause is suspected to be API rate ... ional information to facilitate this process.",Incident,Medium,Customer Service,In Progress,0.0,2024-11-17 22:42:41,,Urgent,False,Unresolved,Within SLA,November,2024,4,Sunday,2,219,33
1352246190,Technical Problem with SaaS Platform,Facing connectivity problems,Incident,Low,Product Support,Closed,51.0,2025-09-07 19:44:36,2025-09-09 22:44:36,Neutral,True,Medium,Within SLA,September,2025,3,Sunday,1,28,3
1352246191,System Specifications for Enhanced SaaS Efficiency,I am writing to request information on the necessary system requirements for optimal SaaS performance. Could you kindly share the recommended hardware and software specif ... for your time and assistance in this matter.,Request,Medium,Product Support,Closed,13.0,2024-04-15 09:57:50,2024-04-15 22:57:50,Frustrated,True,Fast,Within SLA,April,2024,2,Monday,2,219,34
1352246192,Security Concern Over Medical Data,"A healthcare provider faced unauthorized access attempts to medical data. This might be because of insufficient security measures. Password changes and firewall updates have been made, but the issues still persist.",Problem,Medium,Billing and Payments,Closed,121.0,2024-03-02 16:34:35,2024-03-07 17:34:35,Neutral,True,Slow,Breached,March,2024,1,Saturday,2,214,31
1352246193,,"The data analytics tool is intermittently failing to process investment data, which may be due to recent software updates or increased data volume. After restarting the s ... . Assistance is needed to resolve this issue.",Problem,Low,IT Support,Closed,9.0,2025-07-07 17:43:36,2025-07-08 02:43:36,Neutral,True,Fast,Within SLA,July,2025,3,Monday,1,220,36
1352246194,Latest Developments in Project Management SaaS Solutions,Could you provide specifics on the latest updates and features in project management SaaS applications? I am keen to learn about the new tools and functionalities that have been added recently.,Request,High,Service Outages and Maintenance,Closed,20.0,2023-03-29 06:14:54,2023-03-30 02:14:54,Urgent,True,Fast,Within SLA,March,2023,1,Wednesday,3,193,31
1352246195,Support for Malwarebytes SaaS Integration,Is there any information available on integrating Malwarebytes SaaS into project management? This would significantly improve our security workflow. I look forward to your assistance and a prompt response.,Request,Medium,Customer Service,Closed,99.0,2024-06-30 17:21:25,2024-07-04 20:21:25,Neutral,True,Slow,Breached,June,2024,2,Sunday,2,205,29
1352246196,Support for Smart Home Digital Marketing,Seeking insights into digital marketing strategies for promoting smart home devices. Would like to know more about methods to reach potential customers and increase brand ... forward to your assistance with this matter.,Request,High,Technical Support,In Progress,0.0,2025-02-27 02:53:24,,Urgent,False,Unresolved,Within SLA,February,2025,1,Thursday,3,219,33
1352246197,,"Customer support team, I am requesting detailed instructions for integrating Apache Hadoop 3.2.1 into our scalable project management SaaS. Our team is currently assessin ... please provide us with a comprehensive guide?",Request,Medium,Technical Support,Closed,127.0,2023-04-26 06:01:41,2023-05-01 13:01:41,Urgent,True,Slow,Breached,April,2023,2,Wednesday,2,220,32
1352246198,Technical Problem Report,"Dear Support Team,\n\nI am reaching out to report an issue I faced when using your SaaS service. When uploading a substantial file, the platform stopped functioning and b ... on and support.\n\nKind regards,\n[Your Name]",Incident,Medium,Product Support,Closed,88.0,2024-04-27 04:50:36,2024-04-30 20:50:36,Urgent,True,Slow,Breached,April,2024,2,Saturday,2,220,34
1352246199,Options for Integrating with JIRA,"Customer Support, requesting details on integration options for JIRA SaaS project management software. Could you provide information on how these tools are connected in v ... he security authentication measures in place.",Request,High,IT Support,Closed,162.0,2024-12-18 07:00:27,2024-12-25 01:00:27,Neutral,True,Slow,Breached,December,2024,4,Wednesday,3,220,32
1352246200,Multiple Integrations Experienced Unexpected Failures Today,"Hello Customer Support, I have encountered problems with multiple integrations that have failed at the same time. This situation might be related to the recent Docker upd ... tion. Thank you for your assistance and time.",Problem,Medium,Technical Support,Closed,68.0,2024-12-03 00:34:12,2024-12-05 20:34:12,Neutral,True,Medium,Within SLA,December,2024,4,Tuesday,2,220,36
1352246201,MongoDB 4.4 Integration Solutions,Can you provide detailed options for integrating MongoDB 4.4 into a scalable SaaS project management platform?,Request,Medium,Product Support,Closed,43.0,2023-02-28 10:05:59,2023-03-02 05:05:59,Frustrated,True,Medium,Within SLA,February,2023,1,Tuesday,2,110,16
1352246202,Exploring Payment Options for Annual Subscriptions,I would like to inquire about the different payment options for annual subscription plans. Could you please share details regarding the available payment methods and any ... harges or fees related to these annual plans.,Request,Medium,Billing and Payments,Resolved,6.0,2023-03-30 09:00:53,2023-03-30 15:00:53,Neutral,True,Fast,Within SLA,March,2023,1,Thursday,2,219,35
1352246203,Campaign Not Functional Causing Brand Visibility Issues,"Customer Support, I am reporting a crucial issue with the campaign on Squarespace. The campaign has stopped functioning, which is negatively affecting our brand's visibil ... know if you need any additional information.",Incident,High,Product Support,Closed,3.0,2024-07-26 19:32:02,2024-07-26 22:32:02,Satisfied,True,Fast,Within SLA,July,2024,3,Friday,3,219,33
1352246204,Secure Medical Data VR Device,Could you provide comprehensive specifications and security practices for securing medical data?,Request,High,Technical Support,Closed,27.0,2024-03-21 23:00:27,2024-03-23 02:00:27,Neutral,True,Medium,Within SLA,March,2024,1,Thursday,3,96,12
1352246205,,require assistance with integrating Mailchimp into Magento 2.4. seek insights to optimally enhance brand growth and ensure seamless synchronization for effective email marketing campaigns.,Request,High,Billing and Payments,Closed,37.0,2023-04-30 04:44:20,2023-05-01 17:44:20,Satisfied,True,Medium,Within SLA,April,2023,2,Sunday,3,188,24
1352246206,Ensuring Security of Medical Data Systems,Could you provide details on securing medical data in Microsoft Dynamics 365 for hospital IT? It's important to ensure HIPAA compliance and protect sensitive patient information.,Request,High,Customer Service,Closed,158.0,2025-09-28 10:54:28,2025-10-05 00:54:28,Frustrated,True,Slow,Breached,September,2025,3,Sunday,3,178,26
1352246207,Issue of Medical Data Inaccessibility Noted,"An incident led to medical data becoming inaccessible, possibly due to a billing error or system misconfigurations following updates. We have attempted to reconfigure acc ... issions and reviewed recent transaction logs.",Incident,Medium,Billing and Payments,Closed,110.0,2023-05-21 06:29:51,2023-05-25 20:29:51,Urgent,True,Slow,Breached,May,2023,2,Sunday,2,220,32
1352246208,Support for Analytics Tool,We are experiencing inconsistent results with the data analytics tool designed for investment optimization. This might be due to outdated algorithms or data discrepancies ... ss. Please assist us in resolving this issue.,Incident,Low,Customer Service,Closed,41.0,2025-08-13 09:10:28,2025-08-15 02:10:28,Urgent,True,Medium,Within SLA,August,2025,3,Wednesday,1,220,33
1352246209,Data Analytics Guidance,Could receive assistance in optimizing data analytics with MySQL 8.0 for investment strategies? Require support with querying and indexing.,Request,Medium,Product Support,In Progress,0.0,2025-07-11 20:54:03,,Frustrated,False,Unresolved,Within SLA,July,2025,3,Friday,2,139,19
1352246210,Facing Challenges with Digital Tool Integration,Encountering difficulties in integrating marketing strategies.,Problem,Medium,Product Support,Closed,100.0,2025-02-26 16:51:30,2025-03-02 20:51:30,Urgent,True,Slow,Breached,February,2025,1,Wednesday,2,62,6
1352246211,Concern Regarding Potential Data Security Incident,I have written to inform the healthcare provider about a potential data security breach that I experienced. Initial investigations suggest it may be due to outdated encry ... ata. I appreciate your updates on the matter.,Incident,Medium,Technical Support,Closed,74.0,2024-08-20 06:32:44,2024-08-23 08:32:44,Neutral,True,Slow,Breached,August,2024,3,Tuesday,2,220,36
1352246212,Details on Project Management Software,Can you share details on the integration capabilities and customization options for project management software? I need to ensure it can meet specific business needs and support various integration tools.,Request,Low,Customer Service,Resolved,58.0,2024-12-19 19:08:27,2024-12-22 05:08:27,Satisfied,True,Medium,Within SLA,December,2024,4,Thursday,1,204,30
1352246213,,"Dear Customer Support, I hope this message finds you well. I am reaching out to report an issue that has arisen with recent updates. Specifically, several integrations be ... e to ask. Thank you in advance for your help.",Problem,Medium,IT Support,Closed,164.0,2025-06-20 12:14:54,2025-06-27 08:14:54,Satisfied,True,Slow,Breached,June,2025,2,Friday,2,220,39
1352246214,Enhancement of Medical Data Security Measures,"Customer Support, I am submitting a request to improve security protocols for medical data within hospital systems. I recognize that safeguarding medical information is o ... tection systems, and encryption technologies.",Change,Low,General Inquiry,Closed,125.0,2025-05-11 02:24:43,2025-05-16 07:24:43,Neutral,True,Slow,Breached,May,2025,2,Sunday,1,220,31
1352246215,Enhancing Security for Medical Data in JBL Systems,Seeking detailed security measures to protect medical data within the JBL Quantum Duo system. Would appreciate comprehensive guidance and relevant documentation outlining ... nformation. Looking forward to your response.,Request,High,Technical Support,Closed,95.0,2023-03-05 17:26:15,2023-03-09 16:26:15,Urgent,True,Slow,Breached,March,2023,1,Sunday,3,220,29
1352246216,Issue with System during Operations,"There was a system disruption that impacted several software and hardware products, as well as data analytics operations. This could be due to software incompatibilities ... to discuss further. We appreciate your help.",Incident,Medium,Product Support,Closed,7.0,2024-11-29 15:17:15,2024-11-29 22:17:15,Urgent,True,Fast,Within SLA,November,2024,4,Friday,2,218,33
1352246217,,"Issue encountered with investment analysis tool while writing report. Tool failed to load data, leading to workflow disruptions. Restarted the application and checked dat ... oon as possible would be greatly appreciated.",Incident,High,Technical Support,Pending,0.0,2025-06-07 00:54:21,,Frustrated,False,Unresolved,Within SLA,June,2025,2,Saturday,3,220,32
1352246218,Incident of Unauthorized Access to Records,"Dear Customer Support, I am inquiring about an incident where our medical records were accessed without authorization. Our system has flagged a potential breach, which we ... d to your suggestions. Sincerely, [Your Name]",Incident,High,Product Support,Resolved,118.0,2025-10-09 14:15:42,2025-10-14 12:15:42,Neutral,True,Slow,Breached,October,2025,4,Thursday,3,220,34
1352246219,Digital Tools Functionality Issue,"Customer Support has been documenting problems with several of the company's digital tools, such as PowerPoint, JIRA, and Figma, which are not functioning properly. This ... oducts. Efforts to fix the issue are ongoing.",Incident,High,Technical Support,Resolved,168.0,2023-10-20 10:04:33,2023-10-27 10:04:33,Urgent,True,Slow,Breached,October,2023,4,Friday,3,219,34
1352246220,Assistance with Digital Marketing Strategies Urgently Required,"Our agency has noticed a downturn in client engagement, even after updating content and analyzing analytics, which showed some improvements.",Problem,Medium,Customer Service,Closed,73.0,2024-05-14 11:23:11,2024-05-17 12:23:11,Neutral,True,Slow,Breached,May,2024,2,Tuesday,2,140,20
1352246221,,"Customer Support, <br>Our marketing initiatives have faced challenges due to inconsistent access to digital tools. This may be due to recent updates or compatibility issu ... for your support. <br>Sincerely, [Your Name]",Incident,High,Product Support,Closed,67.0,2025-07-28 20:15:08,2025-07-31 15:15:08,Neutral,True,Medium,Within SLA,July,2025,3,Monday,3,219,32
1352246222,Issue with Excel Integration Resulting in Project Data Loss,"To the support team, I am reaching out to report an issue with the Excel integration, which has led to a loss of project data. The problem might be due to incompatible so ... ompt response. Thank you for your assistance.",Incident,Low,Product Support,Resolved,34.0,2025-01-08 20:44:07,2025-01-10 06:44:07,Frustrated,True,Medium,Within SLA,January,2025,1,Wednesday,1,220,41
1352246223,Difficulty in Brand Growth,"Marketing campaigns are not performing well. After reviewing the data, adjusting the ad spend has shown no significant improvement.",Incident,Medium,Technical Support,Closed,140.0,2025-02-17 20:19:40,2025-02-23 16:19:40,Urgent,True,Slow,Breached,February,2025,1,Monday,2,131,19
1352246224,Improving Project View for a Superior User Experience,I am reaching out to request the addition of advanced filtering options to the project view. This enhancement would significantly improve the user experience by allowing ... d be beneficial for all users if implemented.,Change,High,Product Support,Closed,37.0,2023-08-23 08:30:30,2023-08-24 21:30:30,Neutral,True,Medium,Within SLA,August,2023,3,Wednesday,3,219,35
1352246225,Problem with SaaS Subscription,I have run into a billing issue with my SaaS subscription. It's possible that recent updates or configuration changes have affected my account. I have already checked my ... al information you need to resolve the issue.,Incident,Medium,Billing and Payments,In Progress,0.0,2023-04-07 02:49:07,,Urgent,False,Unresolved,Within SLA,April,2023,2,Friday,2,219,37
1352246226,,"The digital campaign analytics have ceased to track user engagement, which may be related to a potential integration problem with the new Cassandra 4.0 database. Although ... les for any errors, the problem still exists.",Incident,Medium,Technical Support,Closed,160.0,2024-11-30 20:43:08,2024-12-07 12:43:08,Satisfied,True,Slow,Breached,November,2024,4,Saturday,2,220,35
1352246227,Urgent Support Needed for Reported Data Breach,"A data breach has been identified, affecting medical records.",Problem,Medium,Billing and Payments,Pending,0.0,2023-06-10 18:49:46,,Neutral,False,Unresolved,Within SLA,June,2023,2,Saturday,2,61,9
1352246228,Concern About Medical Data Access,An unexpected access request for medical data has been logged in the hospital system. This could have occurred due to outdated security protocols. After reviewing recent ... s to prevent similar incidents in the future.,Incident,Low,Technical Support,Resolved,163.0,2024-06-17 12:17:17,2024-06-24 07:17:17,Urgent,True,Slow,Breached,June,2024,2,Monday,1,219,35
1352246229,Enhancing Jira Software for Brand Growth,"Hello Customer Support, we are reaching out to inquire about optimizing Jira Software to enhance our brand growth strategies. We would appreciate insights on how to effec ... assistance. We look forward to your response.",Request,Medium,Product Support,Resolved,115.0,2023-05-12 00:01:04,2023-05-16 19:01:04,Urgent,True,Slow,Breached,May,2023,2,Friday,2,220,35
1352246230,Concerns About Data Analytics Application Performance,A financial firm is encountering occasional outages with its data analytics application. This might be due to conflicts between Docker containers and Kubernetes orchestra ... l persists. We need assistance to resolve it.,Incident,Medium,IT Support,Resolved,120.0,2025-02-22 18:57:00,2025-02-27 18:57:00,Satisfied,True,Slow,Breached,February,2025,1,Saturday,2,220,33
1352246231,Query on Billing Structure Details,"Hello Customer Support, I am writing to inquire about the billing structure of the SaaS platform. Could you provide detailed information on the different payment options ... tance. I am looking forward to your response.",Request,Low,Billing and Payments,Closed,102.0,2025-09-30 17:21:50,2025-10-04 23:21:50,Neutral,True,Slow,Breached,September,2025,3,Tuesday,1,219,35
1352246232,Assistance Required for Investment Support,"The investment optimization algorithm is generating inconsistent outputs due to market fluctuations. Despite recalibrating the inputs and testing various scenarios, the i ... olve the problem and ensure accurate outputs.",Problem,Medium,Product Support,In Progress,0.0,2023-09-26 01:27:45,,Satisfied,False,Unresolved,Within SLA,September,2023,3,Tuesday,2,220,30
1352246233,Problem with Software Access Today,Team members are facing disruptions with the essential software tools.,Incident,Medium,Human Resources,Closed,61.0,2023-03-02 19:19:27,2023-03-05 08:19:27,Satisfied,True,Medium,Within SLA,March,2023,1,Thursday,2,70,10
1352246234,Boost Business Growth,"Hello customer support, I am contacting you to seek advice on digital strategies that can help our marketing agency grow. We are interested in finding creative and effici ... Thank you for your consideration and support.",Request,Medium,Product Support,Closed,24.0,2024-01-20 20:33:19,2024-01-21 20:33:19,Neutral,True,Fast,Within SLA,January,2024,1,Saturday,2,220,36
1352246235,sudden unresponsiveness of company's data analytics systems,"systems are down, impacting investment optimization. Restarted devices and reviewed logs.",Problem,High,IT Support,Closed,95.0,2024-11-11 00:48:40,2024-11-14 23:48:40,Satisfied,True,Slow,Breached,November,2024,4,Monday,3,89,11
1352246236,Report on Data Security Incident Involving Medical Records,"There has been a data security incident affecting medical records due to a software vulnerability which might have exposed the records. Despite updating protocols and conducting scans, the issue still exists.",Incident,Medium,Technical Support,Closed,44.0,2024-11-13 14:49:54,2024-11-15 10:49:54,Frustrated,True,Medium,Within SLA,November,2024,4,Wednesday,2,208,31
1352246237,Support Request for Smart-Tracker Integration with Apache Hadoop 3.2.1,"Dear Support Team, I am writing to inquire about the integration process for Smart-Tracker with Apache Hadoop 3.2.1 for our project management. We are already utilizing A ... wait your response. Best regards, [Your Name]",Request,Low,Technical Support,Closed,112.0,2025-03-25 02:41:30,2025-03-29 18:41:30,Frustrated,True,Slow,Breached,March,2025,1,Tuesday,1,220,35
1352246238,Concern About Investment Analysis Tools,"We have encountered intermittent outages affecting the investment analysis tools, which might be due to overloaded servers. After attempting to reboot the systems and cle ... rgently and provide a possible solution soon.",Incident,Low,Service Outages and Maintenance,Closed,122.0,2025-03-23 01:27:33,2025-03-28 03:27:33,Urgent,True,Slow,Breached,March,2025,1,Sunday,1,220,33
1352246239,Report on System Malfunction: Impact on Medical Data Security,"A disruption in the system is currently impacting the security of medical data and hospital operations. The exact cause is unknown, but a recent software update or networ ... systems and contacted vendors for assistance.",Incident,Medium,Service Outages and Maintenance,Closed,23.0,2025-08-05 07:11:36,2025-08-06 06:11:36,Frustrated,True,Fast,Within SLA,August,2025,3,Tuesday,2,220,35
1352246240,Unanticipated Downtime Impacting Digital Marketing Tools Service,There was an unexpected downtime that impacted the digital marketing tools due to server overload.,Incident,Low,Technical Support,Closed,18.0,2023-09-04 14:29:15,2023-09-05 08:29:15,Frustrated,True,Fast,Within SLA,September,2023,3,Monday,1,98,15
1352246241,Seeking Assistance with Integrating TensorFlow in Ruby on Rails for Data Analytics,I need guidance on integrating TensorFlow with Ruby on Rails for data analytics. Could you provide resources and tutorials to help me get started?,Request,High,IT Support,Closed,72.0,2024-07-19 07:05:57,2024-07-22 07:05:57,Frustrated,True,Medium,Within SLA,July,2024,3,Friday,3,146,24
1352246242,Request for Integrating Malwarebytes and Kaspersky Security Features,I am interested in integrating Malwarebytes and Kaspersky security features into our project management SaaS platform to enhance its security and protect our users' data. ... num> to discuss these matters in more detail.,Change,Medium,Customer Service,Closed,159.0,2024-08-02 04:55:45,2024-08-08 19:55:45,Satisfied,True,Slow,Breached,August,2024,3,Friday,2,220,34
1352246243,Concern About Medical Data Access,"Facing problems in accessing the medical data system. The issue arose after the recent system update, and even after restarting the server and checking user permissions, ... upted access to critical medical information.",Incident,Medium,Technical Support,Closed,56.0,2024-03-15 11:02:13,2024-03-17 19:02:13,Urgent,True,Medium,Within SLA,March,2024,1,Friday,2,219,33
1352246244,Medical Data Breach Support Inquiry,"Respected Customer Support Team, I am contacting you to inform about a medical data breach found in our platform. Patient records have been accessed without authorization ... esponse to this issue. Sincerely, [Your Name]",Incident,Medium,Technical Support,Closed,49.0,2024-08-24 19:56:10,2024-08-26 20:56:10,Neutral,True,Medium,Within SLA,August,2024,3,Saturday,2,220,34
1352246245,Concerns About Marketing Campaigns,"There has been a notable decline in engagement with our digital marketing campaigns, which may be related to compatibility issues with recent software updates for Node.js ... for your assistance in resolving this matter.",Incident,High,Customer Service,In Progress,0.0,2024-09-27 00:01:39,,Satisfied,False,Unresolved,Within SLA,September,2024,3,Friday,3,220,34
1352246246,Concerns with Investment Data Integration Workflow,"Hello Customer Support, <br>The financial firm's data analytics tool is currently experiencing issues with integrating investment data from various sources, leading to di ... e would greatly appreciate a prompt response.",Problem,Low,Customer Service,Closed,162.0,2024-06-09 15:14:29,2024-06-16 09:14:29,Neutral,True,Slow,Breached,June,2024,2,Sunday,1,220,31
1352246247,,"Experiencing irregular data visualizations on the analytics dashboard, which might be due to a recent software update impacting Elasticsearch connectivity. Despite restar ... appreciate your help in resolving this issue.",Problem,Low,Technical Support,Resolved,126.0,2025-11-20 15:08:29,2025-11-25 21:08:29,Satisfied,True,Slow,Breached,November,2025,4,Thursday,1,220,30
1352246248,System Error Affecting Campaigns,There was an issue with the system that affected the campaigns. It seems there might have been a conflict with the recent software update on the tools. Rebooting and clearing the caches resolved the problem initially.,Incident,High,Technical Support,In Progress,0.0,2025-07-17 18:48:02,,Satisfied,False,Unresolved,Within SLA,July,2025,3,Thursday,3,217,36
1352246249,Request for Information on Data Analytics Tools,"Customer Support, I am reaching out to inquire about the data analytics tools that are available for financial firms. Could you provide information on the tools that can ... udies and testimonials from existing clients.",Request,High,Technical Support,Resolved,136.0,2023-03-23 08:19:40,2023-03-29 00:19:40,Frustrated,True,Slow,Breached,March,2023,1,Thursday,3,219,35
1352246250,Unexpected Crash and Data Loss,"Respected Customer Support, I am reaching out to address a problem I am facing with my laptop. Here is a detailed account of the issue: What happened: My laptop unexpecte ... ention and support. Respectfully, [Your Name]",Incident,High,IT Support,Closed,41.0,2025-09-07 01:09:22,2025-09-08 18:09:22,Frustrated,True,Medium,Within SLA,September,2025,3,Sunday,3,220,37
1352246251,Support for Security Incident Involving Medical Data,"A security breach has been detected, which might have exposed medical data due to a software vulnerability in Express.js. We have applied patches and strengthened user authentication methods to prevent future breaches.",Incident,Medium,IT Support,Closed,104.0,2025-10-02 13:17:34,2025-10-06 21:17:34,Frustrated,True,Slow,Breached,October,2025,4,Thursday,2,218,32
1352246252,Notification of Login Challenges,Several users are encountering login difficulties on the SaaS platform. This problem might be related to recent system updates that have impacted user authentication. So ... onal information needed to resolve the issue.,Incident,High,IT Support,Closed,68.0,2024-06-03 20:37:55,2024-06-06 16:37:55,Frustrated,True,Medium,Within SLA,June,2024,2,Monday,3,219,33
1352246253,Recurring Sync Issues in Various Products,"Customers frequently encounter sync issues across different products, which impacts project updates and collaboration efficiency. Potential reasons include server overloa ... erver logs, but the issue remains unresolved.",Problem,Medium,Customer Service,Closed,138.0,2023-04-13 09:22:19,2023-04-19 03:22:19,Frustrated,True,Slow,Breached,April,2023,2,Thursday,2,220,28
1352246254,Guidance on Optimizing Investment Strategies Using Data Analytics,"Dear Customer Support, I am writing to request assistance in optimizing my investment strategies through the use of data analytics. The abundance of data available can be ... d to your response. Best regards, [Your Name]",Request,High,Product Support,Closed,139.0,2024-05-27 03:45:44,2024-06-01 22:45:44,Neutral,True,Slow,Breached,May,2024,2,Monday,3,220,36
1352246255,,The healthcare provider encountered problems accessing data across several devices and services. A potential security breach or misconfiguration is suspected. Devices hav ... the problem to prevent service interruptions.,Incident,Medium,Product Support,Closed,81.0,2023-05-27 19:26:13,2023-05-31 04:26:13,Frustrated,True,Slow,Breached,May,2023,2,Saturday,2,220,29
1352246256,Guidance on Data Security,I require advice on encryption techniques to protect sensitive patient information. Could you share best practices and recommended tools for this purpose?,Request,High,Technical Support,Closed,158.0,2025-05-16 18:22:34,2025-05-23 08:22:34,Urgent,True,Slow,Breached,May,2025,2,Friday,3,154,22
1352246257,Assistance Required for Digital Marketing Campaign Challenges,"Customer Support, <br>Our digital marketing campaign aimed to drive traffic growth, but the results from ineffective targeting strategies are not as expected. After revie ... ic growth. <br>Thank you for your assistance.",Incident,Medium,Customer Service,Closed,107.0,2025-11-19 19:48:54,2025-11-24 06:48:54,Neutral,True,Slow,Breached,November,2025,4,Wednesday,2,220,32
1352246258,,"Customer support, recently identified unauthorized access to hospital systems, posing a threat to the security of medical data. This issue might be due to vulnerabilities ... and necessary updates to the infrastructure.",Problem,High,Customer Service,Resolved,96.0,2024-08-23 12:09:29,2024-08-27 12:09:29,Urgent,True,Slow,Breached,August,2024,3,Friday,3,219,32
1352246259,,A healthcare provider encountered problems accessing data across multiple devices and services. A potential misconfiguration or security breach is suspected. After restar ... e the problem to avoid service interruptions.,Incident,Medium,Product Support,Resolved,25.0,2024-03-17 09:46:01,2024-03-18 10:46:01,Frustrated,True,Medium,Within SLA,March,2024,1,Sunday,2,220,30
1352246260,,"Customer Support, reporting a serious incident that compromised the security of medical data on hospital systems. There was unauthorized access, which may have been due t ... tional information to facilitate our support.",Incident,High,Human Resources,Closed,162.0,2024-01-27 11:05:01,2024-02-03 05:05:01,Urgent,True,Slow,Breached,January,2024,1,Saturday,3,220,33
1352246261,Security Incident in Hospital IT Systems,Faced unauthorized access to medical records despite existing security protocols. This could be due to vulnerabilities in the hospital's IT systems. Efforts to address th ... o resolve this issue and secure patient data.,Problem,Low,Technical Support,Closed,2.0,2025-10-16 22:28:59,2025-10-17 00:28:59,Satisfied,True,Fast,Within SLA,October,2025,4,Thursday,1,220,34
1352246262,Support Required for Digital Marketing with Mailchimp,Could you offer details on integrating Mailchimp's digital marketing strategies? We aim to enhance our email campaigns and automate the workflow. Thank you for your assis ... rt; we look forward to hearing from you soon.,Request,High,IT Support,Resolved,59.0,2025-07-25 06:18:53,2025-07-27 17:18:53,Urgent,True,Medium,Within SLA,July,2025,3,Friday,3,220,36
1352246263,Problems Identified with Data Integration,Faced challenges with data integration; efforts to resolve the problem have been unsuccessful so far.,Incident,Low,Customer Service,Closed,116.0,2023-08-22 14:19:26,2023-08-27 10:19:26,Urgent,True,Slow,Breached,August,2023,3,Tuesday,1,101,15
1352246264,Urgent Assistance Required for Critical Error in Data Analysis,"A critical error has occurred during data analysis, leading to delays in investment optimization decisions. Incompatible software versions or data format issues could be ... esolve this matter and prevent future delays.",Incident,High,Technical Support,Closed,94.0,2024-06-01 20:38:15,2024-06-05 18:38:15,Urgent,True,Slow,Breached,June,2024,2,Saturday,3,219,32
1352246265,Setup Assistance,"Seeking guidance on configuring PHP 8.0 data analytics tools on Windows and Mac Mini platforms. Can you supply detailed, step-by-step instructions for installing and sett ... compatibility concerns we should be aware of.",Request,Medium,IT Support,Resolved,137.0,2023-05-07 14:36:51,2023-05-13 07:36:51,Satisfied,True,Slow,Breached,May,2023,2,Sunday,2,220,33
1352246266,Project Integration Malfunction,Integrations have encountered issues,Incident,Medium,Product Support,Closed,52.0,2025-06-24 06:06:13,2025-06-26 10:06:13,Urgent,True,Medium,Within SLA,June,2025,2,Tuesday,2,36,4
1352246267,Frequent Crashes of the Investment Optimization Tool,"The tool crashes during data analysis. Despite attempts to restart and reallocate resources, the problems continue.",Incident,High,Technical Support,Closed,70.0,2025-10-27 21:15:09,2025-10-30 19:15:09,Neutral,True,Medium,Within SLA,October,2025,4,Monday,3,115,16
1352246268,Problem with System Accuracy,"There was a decrease in the accuracy of the data analytics system, specifically in investment optimization, possibly because of recent software updates. Troubleshooting s ... o resolve it and restore optimal performance.",Incident,High,Returns and Exchanges,Pending,0.0,2023-08-08 16:49:55,,Urgent,False,Unresolved,Within SLA,August,2023,3,Tuesday,3,220,32
1352246269,Problem with Sound,"A compatibility issue has arisen with the ASUS Xonar AE Soundcard on Ubuntu 20.04 LTS, impacting audio output. Recent updates might have caused driver conflicts.",Incident,Medium,Returns and Exchanges,Resolved,53.0,2024-06-27 10:15:51,2024-06-29 15:15:51,Neutral,True,Medium,Within SLA,June,2024,2,Thursday,2,161,25
1352246270,Assistance with Integrating Third-Party Tools,"Hello Customer Support, we are inquiring about integrating third-party tools with our project management SaaS. Could you provide some guidance on the matter? We would gre ... e look forward to hearing back from you soon.",Request,High,Service Outages and Maintenance,Resolved,49.0,2024-04-26 22:16:38,2024-04-28 23:16:38,Urgent,True,Medium,Within SLA,April,2024,2,Friday,3,220,36
1352246271,Multiple Product Interruptions Disrupting Services,"Dear Support Team,\n\nWe are currently experiencing several disruptions across our products, which are affecting scanning capabilities, device connections, and access to ... you for your prompt attention to this matter.",Incident,High,Technical Support,Closed,18.0,2025-10-16 03:29:33,2025-10-16 21:29:33,Urgent,True,Fast,Within SLA,October,2025,4,Thursday,3,219,30
1352246272,Enhancing Investment Strategies with DataRobot,"Hello, I am reaching out to your support team to inquire about optimizing investments using DataRobot's financial analytics. Could you provide detailed information on how ... trate the effectiveness of DataRobot's tools?",Request,Medium,Billing and Payments,Pending,0.0,2025-12-21 01:13:13,,Frustrated,False,Unresolved,Within SLA,December,2025,4,Sunday,2,220,32
1352246273,Incident of Medical Data Breach Today,The medical data breach happened because of inadequate encryption measures,Problem,Medium,Technical Support,Closed,115.0,2025-10-25 14:11:16,2025-10-30 09:11:16,Frustrated,True,Slow,Breached,October,2025,4,Saturday,2,74,10
1352246274,Query on Digital Strategy Services Payment Terms,I'm writing to seek details on the payment conditions for digital strategy services. Could you kindly furnish me with more information? It would be greatly appreciated if ... scounts are available for extended contracts.,Request,High,Billing and Payments,Closed,165.0,2024-08-31 21:15:10,2024-09-07 18:15:10,Urgent,True,Slow,Breached,August,2024,3,Saturday,3,220,34
1352246275,Concern with Investment Optimization Model,"Dear Customer Support,\n\nI am writing to draw your attention to an issue with the investment optimization model. An unexpected data discrepancy has occurred, which I bel ... solution. I kindly request prompt assistance.",Incident,Medium,Product Support,Resolved,83.0,2023-07-20 07:39:58,2023-07-23 18:39:58,Neutral,True,Slow,Breached,July,2023,3,Thursday,2,220,33
1352246276,Request for a Comprehensive Overview of Marketing Services,"Dear Customer Support Team,\n\nI hope this message reaches you well. I am writing to request an in-depth overview of the marketing services provided by your organization. ... ckages available, along with pricing options?",Request,Medium,Customer Service,Closed,131.0,2025-07-13 08:44:41,2025-07-18 19:44:41,Frustrated,True,Slow,Breached,July,2025,3,Sunday,2,220,33
1352246277,,"Customer Support reports experiencing system outages impacting several integrated products. The issue may be linked to the recent MySQL 8.0 update, which could be causing ... e the issue promptly. Please keep us updated.",Incident,High,Technical Support,Closed,79.0,2023-05-12 14:33:13,2023-05-15 21:33:13,Satisfied,True,Slow,Breached,May,2023,2,Friday,3,220,34
1352246278,Enquire About Benefits of Digital Strategy Services for Brand Growth,Is it possible to get information on how digital strategy services can benefit brand growth?,Request,Low,Technical Support,Closed,81.0,2024-04-25 22:02:57,2024-04-29 07:02:57,Neutral,True,Slow,Breached,April,2024,2,Thursday,1,92,15
1352246279,Details on PrestaShop Integration,I am interested in learning about the integration capabilities within the PrestaShop project management SaaS. Could you provide details on how the two systems work togeth ... benefits can I expect from this integration?,Request,High,Returns and Exchanges,Closed,51.0,2025-05-18 06:07:30,2025-05-20 09:07:30,Satisfied,True,Medium,Within SLA,May,2025,2,Sunday,3,219,34
1352246280,,"Customer Support, seeking detailed insights into the data analytics service capabilities that can optimize investment strategies. Would greatly appreciate information on ... assistance. Looking forward to your response.",Request,Medium,Product Support,Closed,134.0,2024-08-08 03:37:20,2024-08-13 17:37:20,Neutral,True,Slow,Breached,August,2024,3,Thursday,2,219,28
1352246281,Severe Malfunction in Data Analytics System,"Respected support group, I am contacting you to bring to your attention a major problem with our data analytics system. The system experienced a failure earlier today, wh ... waiting your response. Sincerely, [Your Name]",Incident,High,Technical Support,Closed,40.0,2025-09-26 15:10:03,2025-09-28 07:10:03,Urgent,True,Medium,Within SLA,September,2025,3,Friday,3,220,35
1352246282,Integration encountered issues after updates,Services were restarted,Incident,Low,Technical Support,Resolved,6.0,2024-05-25 06:29:36,2024-05-25 12:29:36,Satisfied,True,Fast,Within SLA,May,2024,2,Saturday,1,23,3
1352246283,Support Inquiry for Data Breach,"A data breach has been identified, potentially jeopardizing sensitive medical information. It may have occurred due to outdated security measures. Initial efforts to secu ... . Please provide the necessary steps to take.",Incident,High,Technical Support,Closed,79.0,2023-07-18 12:29:48,2023-07-21 19:29:48,Urgent,True,Slow,Breached,July,2023,3,Tuesday,3,220,33
1352246284,Assistance with Website Traffic Decline,Our marketing agency has noticed a sudden drop in website traffic and conversion rates. This may be due to recent algorithm changes or technical issues with the site. We ... hooting and would appreciate your assistance.,Incident,High,Technical Support,Closed,23.0,2025-11-06 23:45:00,2025-11-07 22:45:00,Neutral,True,Fast,Within SLA,November,2025,4,Thursday,3,219,36
1352246285,Problem Loading Data Analytics Dashboard,"The Data Analytics dashboard has encountered a failure to load, which may be due to a server overload or a connectivity issue.",Incident,Low,Product Support,Closed,81.0,2025-12-27 19:26:02,2025-12-31 04:26:02,Urgent,True,Slow,Breached,December,2025,4,Saturday,1,126,22
1352246286,,"Dear Customer Support, I am inquiring about optimizing investment strategies using data analytics products and services. Could you provide insights and leverage the tools ... nce. I look forward to hearing from you soon.",Request,High,Billing and Payments,Closed,40.0,2025-11-30 18:06:08,2025-12-02 10:06:08,Urgent,True,Medium,Within SLA,November,2025,4,Sunday,3,220,34
1352246287,Performance Issues with Analytics Software Suite,Experienced slow performance with analytics software,Problem,Low,Technical Support,Closed,38.0,2025-03-28 17:21:58,2025-03-30 07:21:58,Satisfied,True,Medium,Within SLA,March,2025,1,Friday,1,52,6
1352246288,Query for Details on Airtable Integration Billing Plans,Is it possible to get information on the billing plans for the Airtable integration in our project management SaaS? I would appreciate any details on pricing and available discounts.,Request,Low,Billing and Payments,Closed,149.0,2023-05-26 04:10:44,2023-06-01 09:10:44,Urgent,True,Slow,Breached,May,2023,2,Friday,1,182,29
1352246289,,"Dear Customer Support, we are encountering difficulties with accessing specific digital platforms which is hampering our campaign management. Recent system updates could ... his matter and look forward to your response.",Incident,Low,Technical Support,Closed,139.0,2025-09-30 13:33:03,2025-10-06 08:33:03,Neutral,True,Slow,Breached,September,2025,3,Tuesday,1,219,31
1352246290,Secure Data Transfer Experienced Issues Recently,"Respected Customer Support Team, I am encountering a problem with secure data transmission. The transfer encountered an unexpected failure, and I believe it could be beca ... from me. Thank you for your time and support.",Problem,Medium,Billing and Payments,Closed,103.0,2025-11-07 12:24:46,2025-11-11 19:24:46,Frustrated,True,Slow,Breached,November,2025,4,Friday,2,220,36
1352246291,,seeking assistance in exploring the role of data analytics in enhancing investment strategies for our products. Would like to know if data analytics can offer insights th ... s of data analytics in investment strategies.,Request,Medium,Product Support,Closed,38.0,2024-10-19 17:44:00,2024-10-21 07:44:00,Urgent,True,Medium,Within SLA,October,2024,4,Saturday,2,220,35
1352246292,Guidance Needed for Integrating Google Translate with WordPress for Multilingual Support,I am writing to request assistance in integrating Google Translate with WordPress to support multiple languages. My goal is to make my website accessible to a wider audie ... an provide to make my website more inclusive.,Request,Medium,IT Support,Pending,0.0,2025-02-28 21:49:29,,Neutral,False,Unresolved,Within SLA,February,2025,1,Friday,2,220,37
1352246293,Sharp Decline in Employee Engagement Noted,"Respected Customer Support Team, I am contacting you to report a sudden decrease in employee engagement. The team's enthusiasm has notably diminished, and we are uncertai ... an provide. Thank you for your time and help.",Problem,Medium,Human Resources,In Progress,0.0,2024-07-16 01:55:45,,Frustrated,False,Unresolved,Within SLA,July,2024,3,Tuesday,2,220,36
1352246294,Encountered Issue with Payment Processing,I am reaching out to inform you about an unforeseen error during the payment processing. This error could be related to outdated software or a configuration problem. I ha ... tigation and prompt resolution of this issue.,Incident,High,Billing and Payments,In Progress,0.0,2023-01-29 07:41:01,,Satisfied,False,Unresolved,Within SLA,January,2023,1,Sunday,3,220,37
1352246295,Approaches for Enhancing Digital Brand Expansion,Digital tactics propel brand expansion,Request,Low,Customer Service,In Progress,0.0,2024-07-17 06:37:15,,Satisfied,False,Unresolved,Within SLA,July,2024,3,Wednesday,1,38,5
1352246296,,"A financial organization has encountered delays in data processing, which is impacting their investment optimization efforts. The delays may be due to compatibility issue ... is issue promptly to reduce potential losses.",Incident,Low,Technical Support,Closed,159.0,2024-04-24 19:21:42,2024-05-01 10:21:42,Urgent,True,Slow,Breached,April,2024,2,Wednesday,1,220,32
1352246297,Unexpected Failure in Data Encryption Process Today,I am contacting you to report an issue with our data encryption service. The encryption process failed unexpectedly. Despite restarting the servers and reviewing the sett ... inform me if you require additional details.,Problem,High,Technical Support,Closed,105.0,2023-10-08 00:41:19,2023-10-12 09:41:19,Frustrated,True,Slow,Breached,October,2023,4,Sunday,3,219,34
1352246298,Support Brand Engagement Concern,"Noticing a decline in brand engagement, could you please share specific metrics and details of the areas where there has been a drop? This will help us better understand ... his conversation by sending us your response.",Incident,High,Product Support,Resolved,105.0,2023-11-29 17:40:52,2023-12-04 02:40:52,Urgent,True,Slow,Breached,November,2023,4,Wednesday,3,219,37
1352246299,Assistance Request for Zoom Connection Issues,"I am reaching out for support regarding the problems I encountered during a recent data analysis meeting using Zoom. The call was frequently dropped, which has significan ... tional steps to take to resolve this problem?",Incident,Medium,Technical Support,Closed,44.0,2024-06-14 20:42:18,2024-06-16 16:42:18,Neutral,True,Medium,Within SLA,June,2024,2,Friday,2,220,36
1352246300,Support Concern Regarding ClickUp Integration,There seems to be an integration problem with DocuSign that has affected the document sign-off process. It might be due to recent updates.,Incident,Low,Technical Support,Closed,29.0,2025-01-25 09:29:38,2025-01-26 14:29:38,Frustrated,True,Medium,Within SLA,January,2025,1,Saturday,1,138,23
1352246301,Enhance Digital Growth Strategies,Request assistance in optimizing digital strategies utilizing Microsoft Azure and Zapier to enhance brand growth and market reach. Need help in integrating tools to strea ... ation? Looking forward to your response soon.,Change,Medium,Technical Support,Closed,10.0,2023-10-26 06:28:26,2023-10-26 16:28:26,Frustrated,True,Fast,Within SLA,October,2023,4,Thursday,2,220,33
1352246302,Enhance Digital Marketing Content Creation,"Hello Customer Support, I am contacting you to seek information on how to integrate streaming equipment with Zoom and WordPress to boost our digital marketing content cre ... ration and support. Kind regards, [Your Name]",Change,High,Technical Support,Closed,54.0,2023-12-18 22:08:12,2023-12-21 04:08:12,Urgent,True,Medium,Within SLA,December,2023,4,Monday,3,220,35
1352246303,Secure Medical Data in Salesforce,"Inquiring about securing medical data in Salesforce CRM, specifically its integration with Norton 360. Looking for guidance on best practices for implementing this integr ... ons or resources that could help get started.",Request,High,IT Support,Closed,162.0,2023-08-02 16:48:29,2023-08-09 10:48:29,Urgent,True,Slow,Breached,August,2023,3,Wednesday,3,220,33
1352246304,Trouble with Digital Strategy Tools Access,Facing sporadic difficulties accessing digital strategy tools. This could be related to server maintenance or network fluctuations. After clearing the cache and restartin ... iate prompt assistance to resolve this issue.,Incident,Low,Service Outages and Maintenance,Closed,101.0,2023-08-29 16:46:29,2023-09-02 21:46:29,Satisfied,True,Slow,Breached,August,2023,3,Tuesday,1,220,31
1352246305,Problem with Delay in Adobe Creative Cloud Services,"Noted a delay in accessing Adobe Creative Cloud services, which has affected project timelines. This delay may have been caused by recent maintenance updates.",Incident,Low,Customer Service,Pending,0.0,2023-04-30 20:55:22,,Satisfied,False,Unresolved,Within SLA,April,2023,2,Sunday,1,158,24
1352246306,Asking for Updates on Digital Strategy Tools,I am writing to request updates on our digital strategy tools. The current tools provide the necessary insights for tracking brand growth and analytics integration. Howev ... ential updates and enhancements to the tools.,Change,Medium,Technical Support,Closed,107.0,2024-04-04 11:55:43,2024-04-08 22:55:43,Frustrated,True,Slow,Breached,April,2024,2,Thursday,2,220,34
1352246307,Enhancing Data Analytics Services on Google Cloud,Looking to seek advice on optimizing data analytics investments using Google Cloud Platform. Could you provide recommendations and practices for effectively utilizing Goo ... ? Your guidance would be greatly appreciated.,Request,High,Technical Support,Closed,73.0,2023-06-07 02:48:03,2023-06-10 03:48:03,Frustrated,True,Slow,Breached,June,2023,2,Wednesday,3,220,31
1352246308,Support Needed for Unauthorized Access Attempt,"An unauthorized access attempt has been detected in the secured healthcare data system. It may have occurred due to a software vulnerability. Logs have been analyzed, and ... pport in conducting a thorough investigation.",Incident,Medium,Returns and Exchanges,Closed,134.0,2025-02-27 16:02:39,2025-03-05 06:02:39,Neutral,True,Slow,Breached,February,2025,1,Thursday,2,220,34
1352246309,Details on Medical Data Security Services,Could you provide more information on the services you offer for securing medical data in hospital solutions? This should include details on compliance measures and prote ... ers. I look forward to hearing back from you.,Request,Medium,Billing and Payments,Closed,116.0,2025-04-18 12:06:44,2025-04-23 08:06:44,Satisfied,True,Slow,Breached,April,2025,2,Friday,2,220,36
1352246310,Ensuring Medical Data Security in Healthcare,"Customer Support, please address the security measures in place for protecting medical data using Zapier and Zoho CRM in the healthcare IT sector. As healthcare organizat ... urity standards would be greatly appreciated.",Request,Medium,Returns and Exchanges,Closed,5.0,2025-03-28 22:31:19,2025-03-29 03:31:19,Satisfied,True,Fast,Within SLA,March,2025,1,Friday,2,220,33
1352246311,Decrease in Digital Engagement Due to Algorithm Updates,"The marketing agency experienced a decline in digital engagement, likely attributable to recent updates in the platform's algorithms. Despite modifying content and increa ... re, there has been no noticeable improvement.",Incident,Medium,Product Support,In Progress,0.0,2023-02-28 15:19:42,,Frustrated,False,Unresolved,Within SLA,February,2023,1,Tuesday,2,220,31
1352246312,Enhancing Google Meet for Team Efficiency,Could you provide more information on how to optimize Google Meet for better team collaboration? I am interested in learning about the features and tools available to enh ... latform and enhance our team's collaboration.,Request,High,Technical Support,Resolved,82.0,2025-10-25 06:30:38,2025-10-28 16:30:38,Satisfied,True,Slow,Breached,October,2025,4,Saturday,3,220,35
1352246313,Concerns About Audio Quality During Team Meetings,"Customer Support, we are experiencing issues with audio quality during our team meetings on Microsoft Teams. The audio quality has significantly deteriorated, leading to ... le time to call and troubleshoot the problem.",Incident,Medium,Technical Support,Closed,45.0,2024-06-07 03:29:08,2024-06-09 00:29:08,Neutral,True,Medium,Within SLA,June,2024,2,Friday,2,219,33
1352246314,Concern Regarding Product Performance,"Multiple products, such as software and hardware, are facing performance issues. These problems might be related to compatibility issues with recent updates. Despite atte ... iate any assistance in resolving this matter.",Problem,High,Returns and Exchanges,In Progress,0.0,2025-08-18 01:52:59,,Satisfied,False,Unresolved,Within SLA,August,2025,3,Monday,3,220,32
1352246315,Inquiry on Pricing Options for HubSpot CRM and Adobe After Effects 2021,I am writing to request information regarding the pricing options for HubSpot CRM and Adobe After Effects 2021. Could you kindly provide me with details on the different ... ucts together? Thank you for your assistance.,Request,Low,Billing and Payments,Closed,54.0,2023-07-23 13:51:44,2023-07-25 19:51:44,Frustrated,True,Medium,Within SLA,July,2023,3,Sunday,1,219,36
1352246316,Problem Detected in Investments Dashboard,"Hello Customer Support, <br>There is an issue with my investments dashboard that I am reporting to you. The dashboard is not refreshing, and I believe it could be a resul ... >I appreciate your attention and cooperation.",Incident,Medium,Customer Service,Closed,38.0,2025-07-16 18:57:40,2025-07-18 08:57:40,Neutral,True,Medium,Within SLA,July,2025,3,Wednesday,2,220,37
1352246317,Request for Enhancing Integration Features in Smart-Wassermelder SaaS,"Currently, the integration in the Smart-Wassermelder SaaS project management tool is limited, which hinders the provision of a seamless user experience. I am proposing th ... enhancements would greatly benefit the tool.",Change,High,Technical Support,Resolved,39.0,2024-08-08 05:08:05,2024-08-09 20:08:05,Frustrated,True,Medium,Within SLA,August,2024,3,Thursday,3,219,32
1352246318,Challenges with Device Software Integration,"Dear Customer Support,\n\nI am encountering ongoing difficulties with software integration on my Microsoft Surface Pro 8, particularly related to Office 365 collaborative ... highly valued.\n\nBest regards,\n[Your Name]",Problem,High,Sales and Pre-Sales,Closed,122.0,2023-08-28 14:57:35,2023-09-02 16:57:35,Frustrated,True,Slow,Breached,August,2023,3,Monday,3,219,27
1352246319,Investment Model Failure,The investment forecasting model has encountered issues because of erroneous data analytics input.,Incident,Medium,Returns and Exchanges,Closed,168.0,2023-09-10 01:00:52,2023-09-17 01:00:52,Urgent,True,Slow,Breached,September,2023,3,Sunday,2,98,13
1352246320,,"Dear Customer Support, <br><br>I am inquiring about the data analytics tools your company employs to optimize investment portfolios for financial institutions. As a repre ... sistance.<br><br>Best regards,<br>[Your Name]",Request,Low,Product Support,In Progress,0.0,2023-10-08 22:25:34,,Neutral,False,Unresolved,Within SLA,October,2023,4,Sunday,1,220,28
1352246321,Concerns about the Performance of the Data Analytics Platform,The financial firm's data analytics platform is currently facing performance challenges that are impeding the optimization of investments. This may be due to database ove ... d applications and optimizing server queries.,Incident,High,Technical Support,Closed,65.0,2025-12-12 07:09:27,2025-12-15 00:09:27,Neutral,True,Medium,Within SLA,December,2025,4,Friday,3,220,32
1352246322,QuickBooks Integration Problem,Facing issues with integrating QuickBooks Online and Smartsheet. The problem may have arisen due to incompatible software updates. Despite our efforts to sync the applica ... know if you need any additional information.,Problem,Medium,IT Support,Closed,1.0,2025-08-28 12:00:47,2025-08-28 13:00:47,Neutral,True,Fast,Within SLA,August,2025,3,Thursday,2,219,33
1352246323,JIRA Software Integration Inquiry,"Hello Customer Support, I am writing to ask about the integrations that are available for JIRA Software with other tools and devices. My goal is to find integrations that ... sibilities. Thank you for your time and help.",Request,Low,Customer Service,Closed,99.0,2023-09-15 03:44:50,2023-09-19 06:44:50,Urgent,True,Slow,Breached,September,2023,3,Friday,1,220,38
1352246324,Problem with Data Retrieval and Analytics System,Users have faced issues retrieving data for investment analytics optimization. The problem may be related to database connectivity errors. After attempting to restart the ... Assistance is needed to resolve this problem.,Incident,Medium,Product Support,Closed,140.0,2024-11-10 21:38:50,2024-11-16 17:38:50,Neutral,True,Slow,Breached,November,2024,4,Sunday,2,220,32
1352246325,SaaS Application Experienced Unexpected Failure,"Greetings Customer Support Team, <br>I hope this message finds you well. I am contacting you to report a recent issue with the SaaS application. It unexpectedly crashed, ... me and support. <br>Best regards, [Your Name]",Problem,High,Technical Support,Closed,158.0,2023-03-09 20:58:18,2023-03-16 10:58:18,Frustrated,True,Slow,Breached,March,2023,1,Thursday,3,219,35
1352246326,Boost Security Measures for Medical Data Protection,"Dear Customer Support, I am writing to request improvements in security protocols that will better safeguard the medical data in our hospital's systems. It is crucial to ... this important matter is highly appreciated.",Change,Low,General Inquiry,Closed,129.0,2024-09-30 05:55:09,2024-10-05 14:55:09,Urgent,True,Slow,Breached,September,2024,3,Monday,1,218,34
1352246327,Security,"Dear Customer Support, I am reaching out to inquire about the security protocols you have in place to protect medical data. As a valued customer, I want to ensure that my ... ance. I look forward to your prompt response.",Request,Medium,Customer Service,Closed,137.0,2024-07-19 22:03:59,2024-07-25 15:03:59,Urgent,True,Slow,Breached,July,2024,3,Friday,2,220,40
1352246328,Unusual System Lag During Recent Data Analysis,suffered from system lag during data analysis. Restarting the devices and optimizing the software might resolve the issue. The problem could be due to resource overload w ... ltiple applications running at the same time.,Incident,Medium,IT Support,Closed,128.0,2025-11-16 16:38:14,2025-11-22 00:38:14,Frustrated,True,Slow,Breached,November,2025,4,Sunday,2,220,35
1352246329,Security Measures for Medical Data on Ubuntu 20.04 LTS,"Greetings, I would like to request information on the security protocols recommended for protecting medical data on Ubuntu 20.04 LTS systems. Could you kindly share your ... e you can offer would be greatly appreciated.",Request,Medium,Product Support,Resolved,133.0,2024-01-04 23:46:03,2024-01-10 12:46:03,Satisfied,True,Slow,Breached,January,2024,1,Thursday,2,219,35
1352246330,Hospital Security Breach Alert,"A security breach has been identified in the hospital's system, posing a risk to medical data due to outdated software and weak access controls.",Incident,Medium,Product Support,Closed,48.0,2024-11-21 00:55:41,2024-11-23 00:55:41,Frustrated,True,Medium,Within SLA,November,2024,4,Thursday,2,144,24
1352246331,Guide on Securing Medical Data in PostgreSQL for Hospital Environment,Looking for advice on securing medical data in a PostgreSQL environment for a hospital setting. It's crucial to ensure patient records are protected.,Request,High,Technical Support,Closed,137.0,2025-08-06 12:38:50,2025-08-12 05:38:50,Urgent,True,Slow,Breached,August,2025,3,Wednesday,3,149,23
1352246332,Concern About Delays in Analytical Reports,"Customer Support, I am encountering delays in receiving analytical reports, which is affecting my investment decision-making processes. Recently, software updates were im ... my ability to make informed decisions. Please",Incident,Medium,Returns and Exchanges,Resolved,57.0,2024-03-18 14:52:59,2024-03-20 23:52:59,Satisfied,True,Medium,Within SLA,March,2024,1,Monday,2,220,30
1352246333,Required Assistance for Campaign Success,"Hello Customer Support, recently, our digital campaign strategies have hit a snag, resulting in lower brand engagement. This might be due to ineffective messaging or targ ... We would greatly appreciate your assistance.",Incident,Medium,Product Support,Closed,51.0,2024-11-28 09:14:51,2024-11-30 12:14:51,Urgent,True,Medium,Within SLA,November,2024,4,Thursday,2,219,33
1352246334,Data Integration Problems,"Customer Support at a financial organization has encountered failures in data integration across KNIME DataRobot, possibly due to recent software updates. Efforts to reso ... Could you please review and provide support?",Incident,Medium,Technical Support,Pending,0.0,2023-12-30 12:15:43,,Frustrated,False,Unresolved,Within SLA,December,2023,4,Saturday,2,219,32
1352246335,Inquiry on SaaS Project Management Billing,"I am interested in learning more about the SaaS project management solution, particularly about the billing cycle and payment options. Could you provide information on th ... hearing back from you with this information.",Request,Medium,Billing and Payments,Closed,127.0,2025-04-09 13:22:43,2025-04-14 20:22:43,Frustrated,True,Slow,Breached,April,2025,2,Wednesday,2,219,34
1352246336,,I am working on a report regarding significant disruptions in digital marketing strategies due to software compatibility issues. Recent updates to key applications might ... iate any assistance in resolving this matter.,Incident,Medium,Technical Support,Resolved,87.0,2024-01-07 12:50:52,2024-01-11 03:50:52,Urgent,True,Slow,Breached,January,2024,1,Sunday,2,219,32
1352246337,,"Customer Support, I am reaching out to inquire about the billing details and payment options for Pro Tools and Microsoft SQL Server 2019 licenses. Could you please provid ... ls or promotional offers currently available.",Request,Medium,Billing and Payments,Closed,97.0,2024-04-25 17:47:57,2024-04-29 18:47:57,Urgent,True,Slow,Breached,April,2024,2,Thursday,2,220,35
1352246338,,The company's data analytics system experienced an unexpected failure. Recent updates to the software might have introduced conflicting dependencies. Attempts to reboot a ... ions to restore the platform's functionality.,Incident,High,Technical Support,Closed,127.0,2024-12-29 14:10:08,2025-01-03 21:10:08,Satisfied,True,Slow,Breached,December,2024,4,Sunday,3,220,30
1352246339,Support for Marketing Firm Concern,The marketing agency observed a decrease in client engagement metrics because of ineffective digital strategies.,Problem,Medium,Returns and Exchanges,Closed,29.0,2023-10-29 09:26:50,2023-10-30 14:26:50,Neutral,True,Medium,Within SLA,October,2023,4,Sunday,2,112,15
1352246340,Issue with SaaS Platform Today,"Here is a concise problem description: What happened: The SaaS platform crashed unexpectedly, leading to the loss of project data. Why it might have occurred: There are p ... t data and addressing the integration issues.",Incident,High,Technical Support,Resolved,80.0,2024-07-25 10:06:17,2024-07-28 18:06:17,Neutral,True,Slow,Breached,July,2024,3,Thursday,3,220,36
1352246341,Assistance in Optimizing Investments Using Data Analytics,Do you require help in optimizing your investments using data analytics tools such as Scikit-learn and Smartsheet? We can provide detailed insights. Please share your cur ... call at your convenience to discuss further.,Request,Low,Returns and Exchanges,Closed,150.0,2025-11-19 17:06:40,2025-11-25 23:06:40,Frustrated,True,Slow,Breached,November,2025,4,Wednesday,1,219,34
1352246342,Problem with Data Integration on AWS,"Facing issues with data integration on the H2O.ai AWS setup, which is causing delays in investment analysis. The problem might have arisen due to recent updates in AWS co ... in resolving this matter as soon as possible.",Incident,Medium,Technical Support,Closed,85.0,2025-06-05 02:46:34,2025-06-08 15:46:34,Neutral,True,Slow,Breached,June,2025,2,Thursday,2,220,38
1352246343,Problem Report,"Please find a brief description of the issue: Data synchronization between Salesforce and Scrivener has encountered a problem that might be related to a connectivity issu ... the drivers, the issue continues to persist.",Incident,Medium,Product Support,Closed,31.0,2024-11-15 10:39:42,2024-11-16 17:39:42,Neutral,True,Medium,Within SLA,November,2024,4,Friday,2,219,34
1352246344,Investment Optimization Tools for IBM SPSS Statistics 28,Which analytics tools are compatible with IBM SPSS Statistics 28 for investment optimization?,Request,Medium,Billing and Payments,Resolved,110.0,2024-12-18 04:40:37,2024-12-22 18:40:37,Urgent,True,Slow,Breached,December,2024,4,Wednesday,2,93,13
1352246345,Experiencing Intermittent Connectivity Issues with SaaS Platform,"Facing intermittent connectivity problems with our SaaS platform, which is causing delays in project updates. The issue might be due to high traffic or network problems. ... in resolving this issue as soon as possible.",Problem,Medium,IT Support,Closed,12.0,2024-03-13 17:12:41,2024-03-14 05:12:41,Urgent,True,Fast,Within SLA,March,2024,1,Wednesday,2,218,35
1352246346,Query for Network Support,"Random network crashes and data loss are happening, which might be related to outdated firmware or software conflicts.",Incident,High,Technical Support,Closed,107.0,2024-08-16 05:14:10,2024-08-20 16:14:10,Neutral,True,Slow,Breached,August,2024,3,Friday,3,118,18
1352246347,Crash of data analytics platform: potential Azure integration problem,The data analytics platform suddenly stopped working. There might be an issue with the Azure integration. I have already restarted PyCharm and verified antivirus updates. I require your help to resolve this problem.,Problem,High,Technical Support,Closed,104.0,2025-02-20 05:43:13,2025-02-24 13:43:13,Urgent,True,Slow,Breached,February,2025,1,Thursday,3,215,33
1352246348,Issue with Website Crash Noted,The website crash has significantly affected the campaign launch.,Problem,High,IT Support,Resolved,48.0,2025-03-30 09:07:34,2025-04-01 09:07:34,Neutral,True,Medium,Within SLA,March,2025,1,Sunday,3,65,9
1352246349,Facing Connectivity Challenges with Investment Analysis Tools on Online Platform,The investment analysis tools are encountering connectivity issues which are impacting data processing. Recent internet outages and router configuration errors might be t ... persists and I need assistance to resolve it.,Problem,Medium,IT Support,Closed,11.0,2024-10-12 08:48:24,2024-10-12 19:48:24,Frustrated,True,Fast,Within SLA,October,2024,4,Saturday,2,220,32
1352246350,,Can you offer guidance on integrating Cassandra 4.0 with Laravel 8 for investment data analytics?,Request,Medium,IT Support,In Progress,0.0,2023-09-09 17:57:59,,Satisfied,False,Unresolved,Within SLA,September,2023,3,Saturday,2,97,15
1352246351,Support Project Software Problems,Facing connectivity issues with project management software across various devices. Problems continue despite resetting network settings and reinstalling the application.,Incident,High,IT Support,Closed,153.0,2023-11-07 05:16:15,2023-11-13 14:16:15,Satisfied,True,Slow,Breached,November,2023,4,Tuesday,3,170,20
1352246352,Data analytics platform encountered an unexpected crash,The data analytics platform abruptly stopped working. This may be due to a lack of resources or a software bug. I have already attempted to restart the system and have re ... rver logs. Please assist in fixing the issue.,Incident,High,IT Support,Closed,118.0,2025-07-28 07:29:14,2025-08-02 05:29:14,Satisfied,True,Slow,Breached,July,2025,3,Monday,3,220,40
1352246353,Problems with Campaign Launch,"The digital campaigns are unable to launch because of an incompatible Node.js version. Although I have updated Node.js, the problem continues. I require help to address this issue and successfully launch my campaigns.",Problem,High,Technical Support,In Progress,0.0,2023-08-03 23:52:16,,Satisfied,False,Unresolved,Within SLA,August,2023,3,Thursday,3,217,33
1352246354,,An error related to server overload configuration impacted several products. Restarting the systems and clearing the cache resolved the issue temporarily.,Incident,Medium,IT Support,Resolved,81.0,2024-01-24 08:47:43,2024-01-27 17:47:43,Frustrated,True,Slow,Breached,January,2024,1,Wednesday,2,154,21
1352246355,,"Customer Support,\n\nI am reaching out to highlight an issue that our marketing agency has been facing recently. We've observed regular system performance declines that a ... num> to discuss the situation in more detail.",Problem,High,IT Support,Closed,71.0,2023-03-23 01:24:14,2023-03-26 00:24:14,Satisfied,True,Medium,Within SLA,March,2023,1,Thursday,3,220,34
1352246356,Ensuring Security in Medical Data Services,"Customer Support, could you provide more details on the measures your company takes to secure medical data services for healthcare providers? Specifically, what protocols ... p them maintain the security of medical data.",Request,Low,Returns and Exchanges,Pending,0.0,2025-09-23 00:53:13,,Urgent,False,Unresolved,Within SLA,September,2025,3,Tuesday,1,220,33
1352246357,Seeking Assistance with Analytics,A marketing firm is facing difficulties in assessing the effectiveness of their digital strategies aimed at driving brand growth. The issue might stem from inadequate int ... various platforms and provide clear insights.,Problem,Medium,Product Support,Closed,121.0,2025-01-16 13:43:05,2025-01-21 14:43:05,Satisfied,True,Slow,Breached,January,2025,1,Thursday,2,220,33
1352246358,Support for Website,"There has been a decrease in website traffic over the past week, which has led to reduced engagement. Despite efforts to optimize SEO settings and run paid ads, the issue continues.",Incident,Medium,Technical Support,Pending,0.0,2024-07-30 15:47:25,,Urgent,False,Unresolved,Within SLA,July,2024,3,Tuesday,2,181,31
1352246359,Problem with Application Submission,"noted a sudden rise in response times while using the application. this might be due to an unexpected peak in server load. after restarting the application server and clearing the cache, the issues are still present.",Incident,High,Technical Support,Pending,0.0,2025-05-11 10:46:38,,Frustrated,False,Unresolved,Within SLA,May,2025,2,Sunday,3,216,36
1352246360,Technical Product Assistance,We are reaching out to inquire about integrating digital strategies to promote our technology product lineup. Could you offer guidance on effective methods and tools to e ... strengthen our digital marketing initiatives.,Request,High,Technical Support,Resolved,35.0,2023-06-09 08:49:20,2023-06-10 19:49:20,Urgent,True,Medium,Within SLA,June,2023,2,Friday,3,220,33
1352246361,Problem with Campaign Performance Data,"Hello Customer Support, I am experiencing difficulties with the metrics related to my digital campaign. The metrics have vanished without a clear reason, and I suspect it ... ormation from my side to address this matter.",Incident,High,Technical Support,Closed,30.0,2025-03-12 10:29:45,2025-03-13 16:29:45,Satisfied,True,Medium,Within SLA,March,2025,1,Wednesday,3,220,36
1352246362,,"Hello Customer Support, we are experiencing issues with the data analytics tool that is supposed to provide proper insights for investment optimization. It seems this mig ... in resolving this matter as soon as possible.",Problem,Low,Technical Support,Closed,7.0,2023-07-13 16:19:27,2023-07-13 23:19:27,Satisfied,True,Fast,Within SLA,July,2023,3,Thursday,1,220,35
1352246363,Inquiry on Pricing for HubSpot CRM and Adobe After Effects 2021,I am contacting customer support to seek details on the pricing structures for HubSpot CRM and Adobe After Effects 2021. It would be helpful if you could share the availa ... roducts together. Thank you for your support.,Request,Low,Billing and Payments,Closed,98.0,2024-03-18 19:55:10,2024-03-22 21:55:10,Neutral,True,Slow,Breached,March,2024,1,Monday,1,220,38
1352246364,Unexplained Billing Variance in User Accounts,"Noted an unanticipated billing variance in multiple user accounts following a recent update. After reviewing the account settings and reprocessing the invoices, the discr ... Assistance is required to resolve this issue.",Incident,Medium,Billing and Payments,Closed,12.0,2023-05-11 07:05:28,2023-05-11 19:05:28,Frustrated,True,Fast,Within SLA,May,2023,2,Thursday,2,220,32
1352246365,Unapproved Access to Patient Records Noted,There was an unauthorized attempt to access patient records because of weak security measures. Assistance is required.,Incident,Medium,Product Support,Closed,108.0,2023-09-07 00:52:37,2023-09-11 12:52:37,Urgent,True,Slow,Breached,September,2023,3,Thursday,2,118,17
1352246366,Marketing Campaign Successful,"Customer Support, I am expressing concern regarding recent digital marketing campaigns initiated by the marketing agency. Despite our efforts, there has been no significa ... nce our marketing approach. Perhaps you could",Problem,Medium,Customer Service,Resolved,139.0,2024-02-28 18:23:48,2024-03-05 13:23:48,Frustrated,True,Slow,Breached,February,2024,1,Wednesday,2,220,32
1352246367,Query for Project Management SaaS Features and Details,"I am interested in learning more about project management SaaS and would like to know about the various features, scalability options, and customization possibilities. Ad ... nce, and I look forward to hearing back soon.",Request,Medium,Customer Service,Resolved,136.0,2024-11-28 23:50:04,2024-12-04 15:50:04,Satisfied,True,Slow,Breached,November,2024,4,Thursday,2,220,35
1352246368,,Is it possible to provide detailed information on data analytics services for investment optimization? Thank you!,Request,High,Technical Support,Resolved,165.0,2025-03-08 11:10:38,2025-03-15 08:10:38,Satisfied,True,Slow,Breached,March,2025,1,Saturday,3,113,16
1352246369,Technical Problem Across Several Products,"An incident has occurred impacting multiple applications, including IFTTT, VLC, Switch, DataRobot, and iMac. The issue appears to be related to recent system updates. Des ... idance on the next steps for troubleshooting?",Incident,Low,Customer Service,Closed,70.0,2023-08-17 21:33:21,2023-08-20 19:33:21,Urgent,True,Medium,Within SLA,August,2023,3,Thursday,1,220,33
1352246370,Issues with Synchronization between Smartsheet and JIRA,Facing synchronization problems between Smartsheet and JIRA. It seems the issue might be due to differences in API versions. The team has attempted to reconnect the accou ... or context necessary to resolve the problem.,Problem,Medium,Product Support,Resolved,31.0,2024-11-10 14:09:33,2024-11-11 21:09:33,Satisfied,True,Medium,Within SLA,November,2024,4,Sunday,2,219,35
1352246371,Support Request for Video Editing Connectivity Issues,"I am facing connectivity challenges while performing video editing, which might be due to my network setup. I have already attempted resetting my router and verifying my ... support, and I look forward to your response.",Incident,Medium,IT Support,In Progress,0.0,2023-05-23 11:19:46,,Neutral,False,Unresolved,Within SLA,May,2023,2,Tuesday,2,219,36
1352246372,Securing Medical Data in CRM,"Customer Support, seeking information on securing medical data in the Salesforce CRM integrated with Django 3.2. Could you provide details on best practices and protocols ... Your prompt response is greatly appreciated.",Request,Medium,Billing and Payments,In Progress,0.0,2023-12-11 22:10:36,,Neutral,False,Unresolved,Within SLA,December,2023,4,Monday,2,219,32
1352246373,Request to Improve Investment Analytics Data Integration Features,"Dear Customer Support, I am writing to request enhancements in our data integration capabilities to improve our investment analytics. The current system limitations are i ... w us to create accurate and detailed reports.",Change,Medium,Customer Service,Resolved,8.0,2024-12-01 19:16:13,2024-12-02 03:16:13,Frustrated,True,Fast,Within SLA,December,2024,4,Sunday,2,220,34
1352246374,Unforeseen Data Loss During Analytics,I am encountering unexpected data loss during the analytics processing phase. This could be related to inadequate memory allocation. Despite restarting the servers and up ... cessary steps to address this issue promptly.,Incident,High,Service Outages and Maintenance,Closed,60.0,2024-06-27 01:28:34,2024-06-29 13:28:34,Urgent,True,Medium,Within SLA,June,2024,2,Thursday,3,220,33
1352246375,Problem with Predictions,The investment optimization tool used by the financial firm is producing inaccurate predictions. This might be due to errors in data integration. Efforts to recalibrate t ... ving this issue would be greatly appreciated.,Problem,Medium,Product Support,Closed,19.0,2023-02-11 10:20:12,2023-02-12 05:20:12,Frustrated,True,Fast,Within SLA,February,2023,1,Saturday,2,220,34
1352246376,Problem with SaaS Application,"We are facing difficulties using the project management features in the SaaS application. After attempting to restart the modem, verifying internet connection, and cleari ... assistance is needed to resolve this matter.",Incident,Low,Technical Support,Closed,163.0,2024-10-06 12:28:40,2024-10-13 07:28:40,Satisfied,True,Slow,Breached,October,2024,4,Sunday,1,219,32
1352246377,,I am seeking detailed instructions for integrating the Smart-Rauchmelder Notion into a scalable SaaS project management platform. I am interested in learning about the to ... ance. I look forward to your prompt response.,Request,Medium,IT Support,Closed,111.0,2023-03-24 17:33:38,2023-03-29 08:33:38,Neutral,True,Slow,Breached,March,2023,1,Friday,2,220,34
1352246378,Challenge with Marketing Campaign Effectiveness,marketing initiatives are currently performing satisfactorily.,Problem,Medium,Sales and Pre-Sales,Closed,94.0,2024-09-07 20:52:30,2024-09-11 18:52:30,Satisfied,True,Slow,Breached,September,2024,3,Saturday,2,62,6
1352246379,Inquiry About Smart-Luftreiniger,"I am inquiring about the features of the Smart-Luftreiniger, particularly in relation to project management. Could you provide detailed information on how the product can ... the reporting and analytics tools available?",Request,Medium,Returns and Exchanges,Resolved,161.0,2025-02-18 20:10:54,2025-02-25 13:10:54,Satisfied,True,Slow,Breached,February,2025,1,Tuesday,2,219,32
1352246380,Security Concern with Patient Information,"A healthcare organization faced unauthorized access to patient data. This might be due to insufficient security measures. Passwords have been reset and firewall settings updated, but the problem continues.",Problem,Medium,Billing and Payments,Closed,85.0,2024-08-03 22:17:41,2024-08-07 11:17:41,Frustrated,True,Slow,Breached,August,2024,3,Saturday,2,205,29
1352246381,Request for Assistance with Login Failures,Facing sporadic login issues with various products following recent updates to server settings.,Incident,Low,Customer Service,Closed,33.0,2024-01-02 06:26:37,2024-01-03 15:26:37,Satisfied,True,Medium,Within SLA,January,2024,1,Tuesday,1,95,13
1352246382,Security Concern Regarding Unauthorized Access,Noted unauthorized access attempts on systems. Need details on the issue and details on the security protocols to address this. Kindly provide the date and time of the attempts for further discussion.,Incident,Medium,Product Support,Closed,60.0,2024-08-22 21:18:58,2024-08-25 09:18:58,Frustrated,True,Medium,Within SLA,August,2024,3,Thursday,2,200,32
1352246383,Support for Analytics Tools,"We are encountering problems with our data analytics tools. Recent updates may be causing integration conflicts. We have tried restarting and checking connectivity, but the issue still persists.",Incident,High,Customer Service,Closed,153.0,2023-05-07 18:28:16,2023-05-14 03:28:16,Frustrated,True,Slow,Breached,May,2023,2,Sunday,3,194,28
1352246384,Inquiry for Guidance on Smart Water Leak Detector Sensor Integration,"Dear Customer Support,\n\nI am seeking comprehensive instructions for configuring and integrating the Smart Water Leak Detectors within a healthcare setting. Specifically ... r your support.\n\nBest regards,\n[Your Name]",Request,High,Product Support,Closed,76.0,2024-08-05 09:45:27,2024-08-08 13:45:27,Neutral,True,Slow,Breached,August,2024,3,Monday,3,220,27
1352246385,Workflow Optimization Inquiry,"Hello customer support, I am contacting you to seek advice on enhancing our data analytics workflow for improved investment decision-making. Our current workflow is ineff ... kflow and enhancing our investment decisions.",Change,Low,Returns and Exchanges,Closed,129.0,2023-12-15 19:24:42,2023-12-21 04:24:42,Neutral,True,Slow,Breached,December,2023,4,Friday,1,220,32
1352246386,Ensuring Security of Medical Data on Smart-CPAP Devices,"Good day Customer Support, I am reaching out to seek information on the security protocols recommended for safeguarding medical data on Smart-CPAP devices. Given that the ... ward to your response. Sincerely, [Your Name]",Request,High,Billing and Payments,Closed,62.0,2023-02-13 18:54:28,2023-02-16 08:54:28,Satisfied,True,Medium,Within SLA,February,2023,1,Monday,3,220,34
1352246387,Security Protocols for Medical Data,"Respected customer support, I am addressing this message to seek advice on the security measures needed for protecting medical data within hospital IT networks. Could you ... e. Thank you for your efforts in this regard.",Request,High,Technical Support,Closed,52.0,2024-05-10 01:25:59,2024-05-12 05:25:59,Frustrated,True,Medium,Within SLA,May,2024,2,Friday,3,220,36
1352246388,Rode NT-USB Mini,"Could you please offer comprehensive guidance on integrating the Rode NT-USB Mini with the SaaS platform? I require detailed, step-by-step instructions.",Request,High,Technical Support,Closed,53.0,2023-06-03 22:05:11,2023-06-06 03:05:11,Satisfied,True,Medium,Within SLA,June,2023,2,Saturday,3,152,21
1352246389,Problem with Link,"Respected Customer Support, I am contacting you to report an unanticipated disconnection from Salesforce CRM and Google Cloud Platform. This issue may have arisen from a ... I am looking forward to your prompt response.",Incident,Low,General Inquiry,Closed,147.0,2025-10-06 16:17:26,2025-10-12 19:17:26,Satisfied,True,Slow,Breached,October,2025,4,Monday,1,219,35
1352246390,Variation in Campaign Data,"Honor Customer Support, I am contacting you to report an anomaly in our campaign data. This problem arose following the extraction of incorrect data from our analytics sy ... r time and support. Respectfully, [Your Name]",Problem,Medium,Technical Support,Closed,155.0,2024-06-04 20:31:49,2024-06-11 07:31:49,Urgent,True,Slow,Breached,June,2024,2,Tuesday,2,220,36
1352246391,Support Inquiry Regarding Medical Data Encryption,"Esteemed Customer Support, I am reaching out to address a problem with the encryption of medical data. The process has failed unexpectedly, and I believe it might be rela ... om me. Thank you for your attention and help.",Incident,High,Technical Support,Closed,81.0,2023-08-15 21:06:46,2023-08-19 06:06:46,Neutral,True,Slow,Breached,August,2023,3,Tuesday,3,220,39
1352246392,Issue with Medical Data Encryption Occurred Unexpectedly,"I am reporting a problem with the encryption of medical data. The encryption unexpectedly failed, and I suspect it may be related to incorrect MySQL configuration paramet ... to address the medical data encryption issue.",Problem,Low,Technical Support,In Progress,0.0,2023-08-02 18:05:04,,Neutral,False,Unresolved,Within SLA,August,2023,3,Wednesday,1,220,35
1352246393,Concern about Investment Analysis Tool,"The investment analysis tool is crucial for accurate forecasting of current market trends. However, it might be outdated due to improper integration of algorithms and dat ... in resolving this issue as soon as possible.",Problem,Medium,Customer Service,Closed,93.0,2023-03-01 12:02:47,2023-03-05 09:02:47,Frustrated,True,Slow,Breached,March,2023,1,Wednesday,2,219,35
1352246394,Support Required for Data Breach in Healthcare Systems,"Attention to Customer Support: A data breach has been detected in our healthcare systems, impacting the security of patient medical data. This may have occurred due to un ... iate prompt attention to this critical issue.",Problem,High,Technical Support,Closed,79.0,2024-03-21 15:38:20,2024-03-24 22:38:20,Neutral,True,Slow,Breached,March,2024,1,Thursday,3,220,36
1352246395,,Is it possible to provide information on securing medical data with the hospital's solutions? I am interested in learning about the latest technological security measures to protect sensitive patient information.,Request,High,Product Support,Closed,56.0,2025-01-03 22:23:47,2025-01-06 06:23:47,Urgent,True,Medium,Within SLA,January,2025,1,Friday,3,212,30
1352246396,Smart Home System,Could you provide details on integrating Smart-Gartenbewsserung with Slack and Elasticsearch? Thank you!,Request,Medium,Product Support,Closed,124.0,2025-12-17 07:26:40,2025-12-22 11:26:40,Urgent,True,Slow,Breached,December,2025,4,Wednesday,2,104,13
1352246397,Guidelines for Safeguarding Medical Information in Cloud Environments,"I need to contact you regarding the optimal strategies for securing patient data on IBM Cloud. Given our role as a healthcare organization, we must guarantee the confiden ... preciated, and I eagerly await your response.",Request,Low,Product Support,Closed,114.0,2023-08-04 14:33:59,2023-08-09 08:33:59,Urgent,True,Slow,Breached,August,2023,3,Friday,1,220,36
1352246398,Enhancing Security for Medical Data with Sony Vegas Pro,I am interested in using Sony Vegas Pro 18 for healthcare purposes. Could you provide details on the security features that can help secure medical data? It is crucial to ... 8 to safeguard sensitive medical information.,Request,Medium,IT Support,Closed,79.0,2024-12-29 17:41:35,2025-01-02 00:41:35,Satisfied,True,Slow,Breached,December,2024,4,Sunday,2,220,37
1352246399,Elasticsearch for Digital Marketing,Can provide insights?,Request,Medium,Product Support,Resolved,51.0,2024-11-27 21:04:30,2024-11-30 00:04:30,Frustrated,True,Medium,Within SLA,November,2024,4,Wednesday,2,21,3
1352246400,Strategies for Boosting Business Growth in the Digital Realm,"Hello customer support, I am contacting you to seek information on digital strategies that can enhance brand growth for companies utilizing various software solutions. In ... assistance. I am eager to hear from you soon.",Request,Medium,Customer Service,Closed,35.0,2025-08-13 21:50:45,2025-08-15 08:50:45,Satisfied,True,Medium,Within SLA,August,2025,3,Wednesday,2,220,35
1352246401,Concern About Healthcare System Security,"There was an unauthorized access attempt on the healthcare system, which affected secure medical data. This could be due to outdated software or misconfigured security se ... s taken to ensure the security of the system.",Incident,High,Technical Support,Closed,16.0,2023-01-09 03:46:43,2023-01-09 19:46:43,Satisfied,True,Fast,Within SLA,January,2023,1,Monday,3,220,36
1352246402,Marketing Campaign Engagement Decline Investigation Necessary,"The marketing campaign has encountered a sharp decline in engagement metrics, which may be related to recent changes in social media algorithms. Despite efforts to adjust ... estigation is required to address this issue.",Incident,High,Technical Support,Closed,149.0,2023-05-04 01:45:03,2023-05-10 06:45:03,Urgent,True,Slow,Breached,May,2023,2,Thursday,3,220,34
1352246403,Unaddressed Unauthorized Access Alerts in Medical Data Systems,"Experienced unauthorized access alerts in medical data systems due to outdated software and weak passwords. Software has been updated and password policies reinforced, but the issue still persists.",Problem,Medium,Technical Support,Closed,81.0,2023-01-30 12:30:58,2023-02-02 21:30:58,Frustrated,True,Slow,Breached,January,2023,1,Monday,2,197,28
1352246404,Concern Regarding Safety of Medical Information,Seek Assistance,Incident,High,Returns and Exchanges,Closed,71.0,2024-02-02 13:32:08,2024-02-05 12:32:08,Satisfied,True,Medium,Within SLA,February,2024,1,Friday,3,15,2
1352246405,Multiple Product Failures Affecting Data Analytics Workflows and Hardware Performance,Encountered several instances of product malfunctions. Attempted to resolve by rebooting the system and applying software updates.,Incident,High,Product Support,Closed,99.0,2023-12-02 00:11:29,2023-12-06 03:11:29,Urgent,True,Slow,Breached,December,2023,4,Saturday,3,130,17
1352246406,JIRA Integration Encounter Issues,"There has been an unexpected failure in the JIRA Software integration. It could be related to an incompatible Elasticsearch version. Up till now, I attempted restarting t ... dentials, yet the problem continues to exist.",Incident,Low,Technical Support,Closed,63.0,2023-08-21 06:29:43,2023-08-23 21:29:43,Frustrated,True,Medium,Within SLA,August,2023,3,Monday,1,220,35
1352246407,Unexpected Outage Across Multiple Products,An unexpected outage has impacted the accessibility and performance across several of our products. This may be due to recent changes in server update configurations. We ... d back the update and restarted the services.,Incident,High,IT Support,Closed,100.0,2025-05-02 12:54:18,2025-05-06 16:54:18,Frustrated,True,Slow,Breached,May,2025,2,Friday,3,219,35
1352246408,Request for updating project management tools,Need to enhance compatibility with project management SaaS solutions,Change,Medium,Returns and Exchanges,Closed,99.0,2025-08-03 20:41:43,2025-08-07 23:41:43,Frustrated,True,Slow,Breached,August,2025,3,Sunday,2,68,9
1352246409,Timeout Issues with Project Dashboard,"Customer Support reports that users frequently encounter timeouts when accessing the project management dashboard, likely due to recent spikes in database load. Restartin ... a solution or workaround to fix the timeouts.",Incident,High,Technical Support,Resolved,33.0,2025-03-30 20:44:52,2025-04-01 05:44:52,Frustrated,True,Medium,Within SLA,March,2025,1,Sunday,3,220,32
1352246410,Guidance on Digital Strategies for Brand Growth Using Inkscape and Express.js,I am looking for digital strategies to enhance brand growth through Inkscape and Express.js. Could you provide some guidance on this?,Request,Medium,Human Resources,Closed,78.0,2024-10-19 12:04:52,2024-10-22 18:04:52,Urgent,True,Slow,Breached,October,2024,4,Saturday,2,133,21
1352246411,Streamlining Integration of SaaS into Current Workflows,I would like to know the procedures for integrating your SaaS into our current workflows. Could you please provide a comprehensive guide or documentation? We are keen to ... any assistance you can offer in this process.,Request,High,Customer Service,Resolved,118.0,2023-06-22 17:20:47,2023-06-27 15:20:47,Frustrated,True,Slow,Breached,June,2023,2,Thursday,3,219,37
1352246412,Digital Brand Assistance,I am seeking guidance on integrating digital tools such as Notion and Figma to effectively foster brand growth. Could you provide detailed information on how to utilize t ... nd Figma to achieve brand growth and success.,Request,High,Technical Support,Resolved,157.0,2024-03-23 13:12:19,2024-03-30 02:12:19,Urgent,True,Slow,Breached,March,2024,1,Saturday,3,220,37
1352246413,Assistance Required for SaaS Application Crashes,"Customer support team, I am reporting frequent crashes experienced by users within the project management SaaS following recent updates. The issue might be related to int ... the issue. Please let us know how to proceed.",Incident,High,Technical Support,In Progress,0.0,2024-01-05 03:52:11,,Satisfied,False,Unresolved,Within SLA,January,2024,1,Friday,3,220,36
1352246414,,"A critical system outage has occurred, affecting investment analysis processes. This issue may be due to software incompatibilities or network problems. Attempts to resta ... issue and minimize its impact on operations.",Incident,High,Technical Support,In Progress,0.0,2024-04-12 19:43:49,,Satisfied,False,Unresolved,Within SLA,April,2024,2,Friday,3,219,32
1352246415,Support for Digital Marketing Strategy,Our aim is to develop digital strategies that promote brand growth and enhance the capabilities of a marketing agency.,Request,High,Product Support,Closed,18.0,2023-07-09 06:50:08,2023-07-10 00:50:08,Satisfied,True,Fast,Within SLA,July,2023,3,Sunday,3,118,19
1352246416,Strategies for E-commerce Brand Growth,"Respected Customer Support, I am contacting you to seek information on digital strategies that enhance brand growth for e-commerce platforms such as Shopify and PrestaSho ... assistance. I look forward to your response.",Request,Medium,Customer Service,Closed,21.0,2023-03-16 04:13:42,2023-03-17 01:13:42,Urgent,True,Fast,Within SLA,March,2023,1,Thursday,2,219,33
1352246417,Digital Service Disruption,"Customer support has documented a widespread outage affecting multiple digital products. Initial troubleshooting measures, including system restarts and network diagnosti ... rm us of the next steps to resolve the issue.",Incident,High,Service Outages and Maintenance,Closed,145.0,2024-01-06 09:40:08,2024-01-12 10:40:08,Urgent,True,Slow,Breached,January,2024,1,Saturday,3,220,31
1352246418,Investment Strategies through Data Analytics Tools,Is it possible to gain insights and optimize investment strategies using data analytics tools? We would greatly appreciate your feedback. Thank you!,Request,High,Product Support,Closed,49.0,2024-10-14 04:13:50,2024-10-16 05:13:50,Urgent,True,Medium,Within SLA,October,2024,4,Monday,3,148,22
1352246419,Support Needed for Digital Marketing Strategy Optimization,I need assistance in optimizing our digital marketing strategies to enhance brand growth. The affected products and tools require immediate attention to ensure the maximu ... als. I look forward to hearing from you soon.,Change,High,Customer Service,Closed,78.0,2025-09-19 13:50:49,2025-09-22 19:50:49,Frustrated,True,Slow,Breached,September,2025,3,Friday,3,220,35
1352246420,,"Facing delays in processing user feedback submissions after the recent system update. Despite clearing the cache and restarting the application, the issue still persists. ... the matter and minimize service disruptions.",Incident,Low,Returns and Exchanges,Resolved,4.0,2025-08-25 12:03:39,2025-08-25 16:03:39,Satisfied,True,Fast,Within SLA,August,2025,3,Monday,1,219,31
1352246421,Advancement,I am inquiring about the necessity to modify our digital marketing tactics to enhance brand development and interaction with customers on all platforms without delay. Thi ... nd I am eager to discuss this with your team.,Change,High,Customer Service,Pending,0.0,2024-12-11 02:25:51,,Neutral,False,Unresolved,Within SLA,December,2024,4,Wednesday,3,220,37
1352246422,Report on Data Breach Incident and Necessary Support,Data exposed by human error,Incident,High,Human Resources,Closed,114.0,2023-04-08 13:37:13,2023-04-13 07:37:13,Frustrated,True,Slow,Breached,April,2023,2,Saturday,3,27,5
1352246423,Concerning Website Speed During Peak Hours,"Description of the Problem: During busy periods, users encounter sluggish page loads. Efforts to enhance code and increase server capacity have not resolved the issue. As ... ot cause and ensure a smooth user experience.",Incident,High,IT Support,Closed,87.0,2023-06-22 05:04:54,2023-06-25 20:04:54,Frustrated,True,Slow,Breached,June,2023,2,Thursday,3,220,35
1352246424,Improving Investment Strategies through Data Analytics,Is there a way to explore how data analytics can improve investment strategies for financial firms? This would assist us in understanding the benefits and potential applications of your services.,Request,High,Billing and Payments,In Progress,0.0,2025-02-15 10:59:02,,Urgent,False,Unresolved,Within SLA,February,2025,1,Saturday,3,195,30
1352246425,,"Customer Support, I am reaching out to inquire about best practices for securing medical data using Ansible within a hospital's infrastructure. Could you provide guidance ... opic. Thank you for your time and assistance.",Request,Medium,IT Support,Resolved,44.0,2025-07-16 00:02:38,2025-07-17 20:02:38,Neutral,True,Medium,Within SLA,July,2025,3,Wednesday,2,220,34
1352246426,Request for Guidelines on Securing Medical Data,"Dear Customer Support, I am writing to seek information on securing medical data on my MacBook Air and NZXT Kraken Z63. Could you please share with me the steps to protec ... ppreciated. Thank you for your time and help.",Request,Low,Customer Service,Closed,65.0,2025-04-12 17:32:01,2025-04-15 10:32:01,Satisfied,True,Medium,Within SLA,April,2025,2,Saturday,1,220,40
1352246427,Concern About Project Dashboard Performance,Users are encountering delays in loading the project dashboard following recent server updates amid increased traffic.,Incident,Medium,Product Support,Closed,130.0,2023-01-26 12:45:15,2023-01-31 22:45:15,Urgent,True,Slow,Breached,January,2023,1,Thursday,2,118,16
1352246428,,"Customer Support, an unauthorized access attempt has been detected in our database, impacting the security of medical data. This may have occurred due to outdated securit ... e necessary measures to protect the database.",Incident,Low,Technical Support,Closed,141.0,2025-09-08 16:59:16,2025-09-14 13:59:16,Frustrated,True,Slow,Breached,September,2025,3,Monday,1,220,34
1352246429,Inquiry About Data Analytics Services for Investment Portfolio Optimization,"Hello Customer Support, I hope this message finds you well. I am writing to seek detailed information about your company's data analytics services aimed at enhancing the ... portfolio. Thanks for your support and time.",Request,Medium,Sales and Pre-Sales,Resolved,151.0,2025-03-11 14:35:59,2025-03-17 21:35:59,Neutral,True,Slow,Breached,March,2025,1,Tuesday,2,218,35
1352246430,Ensuring the Security of Medical Information,"Dear Customer Support, I am reaching out to inquire about the security measures implemented in hospital solution software integrations to safeguard medical data. Could yo ... edical data? I look forward to your response.",Request,Low,Returns and Exchanges,Closed,126.0,2025-06-12 07:19:23,2025-06-17 13:19:23,Satisfied,True,Slow,Breached,June,2025,2,Thursday,1,220,34
1352246431,Enhancing Digital Marketing Strategies for Improved Brand Growth,I need assistance in improving my digital marketing strategies through better analytics to boost brand growth.,Change,High,Technical Support,Closed,48.0,2024-01-11 20:06:26,2024-01-13 20:06:26,Satisfied,True,Medium,Within SLA,January,2024,1,Thursday,3,110,16
1352246432,Request for Assistance with Investment Performance Metrics,Noted your recent analysis highlighted unexpected discrepancies in investment performance metrics. Potential reasons considered data corruption and calculation errors. Re ... nning alternate analytics tools successfully.,Incident,High,Product Support,Closed,98.0,2023-08-12 00:55:57,2023-08-16 02:55:57,Urgent,True,Slow,Breached,August,2023,3,Saturday,3,220,26
1352246433,Troubleshoot Downtime for Data Analytics Platform,"The data analytics platform encountered an unexpected downtime during peak trading hours, which impeded efforts to optimize investments. The issue might stem from server ... nd clearing the cache, the problem continues.",Incident,High,Technical Support,Closed,158.0,2024-03-28 11:24:24,2024-04-04 01:24:24,Frustrated,True,Slow,Breached,March,2024,1,Thursday,3,219,32
1352246434,Support for Website Drop,A marketing agency has noticed a sudden decline in website traffic. It might be due to recent changes in search engine algorithms. They have already revised their SEO str ... Assistance is required to resolve this issue.,Incident,Medium,Technical Support,Resolved,66.0,2024-10-28 19:11:09,2024-10-31 13:11:09,Urgent,True,Medium,Within SLA,October,2024,4,Monday,2,220,37
1352246435,,"Dear Customer Support, I am encountering difficulties with multiple software integrations on our SaaS platform, which are impacting project management. Recent updates may ... o restore full functionality of the platform?",Incident,High,Product Support,Closed,163.0,2023-01-03 10:19:21,2023-01-10 05:19:21,Urgent,True,Slow,Breached,January,2023,1,Tuesday,3,220,31
