Ticket_No,Department,Predicted_Priority,Predicted_SLA_Risk,Predicted_Resolution_Time
GSSA1344275051,IT Support,Low,SLA Breached,87.56188602458901
GSSA1053785050,Applications,Medium,SLA Breached,89.28339335351936
GSSA1219105049,Infrastructure,Critical,SLA Breached,88.43771075383975
GSSA10025048,Security,High,SLA Breached,90.51458450901083
GSSA10025047,Applications,Low,Within SLA,88.23639784948864
GSSA948195046,Data Center,High,SLA Breached,88.15616573009727
GSSA1219105045,Security,Critical,SLA Breached,84.63934253789773
GSSA948195044,Security,High,SLA Breached,87.56744252508348
GSSA1344275043,Infrastructure,Medium,SLA Breached,89.24434178933168
GSSA920555042,Data Center,Low,SLA Breached,88.64169237387154
GSSA1061675041,Applications,Critical,SLA Breached,91.00598533765681
GSSA10025040,Infrastructure,medium,SLA Breached,101.05369731573755
GSSA10025039,Infrastructure,Critical,SLA Breached,90.09975536610204
GSSA1051695038,IT Support,high,SLA Breached,88.52196588951068
GSSA1054095037,Security,High,SLA Breached,94.25228867071442
GSSA1253935036,IT Support,Critical,SLA Breached,87.25575634862358
GSSA1053855035,Applications,Critical,SLA Breached,88.57801616989197
GSSA10025034,Applications,Critical,SLA Breached,87.68406884714928
GSSA1051695033,Security,Medium,SLA Breached,90.59589430562025
GSSA10025032,Security,Low,SLA Breached,87.65990832654191
GSSA10025031,Infrastructure,Medium,SLA Breached,89.1329259815512
GSSA10025030,Security,high,SLA Breached,87.65990832654191
GSSA948195029,Infrastructure,Critical,Within SLA,88.02451147939895
GSSA1344225028,Infrastructure,Low,SLA Breached,141.82994174944093
GSSA10025027,Infrastructure,Critical,SLA Breached,87.65990832654191
GSSA948665026,Data Center,Low,SLA Breached,85.89609086731654
GSSA1215865025,Infrastructure,high,SLA Breached,91.5109394669549
GSSA1063285024,Applications,High,SLA Breached,89.53714582384171
GSSA10025023,Applications,Critical,SLA Breached,88.57801616989197
GSSA10025022,Data Center,Critical,SLA Breached,87.85337835476783
GSSA10025021,IT Support,Critical,SLA Breached,86.85484352858013
GSSA1053785020,Infrastructure,Critical,SLA Breached,88.50950227437507
GSSA948665019,IT Support,high,SLA Breached,79.72815469176582
GSSA815655018,Security,High,Within SLA,88.27189455069586
GSSA10025017,Data Center,Low,SLA Breached,90.7024991105704
GSSA1215625016,Applications,Critical,SLA Breached,87.48824272483799
GSSA10025015,Data Center,Low,SLA Breached,86.1752477238814
GSSA10025014,Applications,High,SLA Breached,88.63638236329362
GSSA1223665013,IT Support,Low,SLA Breached,96.92028202609838
GSSA10025012,Applications,high,SLA Breached,87.52824272483798
GSSA10025011,Applications,Critical,SLA Breached,87.68406884714928
GSSA1253935010,Data Center,Low,SLA Breached,87.19782656086961
GSSA10025009,Security,medium,SLA Breached,115.91140815113954
GSSA1053785008,Data Center,high,SLA Breached,89.77607302758338
GSSA10025007,IT Support,Critical,SLA Breached,88.10022894899191
GSSA1219105006,Applications,Critical,SLA Breached,88.199965521809
GSSA10025005,Applications,High,SLA Breached,87.2619572050684
GSSA1344225004,Infrastructure,Critical,SLA Breached,87.70167653836286
GSSA1215865003,Security,Low,SLA Breached,96.92028202609838
GSSA1253935002,Applications,Low,SLA Breached,84.25358180358263
GSSA1219105001,Applications,Medium,SLA Breached,86.15373798051785
GSSA1053485000,Applications,High,SLA Breached,88.09561355685133
GSSA10024999,IT Support,Low,SLA Breached,86.28264088194105
GSSA10024998,Infrastructure,Critical,SLA Breached,88.199965521809
GSSA1242334997,Infrastructure,Critical,SLA Breached,87.48824272483799
GSSA10024996,IT Support,medium,SLA Breached,89.7286174860876
GSSA777944995,Data Center,Critical,SLA Breached,83.81659527511098
GSSA10024994,Security,Low,SLA Breached,88.51404221002046
GSSA10024993,Infrastructure,high,SLA Breached,87.65990832654191
GSSA1253934992,Data Center,Low,SLA Breached,87.19782656086961
GSSA10024991,Infrastructure,Critical,SLA Breached,88.16852796563889
GSSA10024990,Data Center,Low,SLA Breached,88.86424361635903
GSSA1060834989,Infrastructure,Medium,SLA Breached,88.26174884452543
GSSA10024988,Infrastructure,high,SLA Breached,87.83936244813651
GSSA10024987,Applications,Critical,SLA Breached,88.19901409759979
GSSA1344224986,Applications,High,SLA Breached,89.5365866090155
GSSA10024985,IT Support,Medium,Within SLA,87.56392814078337
GSSA10024984,Applications,Critical,SLA Breached,88.57801616989197
GSSA1344224983,Data Center,Critical,Within SLA,90.56895146254934
GSSA1344274982,Applications,Low,SLA Breached,87.70595406999861
GSSA10024981,Infrastructure,Critical,SLA Breached,88.199965521809
GSSA1068694980,Security,Medium,SLA Breached,87.92636185814042
GSSA1063284979,Applications,High,SLA Breached,90.0048311303162
GSSA1052474978,IT Support,Medium,SLA Breached,91.7177625734927
GSSA1053854977,Security,Medium,SLA Breached,87.65990832654191
GSSA1063284976,Security,Critical,Within SLA,81.34326490617204
GSSA1219104975,Infrastructure,medium,SLA Breached,88.14721385922493
GSSA1219104974,Infrastructure,medium,SLA Breached,89.04227826836288
GSSA10024973,Infrastructure,High,SLA Breached,87.65990832654191
GSSA10024972,Applications,Medium,SLA Breached,89.44719441621028
GSSA948664971,Security,Medium,SLA Breached,89.34036930052073
GSSA1346114970,Data Center,high,SLA Breached,94.08051700913624
GSSA10024969,Security,Low,SLA Breached,88.56132686655943
GSSA10024968,IT Support,Critical,SLA Breached,87.65405892798188
GSSA737754967,Data Center,Medium,SLA Breached,93.95961166452803
GSSA948664966,IT Support,Critical,SLA Breached,87.65990832654191
GSSA10024965,Infrastructure,high,SLA Breached,88.12864277554989
GSSA777924964,Infrastructure,Low,SLA Breached,88.05543302141982
GSSA1344274963,Applications,high,SLA Breached,88.11073567219118
GSSA10024962,Security,Critical,SLA Breached,90.53083350886645
GSSA10024961,IT Support,medium,SLA Breached,87.57824926166118
GSSA10024960,Security,Critical,SLA Breached,88.19901409759979
GSSA10024959,Infrastructure,High,SLA Breached,87.92272174219586
GSSA10024958,IT Support,Low,SLA Breached,87.91259986883045
GSSA10024957,Security,High,SLA Breached,90.32374195300017
GSSA10024956,Infrastructure,Medium,SLA Breached,87.65990832654191
GSSA10024955,Applications,Critical,SLA Breached,119.17243231431712
GSSA10024954,Applications,Critical,SLA Breached,87.66834176604206
GSSA10024953,IT Support,Low,SLA Breached,89.73220961147774
GSSA737754952,Data Center,Critical,SLA Breached,88.37046495018537
GSSA664594951,Security,high,SLA Breached,87.99715048176226
GSSA1225034950,Applications,Low,Within SLA,90.42863688979615
GSSA1053484949,Data Center,Critical,SLA Breached,87.8257245296858
GSSA10024948,Security,Medium,SLA Breached,89.44719441621028
GSSA1061674947,Data Center,Critical,SLA Breached,91.00598533765681
GSSA1270224946,Infrastructure,Critical,SLA Breached,87.68406884714928
GSSA10024945,Infrastructure,Medium,SLA Breached,86.45134841706238
GSSA10024944,Applications,Critical,SLA Breached,88.199965521809
GSSA10024943,Infrastructure,Critical,SLA Breached,87.92636185814042
GSSA948664942,IT Support,Critical,SLA Breached,88.98439591183009
GSSA1215864941,Infrastructure,Low,Within SLA,92.23711755940366
GSSA1253934940,Data Center,medium,SLA Breached,89.92673237154158
GSSA1053854939,Infrastructure,Medium,SLA Breached,91.2540325586808
GSSA1270224938,Data Center,Low,SLA Breached,98.89425530455628
GSSA1061674937,Infrastructure,Medium,SLA Breached,91.29910007031984
GSSA1234204936,Data Center,High,SLA Breached,87.3262628791943
GSSA1352244935,IT Support,Critical,SLA Breached,87.43362280677235
GSSA1216544934,Applications,Critical,SLA Breached,88.57801616989197
GSSA1351854933,IT Support,High,SLA Breached,87.82770071105688
GSSA10024932,Applications,high,SLA Breached,87.65990832654191
GSSA10024931,IT Support,high,SLA Breached,87.29536030568714
GSSA10024930,IT Support,high,SLA Breached,87.5322457498548
GSSA10024929,Infrastructure,Medium,SLA Breached,89.23520572451574
GSSA1234204928,Applications,medium,SLA Breached,87.43362280677235
GSSA944424927,Applications,Critical,SLA Breached,100.15740063173561
GSSA1336254926,IT Support,High,SLA Breached,90.81366940905873
GSSA1270224925,Data Center,Critical,SLA Breached,97.28807437287065
GSSA1336254924,Infrastructure,Critical,SLA Breached,84.05110100677557
GSSA777924923,Applications,medium,SLA Breached,88.77986686322942
GSSA777924922,Applications,High,SLA Breached,88.52196588951068
GSSA944424921,Infrastructure,High,Within SLA,87.1365863655576
GSSA1061674920,Infrastructure,Critical,SLA Breached,87.77373915873837
GSSA1352244919,IT Support,Low,SLA Breached,87.65990832654191
GSSA1346114918,IT Support,Low,SLA Breached,87.65990832654191
GSSA1068694917,IT Support,Medium,SLA Breached,88.36578172495291
GSSA1253884916,Infrastructure,Critical,SLA Breached,88.55278648707761
GSSA1219104915,Security,Medium,SLA Breached,89.56436345657711
GSSA1053724914,Infrastructure,Critical,SLA Breached,87.48824272483799
GSSA1052234913,Security,High,SLA Breached,83.92962682665815
GSSA1063154912,IT Support,high,SLA Breached,87.65990832654191
GSSA959404911,Applications,Critical,SLA Breached,89.79073627779157
GSSA959404910,Applications,Low,SLA Breached,96.95529699900193
GSSA777944909,Security,High,SLA Breached,86.50656717611557
GSSA948664908,Infrastructure,Medium,SLA Breached,87.48824272483799
GSSA969144907,Applications,High,SLA Breached,87.40213120365239
GSSA1052474906,Data Center,High,SLA Breached,88.57958398860929
GSSA1219104905,Applications,High,Within SLA,88.42997565768084
GSSA1223664904,Security,Critical,SLA Breached,88.339387505122
GSSA948664903,Infrastructure,Critical,SLA Breached,88.36965051111356
GSSA920554902,Infrastructure,Low,SLA Breached,79.81448099237942
GSSA1219304901,IT Support,Low,SLA Breached,99.26593769046224
GSSA1063154900,Infrastructure,high,SLA Breached,87.65990832654191
GSSA920554899,Data Center,medium,SLA Breached,87.60611336769723
GSSA1060954898,Security,Medium,SLA Breached,87.37027297970079
GSSA10024897,Infrastructure,Low,Within SLA,91.0987321049247
GSSA1344274896,IT Support,Medium,SLA Breached,87.1758456838828
GSSA1060954895,IT Support,Medium,SLA Breached,87.25964557041361
GSSA969144894,Applications,Critical,SLA Breached,88.44583237303587
GSSA1314214893,IT Support,high,SLA Breached,89.04857964960914
GSSA948494892,Data Center,Medium,SLA Breached,97.07168052948016
GSSA1053904891,Security,High,SLA Breached,84.07621110456692
GSSA1223664890,Applications,Critical,SLA Breached,87.48824272483799
GSSA1252314889,Infrastructure,medium,SLA Breached,94.52964273176168
GSSA1244044888,IT Support,Critical,SLA Breached,87.85331161502857
GSSA10024887,Infrastructure,Low,SLA Breached,87.14219390738148
GSSA948494886,IT Support,Medium,SLA Breached,94.71596415336191
GSSA1344274885,Data Center,Medium,SLA Breached,88.18745941455833
GSSA1050814884,Infrastructure,Low,SLA Breached,102.96971692918862
GSSA1050924883,Data Center,medium,Within SLA,87.66858473525089
GSSA1060954882,Applications,Medium,SLA Breached,87.1038194481023
GSSA1344274881,Data Center,Low,SLA Breached,88.55518009140191
GSSA1053784880,Data Center,Medium,SLA Breached,89.28339335351936
GSSA1060954879,Security,Low,SLA Breached,85.95689227306949
GSSA1068694878,Applications,High,SLA Breached,94.85678976754463
GSSA1244894877,Data Center,High,SLA Breached,86.61696402319528
GSSA1063154876,IT Support,medium,SLA Breached,91.7246579459674
GSSA1068694875,Applications,High,SLA Breached,93.06523204587889
GSSA1218884874,IT Support,high,SLA Breached,87.65990832654191
GSSA1270224873,Security,High,SLA Breached,85.65199949062216
GSSA1053484872,Security,High,Within SLA,88.14290088078323
GSSA1068694871,IT Support,High,SLA Breached,93.86088957713508
GSSA1053904870,Infrastructure,Low,SLA Breached,87.48824272483799
GSSA1050924869,Data Center,Critical,SLA Breached,87.53605610586816
GSSA1223664868,IT Support,Critical,SLA Breached,88.199965521809
GSSA1257134867,Infrastructure,Critical,SLA Breached,87.65798264202066
GSSA948664866,Infrastructure,high,SLA Breached,85.49003327228144
GSSA1061674865,IT Support,Critical,SLA Breached,88.70243482498957
GSSA1254214864,Applications,Critical,SLA Breached,83.3778947795436
GSSA1061674863,Security,Critical,SLA Breached,88.96984119917632
GSSA1068694862,IT Support,High,SLA Breached,95.04628448489719
GSSA944424861,Data Center,Critical,SLA Breached,87.98052383048717
GSSA1262354860,Infrastructure,Medium,SLA Breached,98.46346300391113
GSSA795674859,Applications,high,SLA Breached,87.49326217269576
GSSA1215864858,Applications,Critical,SLA Breached,87.88259747301186
GSSA664594857,Data Center,high,SLA Breached,89.07977308867801
GSSA923774856,Security,Low,SLA Breached,88.1994599371934
GSSA1219104855,Applications,Critical,SLA Breached,86.15373798051785
GSSA1270204854,IT Support,Critical,SLA Breached,87.48824272483799
GSSA1219304853,Applications,Low,SLA Breached,90.73633166109332
GSSA1060954852,Data Center,Low,SLA Breached,88.11605009869268
GSSA1215624851,Security,high,SLA Breached,87.3262628791943
GSSA1219304850,Security,Medium,SLA Breached,88.26796714063344
GSSA1071054849,Infrastructure,Low,Within SLA,87.90965971950199
GSSA920554848,IT Support,Critical,SLA Breached,88.32023904700246
GSSA1219104847,Data Center,high,SLA Breached,87.65990832654191
GSSA1061674846,Applications,Critical,SLA Breached,87.33565094470953
GSSA1215864845,Applications,Critical,SLA Breached,80.85727889396783
GSSA1314214844,Data Center,Low,SLA Breached,88.02296374405954
GSSA664594843,Applications,Medium,SLA Breached,88.17001622318745
GSSA948494842,Infrastructure,Medium,SLA Breached,84.4103048794589
GSSA1215864841,Infrastructure,High,SLA Breached,99.85650917713475
GSSA1053784840,Applications,Medium,SLA Breached,89.28339335351936
GSSA1071054839,Data Center,High,Within SLA,87.4066398888034
GSSA664594838,Infrastructure,High,SLA Breached,79.03906602487734
GSSA948664837,Data Center,Critical,SLA Breached,91.09022683005678
GSSA1252314836,Infrastructure,Low,SLA Breached,86.46182325133604
GSSA1053904835,Security,Medium,SLA Breached,88.27189455069586
GSSA1053824834,IT Support,High,SLA Breached,86.6217870655207
GSSA1050814833,Infrastructure,Low,SLA Breached,102.96971692918862
GSSA1244894832,Data Center,Low,SLA Breached,87.68582209413344
GSSA1052474831,IT Support,Medium,SLA Breached,87.95511560091356
GSSA1244894830,Infrastructure,High,SLA Breached,87.40213120365239
GSSA1223664829,Applications,High,SLA Breached,88.34547420678162
GSSA1068694828,IT Support,High,SLA Breached,92.03791205355196
GSSA1068694827,IT Support,Medium,SLA Breached,91.1087966770281
GSSA1060954826,Data Center,Low,Within SLA,87.17861407752248
GSSA1060834825,Applications,High,SLA Breached,87.40213120365239
GSSA1063154824,Applications,medium,SLA Breached,87.65990832654191
GSSA1257134823,Data Center,medium,Within SLA,88.98396752559327
GSSA1219104822,Applications,Low,SLA Breached,86.15076335038445
GSSA1054094821,Security,high,SLA Breached,87.8257245296858
GSSA777944820,Applications,Low,SLA Breached,87.76004953024561
GSSA1252524819,Infrastructure,Medium,SLA Breached,98.68856436258937
GSSA1053854818,Applications,Critical,SLA Breached,88.199965521809
GSSA923774817,Applications,Low,SLA Breached,90.19205128186434
GSSA1336254816,Data Center,High,SLA Breached,84.7395549966577
GSSA1253934815,Security,Low,SLA Breached,88.48894658212376
GSSA944634814,Security,Critical,SLA Breached,87.08704881350225
GSSA1253934813,Security,High,SLA Breached,89.70593309408038
GSSA1344224812,Infrastructure,High,SLA Breached,89.84888570470585
GSSA1068694811,Infrastructure,High,SLA Breached,87.65990832654191
GSSA795674810,Data Center,Critical,Within SLA,86.26144442587287
GSSA795674809,Security,Medium,SLA Breached,87.54264994925596
GSSA1071054808,Applications,High,SLA Breached,179.75196634848862
GSSA1242334807,Infrastructure,high,SLA Breached,87.65990832654191
GSSA1052234806,Applications,Critical,SLA Breached,87.43362280677235
GSSA1060954805,Applications,Low,SLA Breached,87.9978636173722
GSSA1252524804,Applications,medium,SLA Breached,87.65990832654191
GSSA1252524803,IT Support,Medium,SLA Breached,88.25602734995478
GSSA1060834802,IT Support,Low,SLA Breached,88.49496056063262
GSSA1052234801,Infrastructure,Medium,SLA Breached,92.7637344981296
GSSA1252424800,Applications,Low,SLA Breached,89.68254634294638
GSSA1053904799,Infrastructure,Medium,Within SLA,87.65990832654191
GSSA795674798,Applications,Low,Within SLA,88.00670490278483
GSSA1216544797,IT Support,Critical,SLA Breached,87.68993188688636
GSSA1063154796,Data Center,high,SLA Breached,86.57867395340146
GSSA1252524795,Applications,medium,SLA Breached,88.27848848085367
GSSA795674794,Infrastructure,high,Within SLA,87.82371706764631
GSSA795674793,IT Support,Critical,SLA Breached,86.99106862774372
GSSA795674792,Data Center,Medium,SLA Breached,91.81101340020767
GSSA1252524791,Data Center,high,SLA Breached,87.65990832654191
GSSA1062414790,Security,high,SLA Breached,88.48568948580335
GSSA1219304789,Security,Low,SLA Breached,98.6245717318613
GSSA1234204788,IT Support,Medium,SLA Breached,90.53083350886645
GSSA1344224787,Applications,Medium,SLA Breached,89.59110858181631
GSSA1244044786,Data Center,High,SLA Breached,88.23795367018397
GSSA777924785,IT Support,Critical,SLA Breached,87.48824272483799
GSSA1225034784,IT Support,high,SLA Breached,87.83936244813651
GSSA484454783,Applications,Medium,SLA Breached,94.60317657076133
GSSA664594782,Infrastructure,Low,SLA Breached,84.35855538676228
GSSA944424781,IT Support,Low,SLA Breached,88.96945907812014
GSSA1219104780,Data Center,Critical,SLA Breached,87.8257245296858
GSSA1060954779,Data Center,Low,SLA Breached,99.76112698394759
GSSA1252314778,IT Support,Low,SLA Breached,87.78686138422646
GSSA1253934777,IT Support,Low,SLA Breached,87.40213120365239
GSSA948494776,IT Support,High,SLA Breached,89.57856044064053
GSSA664594775,IT Support,medium,SLA Breached,89.2120838092176
GSSA1314214774,Applications,medium,SLA Breached,90.64597074461689
GSSA1063154773,IT Support,high,SLA Breached,87.65990832654191
GSSA777944772,Security,Low,SLA Breached,89.98597545648538
GSSA1351854771,Security,Low,SLA Breached,88.01411742780634
GSSA1252524770,Applications,high,SLA Breached,93.34801108189019
GSSA1060714769,Infrastructure,High,SLA Breached,87.8257245296858
GSSA1245114768,Data Center,high,SLA Breached,87.14704740962175
GSSA948494767,Security,medium,SLA Breached,115.30482167172032
GSSA1244044766,IT Support,Critical,SLA Breached,93.51886208455491
GSSA1270224765,Security,Medium,SLA Breached,95.31199199236605
GSSA10024764,IT Support,Critical,SLA Breached,82.84996668400291
GSSA1215864763,Data Center,Medium,SLA Breached,87.94946680975735
GSSA1270224762,Security,medium,SLA Breached,87.65990832654191
GSSA1252524761,Infrastructure,Critical,SLA Breached,108.429828090293
GSSA777924760,Data Center,Medium,SLA Breached,91.05966149854801
GSSA1270224759,Applications,Critical,SLA Breached,87.14408934303916
GSSA923774758,Applications,Low,SLA Breached,87.36231416800128
GSSA1061674757,IT Support,High,SLA Breached,84.55054512492464
GSSA777924756,Security,Low,SLA Breached,86.26258699239229
GSSA1052474755,Data Center,High,SLA Breached,98.93405528845359
GSSA1052474754,Security,Critical,SLA Breached,87.73272219481632
GSSA10024753,IT Support,Low,SLA Breached,87.81520173971558
GSSA1219304752,Applications,Low,SLA Breached,86.46656511005482
GSSA1215864751,IT Support,medium,SLA Breached,86.43642512851692
GSSA1053854750,Applications,Critical,Within SLA,92.02835040116605
GSSA1219104749,Data Center,Medium,SLA Breached,87.96036618148541
GSSA923774748,Applications,Critical,Within SLA,88.81998483018252
GSSA923774747,Applications,Critical,SLA Breached,87.59270418702073
GSSA777924746,IT Support,Medium,SLA Breached,91.05966149854801
GSSA944634745,Applications,Low,SLA Breached,88.94715914744994
GSSA1223664744,IT Support,Low,SLA Breached,87.68406884714928
GSSA1270224743,IT Support,Medium,Within SLA,86.39836094951308
GSSA1052474742,Infrastructure,Medium,Within SLA,85.59670973038723
GSSA1215864741,Applications,High,SLA Breached,94.78188304554952
GSSA1050924740,Applications,High,Within SLA,89.00756916209131
GSSA1050924739,Applications,Critical,SLA Breached,94.02526410496384
GSSA944634738,Applications,Low,SLA Breached,94.40595549835125
GSSA1219104737,Security,Low,Within SLA,87.21034661488989
GSSA1215864736,Security,Critical,SLA Breached,81.88147804836458
GSSA1215864735,Security,High,SLA Breached,98.8023049387305
GSSA1270224734,Data Center,Medium,SLA Breached,86.933018444939
GSSA959404733,IT Support,Critical,SLA Breached,88.31058742362553
GSSA1062414732,Infrastructure,high,Within SLA,86.6304713081938
GSSA1062414731,Data Center,High,SLA Breached,98.06415665029398
GSSA1062414730,Security,Critical,SLA Breached,98.44518119282311
GSSA1253934729,Infrastructure,Critical,SLA Breached,87.14711512556349
GSSA1253934728,Applications,Low,SLA Breached,88.93222527115638
GSSA777924727,Applications,Medium,SLA Breached,92.05890779978586
GSSA948664726,Security,Critical,SLA Breached,87.78669625643649
GSSA1063284725,Security,High,SLA Breached,87.65990832654191
GSSA948494724,IT Support,Critical,SLA Breached,89.73063648252477
GSSA1216544723,IT Support,medium,Within SLA,85.36381778431081
GSSA948664722,Infrastructure,Critical,SLA Breached,92.9380917978805
GSSA1071054721,Applications,High,Within SLA,80.02045245183417
GSSA777944720,Applications,Critical,SLA Breached,86.69438743129665
GSSA777924719,IT Support,High,SLA Breached,88.68778209265459
GSSA1063154718,Security,high,SLA Breached,87.65990832654191
GSSA1053484717,Security,Critical,Within SLA,92.81582005932397
GSSA1253884716,Security,high,SLA Breached,87.65990832654191
GSSA1253884715,IT Support,Critical,SLA Breached,87.73272219481632
GSSA10024714,Infrastructure,high,SLA Breached,87.68406884714928
GSSA777924713,IT Support,Low,SLA Breached,92.05890779978586
GSSA1050814712,IT Support,Critical,SLA Breached,88.73420247694531
GSSA960104711,Security,High,SLA Breached,88.31223192835391
GSSA1051694710,Applications,high,SLA Breached,87.96822898244643
GSSA10024709,IT Support,high,SLA Breached,87.29536030568714
GSSA948664708,Data Center,Medium,SLA Breached,87.84036758156427
GSSA1262354707,Applications,Critical,SLA Breached,87.88933878188521
GSSA1244894706,IT Support,Critical,SLA Breached,88.70117041905519
GSSA1257134705,IT Support,medium,Within SLA,88.5561576465409
GSSA1257134704,Security,High,SLA Breached,87.65990832654191
GSSA777924703,Data Center,Low,SLA Breached,92.05890779978586
GSSA1346114702,Infrastructure,high,SLA Breached,94.08051700913624
GSSA10024701,Applications,Critical,SLA Breached,87.75480232660622
GSSA777944700,Data Center,High,SLA Breached,87.53392777468595
GSSA1215864699,Security,Critical,SLA Breached,86.06184533064396
GSSA1253934698,Data Center,Low,SLA Breached,124.18731317050008
GSSA1071054697,Security,High,Within SLA,80.02045245183417
GSSA1061674696,Data Center,High,SLA Breached,89.64851039447622
GSSA1052234695,Security,Low,SLA Breached,87.8257245296858
GSSA1244894694,Security,Medium,SLA Breached,91.78881712224062
GSSA1061674693,Data Center,Critical,Within SLA,89.1897285626204
GSSA1234204692,Security,Medium,Within SLA,90.7024991105704
GSSA1234204691,Security,Medium,Within SLA,87.20359148467685
GSSA1232814690,Data Center,Critical,SLA Breached,91.41380239816696
GSSA1061674689,IT Support,Medium,SLA Breached,93.53520084078343
GSSA1223664688,Security,High,SLA Breached,80.93735826378006
GSSA948664687,Security,Critical,SLA Breached,88.28414598339643
GSSA948664686,Data Center,Low,SLA Breached,86.87996117952876
GSSA1053854685,Security,Critical,SLA Breached,88.7161811136743
GSSA1063154684,Data Center,Medium,SLA Breached,89.28974606153973
GSSA1052564683,IT Support,Critical,SLA Breached,90.40973582546347
GSSA1253934682,Infrastructure,High,SLA Breached,88.32023904700246
GSSA948664681,Applications,medium,SLA Breached,88.23795367018397
GSSA10024680,Data Center,High,SLA Breached,87.40213120365239
GSSA923774679,Infrastructure,High,Within SLA,91.07609443952295
GSSA923774678,Infrastructure,Medium,SLA Breached,94.50787325182944
GSSA1053724677,Data Center,Critical,SLA Breached,90.77531297884481
GSSA1252524676,IT Support,Medium,SLA Breached,87.72773071617326
GSSA1223664675,IT Support,high,SLA Breached,87.65990832654191
GSSA1053724674,Data Center,high,SLA Breached,87.65990832654191
GSSA10024673,Security,Critical,Within SLA,95.7148219302685
GSSA1253884672,Infrastructure,medium,Within SLA,91.00867688001217
GSSA1060834671,Security,High,SLA Breached,141.97023511683523
GSSA1223664670,IT Support,Critical,SLA Breached,87.04258062326628
GSSA1344224669,Applications,Critical,SLA Breached,86.88157208487222
GSSA1252524668,IT Support,Critical,SLA Breached,87.87927424074549
GSSA429194667,Applications,Medium,SLA Breached,93.13502418817774
GSSA960104666,Infrastructure,Critical,Within SLA,87.65990832654191
GSSA1219104665,Security,high,SLA Breached,87.83936244813651
GSSA1215864664,Data Center,Critical,SLA Breached,108.27501654105485
GSSA1052234663,Data Center,Critical,SLA Breached,89.11342903870562
GSSA1060834662,IT Support,Critical,SLA Breached,85.76243731590193
GSSA777944661,Infrastructure,High,SLA Breached,88.6208649250176
GSSA10024660,Security,Critical,SLA Breached,87.10643445541415
GSSA944424659,Infrastructure,Medium,SLA Breached,89.75080591692503
GSSA1053484658,IT Support,medium,SLA Breached,88.80781338798585
GSSA1053904657,Applications,high,SLA Breached,88.27189455069586
GSSA1270224656,Infrastructure,Critical,Within SLA,87.55954834202174
GSSA1061674655,Applications,High,Within SLA,89.07589773042393
GSSA1071054654,Applications,Medium,Within SLA,87.4066398888034
GSSA1223664653,Infrastructure,High,SLA Breached,86.19167066389353
GSSA948664652,Data Center,Critical,SLA Breached,91.749061748143
GSSA1215864651,IT Support,High,SLA Breached,97.16250794592577
GSSA1215864650,Security,Medium,SLA Breached,100.64827945180615
GSSA777924649,Infrastructure,Low,SLA Breached,88.28009893788396
GSSA1215864648,Applications,High,SLA Breached,110.04271136124491
GSSA1219104647,Applications,Critical,SLA Breached,87.48824272483799
GSSA1063154646,Applications,Medium,SLA Breached,87.75977257454056
GSSA1053824645,Infrastructure,High,SLA Breached,88.52196588951068
GSSA1253884644,Security,High,SLA Breached,86.96296393629892
GSSA1219104643,Security,high,SLA Breached,88.28084661135405
GSSA1219104642,Data Center,Medium,SLA Breached,87.48824272483799
GSSA1254214641,Security,Low,Within SLA,95.83897503666013
GSSA1254214640,IT Support,Critical,SLA Breached,88.27189455069586
GSSA10024639,IT Support,high,SLA Breached,88.02043023328059
GSSA1053784638,Security,Critical,SLA Breached,87.519457394314
GSSA10024637,Security,Low,SLA Breached,87.23757943123607
GSSA10024636,Security,Low,SLA Breached,91.46592360135804
GSSA795674635,IT Support,Medium,Within SLA,87.65990832654191
GSSA10024634,Applications,high,SLA Breached,87.80897561192474
GSSA10024633,Data Center,Low,Within SLA,91.44240943657992
GSSA1223664632,Data Center,Critical,SLA Breached,87.3684245771738
GSSA959404631,IT Support,High,SLA Breached,95.01313599747753
GSSA948494630,Data Center,medium,SLA Breached,89.48575139703246
GSSA1254214629,IT Support,high,SLA Breached,87.83936244813651
GSSA1068694628,Security,High,SLA Breached,88.35620843136287
GSSA777944627,Data Center,High,SLA Breached,96.68086047998763
GSSA1050814626,Infrastructure,Critical,SLA Breached,87.73343682839133
GSSA960104625,Applications,Medium,SLA Breached,92.0881555656611
GSSA1215864624,Data Center,medium,SLA Breached,105.96031557148419
GSSA1252524623,Infrastructure,high,SLA Breached,87.34612956993567
GSSA1068694622,IT Support,Critical,Within SLA,92.37245381349945
GSSA1050924621,IT Support,High,SLA Breached,87.40213120365239
GSSA1215864620,Security,Medium,SLA Breached,87.65990832654191
GSSA1061674619,Security,Low,Within SLA,92.99523834377881
GSSA1225034618,Data Center,high,SLA Breached,87.99626708297276
GSSA1219104617,IT Support,high,SLA Breached,87.65990832654191
GSSA1050814616,Infrastructure,Medium,SLA Breached,97.60575058637588
GSSA1223664615,IT Support,Medium,Within SLA,88.99866947509032
GSSA10024614,IT Support,high,SLA Breached,87.65990832654191
GSSA1346114613,Applications,high,SLA Breached,87.65990832654191
GSSA1223664612,Applications,medium,SLA Breached,87.65990832654191
GSSA1053784611,Applications,Medium,SLA Breached,89.28339335351936
GSSA1050924610,Infrastructure,Critical,SLA Breached,87.31860016200005
GSSA1053784609,Security,Low,SLA Breached,118.88837877596336
GSSA1060954608,Data Center,Critical,SLA Breached,87.98192729145237
GSSA10024607,Data Center,high,SLA Breached,88.04499065160385
GSSA1223664606,Infrastructure,High,Within SLA,89.54598113266593
GSSA1050924605,IT Support,Low,SLA Breached,88.396180818618
GSSA1053824604,Applications,high,SLA Breached,87.83936244813651
GSSA948494603,Data Center,Low,SLA Breached,85.46474110435945
GSSA1253884602,Infrastructure,High,Within SLA,88.1575642748657
GSSA1071054601,Applications,High,Within SLA,89.84888570470585
GSSA10024600,Security,high,SLA Breached,87.65990832654191
GSSA1223664599,IT Support,Low,SLA Breached,88.42302929307002
GSSA1245114598,Security,Critical,SLA Breached,86.7892531647966
GSSA1270224597,IT Support,Critical,Within SLA,99.33370577860138
GSSA1270224596,Security,Critical,SLA Breached,90.63056746031621
GSSA1053904595,Security,Low,SLA Breached,87.65990832654191
GSSA923774594,Security,Critical,SLA Breached,88.55141455954902
GSSA1215864593,Security,Critical,Within SLA,88.5933688457737
GSSA10024592,IT Support,High,SLA Breached,87.72166531587449
GSSA1053904591,Security,Critical,SLA Breached,87.83159822177679
GSSA959404590,IT Support,High,SLA Breached,88.93544668414003
GSSA1053784589,IT Support,Critical,SLA Breached,89.41303889108809
GSSA1061674588,Security,Critical,SLA Breached,88.57801616989197
GSSA10024587,Data Center,high,SLA Breached,87.65990832654191
GSSA1242334586,Infrastructure,Low,SLA Breached,90.4000805715008
GSSA1050814585,Security,medium,SLA Breached,87.6191632310923
GSSA1053484584,Security,medium,SLA Breached,87.52081175577887
GSSA1245114583,IT Support,Critical,SLA Breached,85.55726694064263
GSSA948664582,Security,Low,SLA Breached,98.37793513577493
GSSA1254214581,IT Support,Low,SLA Breached,97.28469585412354
GSSA1053904580,Infrastructure,Critical,SLA Breached,87.92636185814042
GSSA10024579,Security,high,SLA Breached,87.65990832654191
GSSA777944578,Security,Medium,SLA Breached,93.6182687021826
GSSA1060954577,Infrastructure,Low,SLA Breached,85.73559561657936
GSSA10024576,Infrastructure,Critical,SLA Breached,90.37405330062624
GSSA10024575,Security,High,SLA Breached,87.20359148467685
GSSA10024574,IT Support,Low,SLA Breached,87.65990832654191
GSSA1253884573,Data Center,Critical,SLA Breached,87.88178948019917
GSSA1253884572,Infrastructure,Critical,SLA Breached,87.48824272483799
GSSA948664571,Infrastructure,high,SLA Breached,87.81027523301671
GSSA1071054570,Applications,Medium,SLA Breached,90.54344191555873
GSSA822474569,Security,High,SLA Breached,87.88206486269736
GSSA429194568,Data Center,medium,SLA Breached,86.5175603294974
GSSA10024567,Applications,Critical,SLA Breached,97.19593830813447
GSSA1062414566,Applications,High,SLA Breached,99.92441872823933
GSSA1060834565,Applications,Critical,SLA Breached,86.36331994492255
GSSA795674564,IT Support,Low,Within SLA,88.3851777854718
GSSA1253934563,IT Support,Critical,SLA Breached,87.73272219481632
GSSA815654562,Infrastructure,medium,SLA Breached,97.34396596703635
GSSA1050924561,Applications,Critical,SLA Breached,87.62350413555261
GSSA1060834560,Infrastructure,High,SLA Breached,149.35764134838806
GSSA1052564559,IT Support,Critical,Within SLA,87.60612072041147
GSSA1068694558,IT Support,Low,SLA Breached,96.36971527711519
GSSA959684557,Infrastructure,high,SLA Breached,90.72665963117777
GSSA1060834556,Applications,high,SLA Breached,89.07170512408601
GSSA959684555,Applications,medium,SLA Breached,85.48739242414612
GSSA737754554,Infrastructure,Critical,SLA Breached,87.73691694502793
GSSA1252524553,Data Center,Critical,SLA Breached,88.27189455069586
GSSA1071054552,Security,High,SLA Breached,87.98872608296487
1352244936,Product Support,high,Within SLA,97.64400011091517
1352244937,Technical Support,high,SLA Breached,90.33728213383355
1352244938,Customer Service,medium,Within SLA,88.04951552991284
1352244939,Technical Support,medium,Within SLA,95.67013541350741
1352244940,Customer Service,high,SLA Breached,88.2242165796074
1352244941,IT Support,medium,SLA Breached,102.12740765745878
1352244942,Returns and Exchanges,medium,Within SLA,88.23367769542592
1352244943,Returns and Exchanges,medium,Within SLA,88.29505969903177
1352244944,Product Support,medium,Within SLA,79.1513431932465
1352244945,Technical Support,medium,SLA Breached,83.41425834350026
1352244946,Technical Support,medium,Within SLA,93.73865971361334
1352244947,Sales and Pre-Sales,medium,SLA Breached,87.50641657689715
1352244948,Product Support,medium,Within SLA,88.01640236918719
1352244949,Product Support,medium,SLA Breached,88.73662038567325
1352244950,Technical Support,medium,SLA Breached,107.90429336505127
1352244951,Billing and Payments,medium,Within SLA,89.48866607100348
1352244952,Technical Support,high,SLA Breached,83.86523878053298
1352244953,Billing and Payments,low,SLA Breached,87.54823440684878
1352244954,Customer Service,medium,SLA Breached,75.10174786617068
1352244955,IT Support,medium,SLA Breached,103.58524181913948
1352244956,Product Support,medium,Within SLA,92.71857726691519
1352244957,Sales and Pre-Sales,medium,SLA Breached,87.39680246334616
1352244958,Technical Support,high,SLA Breached,87.84103110207855
1352244959,Customer Service,low,SLA Breached,93.64139016290261
1352244960,Technical Support,medium,Within SLA,115.8621780007705
1352244961,Technical Support,high,Within SLA,77.64475774640445
1352244962,Billing and Payments,medium,Within SLA,72.94754017118727
1352244963,Technical Support,medium,SLA Breached,91.8727208047542
1352244964,Billing and Payments,medium,Within SLA,86.99289734796737
1352244965,Product Support,medium,SLA Breached,89.49802104070379
1352244966,Returns and Exchanges,high,Within SLA,91.02477861155228
1352244967,Technical Support,medium,SLA Breached,91.13365152016593
1352244968,Technical Support,medium,Within SLA,89.06028140534845
1352244969,Customer Service,high,Within SLA,100.1720922725793
1352244970,Technical Support,medium,SLA Breached,92.05502856148091
1352244971,Technical Support,medium,SLA Breached,91.11779176903723
1352244972,Product Support,medium,SLA Breached,88.74177512315899
1352244973,Human Resources,medium,Within SLA,91.61281471201796
1352244974,Technical Support,medium,Within SLA,77.19241813534902
1352244975,Technical Support,low,Within SLA,88.26893348835753
1352244976,Returns and Exchanges,medium,Within SLA,90.32211626507731
1352244977,Technical Support,medium,SLA Breached,88.48644468967885
1352244978,Product Support,high,SLA Breached,90.9699105038712
1352244979,Technical Support,medium,SLA Breached,95.97078049629263
1352244980,Product Support,medium,SLA Breached,87.6446621041419
1352244981,Billing and Payments,medium,SLA Breached,88.446593437759
1352244982,Product Support,high,SLA Breached,89.70339911154149
1352244983,Customer Service,medium,Within SLA,89.4666294853941
1352244984,Customer Service,medium,Within SLA,73.56196129985547
1352244985,Billing and Payments,medium,Within SLA,93.3344541951208
1352244986,Technical Support,high,Within SLA,84.370912062267
1352244987,Service Outages and Maintenance,low,Within SLA,88.6597076986217
1352244988,Technical Support,medium,Within SLA,84.87428851092838
1352244989,IT Support,medium,SLA Breached,98.44848212042886
1352244990,Technical Support,medium,SLA Breached,87.95542319437268
1352244991,Technical Support,medium,SLA Breached,79.77281529629363
1352244992,IT Support,medium,Within SLA,75.74136581424948
1352244993,Product Support,medium,Within SLA,97.11168439185553
1352244994,Technical Support,medium,Within SLA,92.6208541784034
1352244995,Technical Support,high,Within SLA,85.77291407388007
1352244996,Technical Support,medium,SLA Breached,107.05238721768505
1352244997,Technical Support,medium,SLA Breached,83.20126229865083
1352244998,Product Support,medium,SLA Breached,89.34559981904675
1352244999,Technical Support,low,SLA Breached,99.29021632225081
1352245000,Technical Support,medium,Within SLA,79.95868523182078
1352245001,IT Support,high,SLA Breached,91.55051124135989
1352245002,Technical Support,medium,SLA Breached,90.84343865789454
1352245003,Customer Service,medium,SLA Breached,80.06647348419928
1352245004,Customer Service,medium,SLA Breached,93.17751930515443
1352245005,Product Support,high,SLA Breached,85.06539028821965
1352245006,Customer Service,medium,SLA Breached,92.66957759308866
1352245007,Billing and Payments,medium,Within SLA,86.8548422263292
1352245008,Technical Support,high,Within SLA,87.34555355030484
1352245009,Returns and Exchanges,medium,SLA Breached,109.21042297253778
1352245010,Product Support,medium,SLA Breached,113.98438455484863
1352245011,Customer Service,medium,Within SLA,88.96605925384455
1352245012,Service Outages and Maintenance,high,Within SLA,78.53526705699488
1352245013,Technical Support,medium,SLA Breached,74.9082295787978
1352245014,Product Support,high,Within SLA,88.50650108339849
1352245015,Technical Support,medium,SLA Breached,85.06154685022177
1352245016,IT Support,medium,Within SLA,98.56723581107265
1352245017,Billing and Payments,medium,SLA Breached,75.46752207772519
1352245018,Customer Service,medium,SLA Breached,75.74885233986825
1352245019,Returns and Exchanges,medium,SLA Breached,97.20804714573063
1352245020,IT Support,medium,SLA Breached,89.33009462510071
1352245021,IT Support,medium,SLA Breached,95.52144652787915
1352245022,Product Support,high,Within SLA,89.17751666581077
1352245023,Returns and Exchanges,medium,SLA Breached,88.95701472464049
1352245024,Technical Support,high,Within SLA,94.41264982263398
1352245025,Technical Support,medium,Within SLA,80.69406339550149
1352245026,Sales and Pre-Sales,medium,SLA Breached,79.95216741234826
1352245027,Returns and Exchanges,medium,SLA Breached,95.28120799615853
1352245028,Product Support,medium,SLA Breached,87.49670969828726
1352245029,Technical Support,high,SLA Breached,87.8105951659515
1352245030,Sales and Pre-Sales,medium,Within SLA,86.37640481986709
1352245031,Customer Service,medium,SLA Breached,77.78292321596884
1352245032,Sales and Pre-Sales,high,SLA Breached,88.30267855448233
1352245033,Billing and Payments,high,Within SLA,90.57419181953858
1352245034,Billing and Payments,medium,SLA Breached,88.03396789321374
1352245035,Technical Support,medium,Within SLA,87.76010285727553
1352245036,IT Support,medium,Within SLA,98.85559547692776
1352245037,Technical Support,medium,Within SLA,95.92312631279421
1352245038,IT Support,medium,SLA Breached,87.35233027411583
1352245039,IT Support,medium,SLA Breached,79.73046520342956
1352245040,Billing and Payments,medium,Within SLA,89.13599861421714
1352245041,Customer Service,medium,SLA Breached,89.84551373034571
1352245042,Product Support,medium,Within SLA,79.38291802140617
1352245043,Service Outages and Maintenance,medium,SLA Breached,86.63705333750161
1352245044,Technical Support,high,Within SLA,82.3476228481063
1352245045,Product Support,medium,SLA Breached,88.77948052747823
1352245046,Product Support,medium,SLA Breached,83.38556932403468
1352245047,Human Resources,medium,Within SLA,95.27763043448546
1352245048,Technical Support,low,Within SLA,86.09332743533187
1352245049,Customer Service,medium,Within SLA,89.37439949372914
1352245050,Product Support,medium,Within SLA,105.23283160705134
1352245051,Technical Support,medium,Within SLA,92.1662818905784
1352245052,Technical Support,medium,Within SLA,107.19205442520527
1352245053,Technical Support,medium,Within SLA,87.81914834791158
1352245054,Product Support,medium,Within SLA,79.12641519570667
1352245055,Returns and Exchanges,medium,SLA Breached,93.72425087771217
1352245056,Technical Support,medium,SLA Breached,88.48348316036446
1352245057,Billing and Payments,high,Within SLA,89.81793816227415
1352245058,Billing and Payments,medium,SLA Breached,89.54073077228009
1352245059,Customer Service,medium,Within SLA,90.91620833695403
1352245060,Technical Support,high,Within SLA,88.23183579568867
1352245061,Customer Service,medium,Within SLA,87.94995147499274
1352245062,Technical Support,medium,Within SLA,96.5518937812889
1352245063,Product Support,medium,SLA Breached,91.24469407501115
1352245064,Technical Support,medium,Within SLA,89.74272360943591
1352245065,Technical Support,medium,Within SLA,92.71107829370867
1352245066,Returns and Exchanges,medium,Within SLA,83.12552837422469
1352245067,Product Support,medium,SLA Breached,95.38735670113103
1352245068,Billing and Payments,medium,Within SLA,80.34375490327575
1352245069,IT Support,high,Within SLA,111.15719948000532
1352245070,Sales and Pre-Sales,low,SLA Breached,80.91838289512924
1352245071,Sales and Pre-Sales,medium,SLA Breached,79.95216741234826
1352245072,Technical Support,medium,SLA Breached,87.75880095267385
1352245073,IT Support,medium,Within SLA,79.94210175018331
1352245074,Billing and Payments,medium,Within SLA,88.63112298873052
1352245075,Product Support,medium,SLA Breached,103.02615693141854
1352245076,Technical Support,high,SLA Breached,92.05062848649295
1352245077,Returns and Exchanges,medium,SLA Breached,86.14368170501487
1352245078,Product Support,medium,Within SLA,77.4702236501054
1352245079,Customer Service,medium,Within SLA,86.43692141146256
1352245080,Customer Service,high,SLA Breached,88.39893994236463
1352245081,Customer Service,medium,SLA Breached,88.97957546556604
1352245082,IT Support,high,SLA Breached,79.06913208986562
1352245083,Technical Support,medium,Within SLA,92.98110454845744
1352245084,IT Support,high,Within SLA,78.70367659077104
1352245085,IT Support,high,Within SLA,89.9420688330118
1352245086,Service Outages and Maintenance,high,Within SLA,86.89373312129223
1352245087,Customer Service,medium,Within SLA,96.67976946851692
1352245088,IT Support,high,Within SLA,88.45701087556485
1352245089,Sales and Pre-Sales,medium,Within SLA,90.5670135663982
1352245090,Product Support,medium,SLA Breached,87.6444317910092
1352245091,Billing and Payments,medium,Within SLA,89.34486534507965
1352245092,Returns and Exchanges,medium,SLA Breached,94.13285749704413
1352245093,Customer Service,medium,SLA Breached,83.16448488790301
1352245094,Product Support,medium,SLA Breached,96.3571636950018
1352245095,Product Support,medium,SLA Breached,92.02051964213794
1352245096,Product Support,high,Within SLA,87.96594014738011
1352245097,IT Support,high,SLA Breached,89.88022748234081
1352245098,Customer Service,medium,Within SLA,94.70273961196409
1352245099,Product Support,medium,Within SLA,94.96476065739968
1352245100,Returns and Exchanges,medium,Within SLA,89.21612376309784
1352245101,Technical Support,high,SLA Breached,73.24338501516031
1352245102,Technical Support,low,SLA Breached,76.83233819088926
1352245103,Customer Service,medium,SLA Breached,88.45723706008292
1352245104,IT Support,low,SLA Breached,93.0257740910185
1352245105,Technical Support,high,Within SLA,94.1523140048868
1352245106,IT Support,medium,Within SLA,85.75878613014007
1352245107,Service Outages and Maintenance,medium,Within SLA,87.03464000689995
1352245108,Product Support,medium,Within SLA,94.24534716667245
1352245109,Customer Service,high,SLA Breached,87.48512928120665
1352245110,Billing and Payments,medium,Within SLA,86.61795644947685
1352245111,Product Support,high,Within SLA,92.66849068753363
1352245112,Human Resources,medium,SLA Breached,90.0381239015789
1352245113,Product Support,medium,Within SLA,88.91845030033896
1352245114,Technical Support,medium,SLA Breached,88.36745395196145
1352245115,Returns and Exchanges,high,Within SLA,87.71976445842036
1352245116,Product Support,high,SLA Breached,87.09953556316331
1352245117,Sales and Pre-Sales,low,SLA Breached,88.439190843273
1352245118,Returns and Exchanges,medium,SLA Breached,89.26403418602034
1352245119,Technical Support,medium,SLA Breached,87.36630885497138
1352245120,Customer Service,high,SLA Breached,87.92822385598025
1352245121,Technical Support,medium,SLA Breached,103.30000454003411
1352245122,Technical Support,medium,Within SLA,89.5733015506658
1352245123,Technical Support,medium,Within SLA,85.95475985326456
1352245124,Billing and Payments,high,Within SLA,90.08059835345836
1352245125,Customer Service,low,SLA Breached,89.83035227402448
1352245126,Billing and Payments,high,SLA Breached,82.63240021658359
1352245127,Human Resources,medium,Within SLA,92.3025005557059
1352245128,Technical Support,medium,Within SLA,88.00926288257911
1352245129,Product Support,medium,Within SLA,95.01108335063587
1352245130,Product Support,medium,Within SLA,98.16489407978081
1352245131,IT Support,high,SLA Breached,87.13010552116404
1352245132,Product Support,high,SLA Breached,97.1305921266043
1352245133,IT Support,high,SLA Breached,78.93862945070751
1352245134,Sales and Pre-Sales,medium,Within SLA,84.21600109185563
1352245135,Product Support,medium,Within SLA,92.05871423800072
1352245136,Technical Support,high,Within SLA,82.03776582606899
1352245137,Technical Support,medium,SLA Breached,117.04609698851786
1352245138,Product Support,high,SLA Breached,79.31174483869
1352245139,Technical Support,medium,Within SLA,85.8249767573397
1352245140,Customer Service,medium,SLA Breached,90.50824202333118
1352245141,Product Support,medium,SLA Breached,77.88409809746653
1352245142,Technical Support,high,SLA Breached,90.33728213383355
1352245143,Service Outages and Maintenance,high,SLA Breached,79.11316021367834
1352245144,Billing and Payments,high,SLA Breached,87.52081175577887
1352245145,Human Resources,medium,Within SLA,81.87856763021207
1352245146,Billing and Payments,high,Within SLA,95.5756842276594
1352245147,Billing and Payments,medium,Within SLA,86.87438631149696
1352245148,Technical Support,medium,Within SLA,88.43520417635844
1352245149,Product Support,medium,Within SLA,87.81987649408968
1352245150,Customer Service,medium,Within SLA,89.44840431139062
1352245151,Customer Service,medium,SLA Breached,83.7600522682927
1352245152,Customer Service,medium,SLA Breached,87.88588254099527
1352245153,Technical Support,high,SLA Breached,88.20083492381447
1352245154,Product Support,medium,SLA Breached,77.29512192995014
1352245155,Technical Support,medium,SLA Breached,87.87130004954258
1352245156,Technical Support,medium,Within SLA,86.2793219386015
1352245157,Technical Support,high,Within SLA,92.98567188145527
1352245158,Returns and Exchanges,medium,SLA Breached,87.69046842418878
1352245159,Technical Support,high,SLA Breached,95.32689196315953
1352245160,Product Support,medium,Within SLA,85.80977512198542
1352245161,Technical Support,high,SLA Breached,99.63544325593357
1352245162,Billing and Payments,medium,SLA Breached,85.33071049685611
1352245163,IT Support,high,Within SLA,78.50170723938979
1352245164,Customer Service,medium,Within SLA,68.76661291095236
1352245165,IT Support,high,Within SLA,89.004043600792
1352245166,Customer Service,medium,Within SLA,97.575307543181
1352245167,Technical Support,medium,SLA Breached,88.0660279386798
1352245168,Product Support,high,Within SLA,77.9398277732134
1352245169,Technical Support,high,SLA Breached,88.64037783317856
1352245170,Billing and Payments,medium,SLA Breached,88.41391300839851
1352245171,Customer Service,medium,Within SLA,86.67431227752793
1352245172,Customer Service,medium,Within SLA,80.88769454747599
1352245173,Product Support,high,SLA Breached,89.90684062358511
1352245174,Billing and Payments,high,Within SLA,91.24775039780177
1352245175,Sales and Pre-Sales,medium,SLA Breached,94.1411872645722
1352245176,Product Support,medium,Within SLA,87.22900122135877
1352245177,Technical Support,medium,SLA Breached,76.75661288813063
1352245178,Billing and Payments,high,SLA Breached,88.54924783999328
1352245179,Technical Support,medium,SLA Breached,104.53511760467929
1352245180,Customer Service,medium,SLA Breached,90.88544151211191
1352245181,Technical Support,medium,Within SLA,81.84996738461244
1352245182,Product Support,medium,Within SLA,88.03685341498924
1352245183,Product Support,medium,SLA Breached,86.91206533739152
1352245184,IT Support,high,SLA Breached,97.04240265544813
1352245185,Service Outages and Maintenance,medium,Within SLA,86.74706096766555
1352245186,Customer Service,high,Within SLA,87.91807455345483
1352245187,Customer Service,high,SLA Breached,91.18715311013958
1352245188,Returns and Exchanges,medium,Within SLA,91.55513292270484
1352245189,Product Support,medium,SLA Breached,94.80403039910234
1352245190,IT Support,high,SLA Breached,87.65990832654191
1352245191,Customer Service,medium,Within SLA,96.8971900185692
1352245192,Technical Support,medium,SLA Breached,104.66214881558341
1352245193,IT Support,medium,SLA Breached,85.95729337604008
1352245194,IT Support,medium,Within SLA,75.74798420378991
1352245195,Technical Support,medium,Within SLA,88.57575372036769
1352245196,Billing and Payments,medium,SLA Breached,88.78353435028166
1352245197,Technical Support,high,SLA Breached,91.51057669324345
1352245198,Technical Support,medium,Within SLA,85.51229946246187
1352245199,Technical Support,medium,Within SLA,98.84235190464553
1352245200,Technical Support,high,Within SLA,77.24562700741009
1352245201,Customer Service,high,SLA Breached,87.65990832654191
1352245202,General Inquiry,high,SLA Breached,93.33656557820288
1352245203,Returns and Exchanges,medium,Within SLA,89.57763354423027
1352245204,IT Support,medium,SLA Breached,99.04683400854849
1352245205,Customer Service,high,Within SLA,90.09234804476438
1352245206,Service Outages and Maintenance,medium,Within SLA,88.98034527714611
1352245207,General Inquiry,high,Within SLA,82.72312953977058
1352245208,Technical Support,medium,Within SLA,95.21593249616336
1352245209,Sales and Pre-Sales,high,SLA Breached,95.40418793950498
1352245210,Customer Service,medium,Within SLA,89.5971205334458
1352245211,Technical Support,medium,Within SLA,87.19526104173853
1352245212,Returns and Exchanges,medium,Within SLA,91.33380088064077
1352245213,Billing and Payments,high,Within SLA,91.5615080458661
1352245214,Technical Support,high,Within SLA,96.8518193066446
1352245215,Product Support,medium,SLA Breached,88.41234679241664
1352245216,Customer Service,high,Within SLA,86.11051758451511
1352245217,Human Resources,medium,SLA Breached,90.70240870554149
1352245218,Product Support,medium,Within SLA,97.09964993931143
1352245219,Technical Support,medium,SLA Breached,89.69969017078112
1352245220,Technical Support,high,SLA Breached,94.54258230468581
1352245221,Product Support,high,SLA Breached,87.65990832654191
1352245222,Technical Support,high,Within SLA,90.54827722298808
1352245223,Billing and Payments,medium,Within SLA,93.37546458434106
1352245224,Customer Service,medium,Within SLA,86.28316340418081
1352245225,Product Support,low,SLA Breached,93.30574854314064
1352245226,IT Support,high,SLA Breached,76.5374903438147
1352245227,Billing and Payments,medium,Within SLA,89.19312805371045
1352245228,Technical Support,medium,SLA Breached,89.14422825067591
1352245229,Customer Service,low,SLA Breached,84.90625447819163
1352245230,IT Support,medium,SLA Breached,88.9129328994976
1352245231,Product Support,high,Within SLA,88.97053614563966
1352245232,Product Support,medium,SLA Breached,87.05956886163166
1352245233,Technical Support,medium,Within SLA,91.95371390544594
1352245234,Billing and Payments,medium,Within SLA,91.24314923283171
1352245235,IT Support,medium,SLA Breached,90.61814747723933
1352245236,Technical Support,medium,SLA Breached,88.968911609133
1352245237,Product Support,medium,Within SLA,91.47849777178531
1352245238,Product Support,medium,SLA Breached,84.30338943601598
1352245239,Technical Support,medium,Within SLA,83.93050343288166
1352245240,Technical Support,medium,Within SLA,89.20304332982607
1352245241,Product Support,high,SLA Breached,87.8227148659061
1352245242,Customer Service,high,Within SLA,88.83895079366864
1352245243,Technical Support,medium,Within SLA,91.57809957762584
1352245244,Technical Support,medium,Within SLA,93.15044000241386
1352245245,Technical Support,medium,SLA Breached,85.8851140443316
1352245246,Product Support,high,Within SLA,96.5812898169024
1352245247,Customer Service,medium,Within SLA,87.29755790464385
1352245248,Billing and Payments,medium,SLA Breached,99.29161227440979
1352245249,General Inquiry,low,Within SLA,86.76999499685358
1352245250,Technical Support,medium,Within SLA,87.14573862850774
1352245251,Technical Support,high,Within SLA,92.424854466368
1352245252,Technical Support,high,Within SLA,90.98313163155998
1352245253,Billing and Payments,medium,Within SLA,84.41644973937989
1352245254,Service Outages and Maintenance,high,Within SLA,96.46080090554639
1352245255,Returns and Exchanges,low,Within SLA,75.26974423628795
1352245256,Technical Support,low,SLA Breached,86.63480366173329
1352245257,Product Support,high,SLA Breached,89.64772538741624
1352245258,Customer Service,medium,SLA Breached,90.13943699588212
1352245259,IT Support,medium,Within SLA,88.2367676913564
1352245260,Product Support,medium,Within SLA,79.52312911778445
1352245261,Technical Support,medium,SLA Breached,99.6599185208481
1352245262,Service Outages and Maintenance,medium,SLA Breached,98.09918436983558
1352245263,Product Support,medium,Within SLA,89.12119956516833
1352245264,Customer Service,medium,Within SLA,89.18635957728719
1352245265,Technical Support,medium,SLA Breached,89.36468664918043
1352245266,Technical Support,high,SLA Breached,93.11411635289956
1352245267,Billing and Payments,medium,Within SLA,102.30761058475072
1352245268,Customer Service,medium,Within SLA,78.35108345547133
1352245269,Technical Support,medium,SLA Breached,85.05974338747365
1352245270,Technical Support,medium,SLA Breached,89.92727442714214
1352245271,Billing and Payments,medium,Within SLA,93.83167003840445
1352245272,Customer Service,medium,Within SLA,90.18568866222314
1352245273,Product Support,medium,Within SLA,77.60106637645798
1352245274,IT Support,medium,SLA Breached,94.01101768519494
1352245275,Technical Support,high,Within SLA,83.07563951209437
1352245276,Customer Service,high,Within SLA,85.5184502769097
1352245277,IT Support,medium,Within SLA,94.07660152406443
1352245278,Customer Service,high,SLA Breached,101.44213482649234
1352245279,Technical Support,high,Within SLA,78.07581977140931
1352245280,Returns and Exchanges,medium,Within SLA,91.3982702221062
1352245281,Technical Support,high,SLA Breached,91.27966325281184
1352245282,IT Support,medium,Within SLA,88.9967203438845
1352245283,Technical Support,medium,Within SLA,89.10297015434142
1352245284,Technical Support,high,Within SLA,87.65561609006159
1352245285,Product Support,medium,Within SLA,87.37695081423549
1352245286,Customer Service,high,Within SLA,87.65805070349434
1352245287,Customer Service,low,SLA Breached,95.8246821861056
1352245288,Customer Service,medium,SLA Breached,99.22245254103396
1352245289,Technical Support,medium,SLA Breached,89.68396036900617
1352245290,Human Resources,medium,Within SLA,88.78427787975863
1352245291,Billing and Payments,high,SLA Breached,87.58671295379126
1352245292,Customer Service,high,SLA Breached,88.52231214469076
1352245293,Returns and Exchanges,medium,Within SLA,85.2501113352737
1352245294,Technical Support,high,SLA Breached,93.08770415684415
1352245295,Technical Support,medium,SLA Breached,88.44964805002093
1352245296,Technical Support,medium,SLA Breached,82.28473137805882
1352245297,Technical Support,high,SLA Breached,87.88327374486886
1352245298,Technical Support,medium,SLA Breached,104.20715206706029
1352245299,IT Support,medium,SLA Breached,78.93604355581583
1352245300,Product Support,high,SLA Breached,97.36094095068553
1352245301,Customer Service,medium,Within SLA,79.1220573090612
1352245302,IT Support,medium,Within SLA,91.50310451938478
1352245303,Technical Support,medium,SLA Breached,89.9342247263724
1352245304,Billing and Payments,high,SLA Breached,92.34911035704022
1352245305,Customer Service,medium,Within SLA,93.26543567298482
1352245306,Billing and Payments,high,Within SLA,101.78538590007746
1352245307,Customer Service,medium,SLA Breached,91.82174874192745
1352245308,Returns and Exchanges,medium,Within SLA,95.7552641556248
1352245309,Product Support,medium,SLA Breached,99.4473175163098
1352245310,Technical Support,medium,SLA Breached,88.88828173849082
1352245311,IT Support,low,SLA Breached,88.25741726961375
1352245312,IT Support,high,Within SLA,100.45812558751722
1352245313,Product Support,high,SLA Breached,84.06566822832336
1352245314,Technical Support,high,Within SLA,83.38908268475474
1352245315,IT Support,high,SLA Breached,88.37911092029091
1352245316,Sales and Pre-Sales,medium,Within SLA,99.15359111410329
1352245317,Technical Support,medium,SLA Breached,77.81387323198749
1352245318,Billing and Payments,high,Within SLA,90.0513291429509
1352245319,Technical Support,medium,SLA Breached,87.52274479385976
1352245320,Technical Support,high,SLA Breached,92.96267775554446
1352245321,Billing and Payments,medium,Within SLA,93.96997003294838
1352245322,Product Support,medium,Within SLA,83.51101131807707
1352245323,Technical Support,medium,Within SLA,84.35572350549523
1352245324,Customer Service,medium,Within SLA,88.24722054815635
1352245325,Technical Support,medium,SLA Breached,84.91931715298566
1352245326,Customer Service,medium,Within SLA,84.46176360265284
1352245327,IT Support,high,SLA Breached,89.93207272043814
1352245328,Technical Support,high,SLA Breached,93.82976176003106
1352245329,Customer Service,high,SLA Breached,105.77380133028373
1352245330,IT Support,medium,SLA Breached,91.61501515487042
1352245331,Product Support,low,Within SLA,91.43499701508212
1352245332,Customer Service,medium,Within SLA,87.65990832654191
1352245333,Customer Service,medium,Within SLA,88.41687265871332
1352245334,Technical Support,medium,Within SLA,88.65660181672555
1352245335,Billing and Payments,medium,Within SLA,86.69054768358775
1352245336,IT Support,medium,SLA Breached,86.73521021394588
1352245337,Product Support,medium,Within SLA,78.61072909551115
1352245338,Technical Support,medium,Within SLA,96.98127851494286
1352245339,Service Outages and Maintenance,high,SLA Breached,90.61324001024863
1352245340,Technical Support,medium,Within SLA,95.2014678460364
1352245341,Technical Support,medium,SLA Breached,86.78968229630773
1352245342,Technical Support,medium,SLA Breached,87.4646772625483
1352245343,Customer Service,medium,Within SLA,86.02960432321672
1352245344,Technical Support,high,SLA Breached,85.67463089096603
1352245345,Service Outages and Maintenance,high,Within SLA,94.27778717072862
1352245346,Technical Support,medium,SLA Breached,88.7331947817275
1352245347,Billing and Payments,medium,Within SLA,90.69744328037237
1352245348,Billing and Payments,low,Within SLA,95.25947727234862
1352245349,Technical Support,high,SLA Breached,88.97458183764513
1352245350,IT Support,high,SLA Breached,74.25007141116531
1352245351,IT Support,medium,SLA Breached,87.32772231985403
1352245352,Technical Support,medium,Within SLA,88.41649364235903
1352245353,Technical Support,medium,SLA Breached,104.18764843578715
1352245354,Product Support,medium,SLA Breached,91.74804044972524
1352245355,Technical Support,medium,SLA Breached,80.44438203434476
1352245356,IT Support,high,Within SLA,87.70729702319704
1352245357,Technical Support,medium,SLA Breached,93.03601886795778
1352245358,Technical Support,high,SLA Breached,88.84814946047463
1352245359,Technical Support,high,Within SLA,74.8268567024148
1352245360,Product Support,high,SLA Breached,77.18408343147249
1352245361,Returns and Exchanges,low,Within SLA,87.946523363424
1352245362,IT Support,medium,SLA Breached,79.3630116262301
1352245363,IT Support,medium,Within SLA,89.98965853633152
1352245364,Billing and Payments,medium,Within SLA,87.17496545831034
1352245365,Customer Service,medium,Within SLA,83.6835861185767
1352245366,Customer Service,medium,Within SLA,62.4906125779195
1352245367,Technical Support,high,Within SLA,94.68895385243479
1352245368,Product Support,medium,Within SLA,83.61772229778659
1352245369,Technical Support,medium,SLA Breached,87.85417338167353
1352245370,Product Support,medium,Within SLA,87.87040125344241
1352245371,Customer Service,medium,SLA Breached,83.6234572034099
1352245372,IT Support,medium,SLA Breached,100.92796618934425
1352245373,Technical Support,Critical,Within SLA,84.88457980964581
1352245374,Returns and Exchanges,medium,SLA Breached,96.98804150623603
1352245375,Technical Support,medium,SLA Breached,88.29915433490207
1352245376,Product Support,medium,SLA Breached,88.10980461213768
1352245377,Technical Support,medium,SLA Breached,86.19622523016487
1352245378,Customer Service,medium,Within SLA,95.25164052391789
1352245379,IT Support,high,SLA Breached,79.7880778402619
1352245380,Technical Support,high,Within SLA,110.01753939119492
1352245381,Technical Support,medium,SLA Breached,86.56602103720212
1352245382,Technical Support,medium,Within SLA,78.23067414597013
1352245383,IT Support,medium,Within SLA,89.25088572185179
1352245384,Service Outages and Maintenance,high,Within SLA,85.58712995303885
1352245385,Product Support,medium,SLA Breached,92.49384241166688
1352245386,Sales and Pre-Sales,medium,Within SLA,98.79621010565245
1352245387,Technical Support,medium,Within SLA,78.87251376600888
1352245388,Returns and Exchanges,medium,Within SLA,87.73771577197162
1352245389,Customer Service,medium,Within SLA,99.87396749448388
1352245390,Product Support,medium,Within SLA,87.95962189150464
1352245391,Technical Support,medium,Within SLA,72.96271519901747
1352245392,Technical Support,medium,Within SLA,92.63478237395042
1352245393,Service Outages and Maintenance,high,SLA Breached,78.1731228031452
1352245394,Human Resources,low,SLA Breached,89.1162065096123
1352245395,Billing and Payments,low,Within SLA,86.89078704448835
1352245396,IT Support,medium,SLA Breached,76.90315168034398
1352245397,Technical Support,medium,Within SLA,84.90942041882273
1352245398,Technical Support,high,Within SLA,89.33168621397843
1352245399,Technical Support,medium,Within SLA,87.33670926595495
1352245400,Technical Support,medium,Within SLA,92.98769854711108
1352245401,Technical Support,medium,Within SLA,87.68716771289762
1352245402,IT Support,medium,Within SLA,87.8827359754405
1352245403,Product Support,medium,Within SLA,86.10781765653984
1352245404,Customer Service,medium,SLA Breached,85.74106649076018
1352245405,Billing and Payments,medium,SLA Breached,102.63014320756525
1352245406,Product Support,low,Within SLA,99.26957722601338
1352245407,Service Outages and Maintenance,medium,Within SLA,87.42405381529105
1352245408,Customer Service,high,Within SLA,90.6800782726811
1352245409,Technical Support,medium,Within SLA,90.01150665603434
1352245410,Sales and Pre-Sales,medium,SLA Breached,97.94684004262804
1352245411,Technical Support,medium,SLA Breached,90.08294460511753
1352245412,Technical Support,medium,SLA Breached,98.68366895560668
1352245413,Customer Service,high,SLA Breached,88.27189455069586
1352245414,Customer Service,medium,Within SLA,75.64262366923684
1352245415,Technical Support,medium,Within SLA,84.52894079628045
1352245416,Technical Support,high,Within SLA,89.35940186013293
1352245417,Human Resources,medium,SLA Breached,89.38092895414681
1352245418,Technical Support,medium,SLA Breached,99.91547397660861
1352245419,Technical Support,high,Within SLA,90.87653544831349
1352245420,Technical Support,medium,Within SLA,77.8283254847531
1352245421,Customer Service,high,Within SLA,79.42945241714419
1352245422,Customer Service,medium,SLA Breached,90.43592789678321
1352245423,Technical Support,medium,Within SLA,88.04721624323773
1352245424,Technical Support,medium,SLA Breached,89.17781455082054
1352245425,Technical Support,low,SLA Breached,85.19050053907884
1352245426,Product Support,medium,SLA Breached,88.06298550804043
1352245427,IT Support,medium,Within SLA,86.91284048270057
1352245428,Human Resources,medium,SLA Breached,96.27044913309295
1352245429,Billing and Payments,medium,Within SLA,88.41365497995517
1352245430,Product Support,high,Within SLA,88.13392538923426
1352245431,IT Support,medium,Within SLA,88.01414694109452
1352245432,Billing and Payments,medium,Within SLA,87.86707148507033
1352245433,Billing and Payments,medium,SLA Breached,88.41391300839851
1352245434,Customer Service,medium,SLA Breached,77.97296191787922
1352245435,Technical Support,high,Within SLA,82.99116264845385
1352245436,Service Outages and Maintenance,high,Within SLA,90.47408718327303
1352245437,Service Outages and Maintenance,high,SLA Breached,103.19170118168863
1352245438,Sales and Pre-Sales,medium,SLA Breached,88.51837979475398
1352245439,Technical Support,medium,SLA Breached,81.17599859409944
1352245440,Customer Service,high,Within SLA,86.7024413814248
1352245441,IT Support,high,SLA Breached,87.75638264720746
1352245442,Technical Support,medium,SLA Breached,85.42377647906109
1352245443,Technical Support,medium,Within SLA,94.57145187431016
1352245444,Human Resources,low,Within SLA,88.8663400687128
1352245445,Customer Service,low,SLA Breached,88.1909766172622
1352245446,Billing and Payments,medium,Within SLA,92.68348299733604
1352245447,Billing and Payments,low,SLA Breached,93.39267521778072
1352245448,Product Support,high,Within SLA,86.27491849384928
1352245449,Sales and Pre-Sales,medium,SLA Breached,89.33103478068551
1352245450,Sales and Pre-Sales,medium,Within SLA,87.86295359541741
1352245451,Product Support,medium,Within SLA,78.92191955762117
1352245452,Customer Service,medium,SLA Breached,87.78922580573334
1352245453,Product Support,low,Within SLA,88.16378430343478
1352245454,Service Outages and Maintenance,high,Within SLA,89.52223172211482
1352245455,Technical Support,high,SLA Breached,83.32155474483102
1352245456,Technical Support,medium,SLA Breached,94.88940899700096
1352245457,Technical Support,medium,Within SLA,90.03413456265969
1352245458,Billing and Payments,medium,Within SLA,88.82403772663565
1352245459,Human Resources,medium,SLA Breached,100.93090005185923
1352245460,Customer Service,medium,SLA Breached,88.06001692433333
1352245461,IT Support,high,Within SLA,90.87363798565302
1352245462,Technical Support,medium,SLA Breached,90.62304566992917
1352245463,Technical Support,medium,SLA Breached,89.24522622158224
1352245464,Returns and Exchanges,medium,Within SLA,87.15981251947306
1352245465,Human Resources,medium,Within SLA,91.04880902493731
1352245466,Technical Support,high,SLA Breached,90.92707142471309
1352245467,Service Outages and Maintenance,medium,SLA Breached,92.85404062017757
1352245468,Product Support,high,Within SLA,89.81598943631514
1352245469,Technical Support,medium,Within SLA,89.8398508908269
1352245470,Customer Service,medium,Within SLA,79.52937410012686
1352245471,Technical Support,medium,SLA Breached,88.18415532740187
1352245472,Technical Support,medium,SLA Breached,98.30775504619307
1352245473,Technical Support,medium,Within SLA,89.5690135466646
1352245474,Technical Support,medium,SLA Breached,91.06806612627288
1352245475,Customer Service,medium,Within SLA,89.7200359439168
1352245476,Technical Support,high,SLA Breached,89.22802060054771
1352245477,Technical Support,high,Within SLA,91.30226016711887
1352245478,Customer Service,medium,Within SLA,87.65990832654191
1352245479,Billing and Payments,high,Within SLA,90.52898885660657
1352245480,IT Support,high,SLA Breached,88.38501711548317
1352245481,Human Resources,low,SLA Breached,91.33684235161937
1352245482,Technical Support,low,Within SLA,79.84848366946832
1352245483,Product Support,high,SLA Breached,85.92311310750772
1352245484,Customer Service,medium,SLA Breached,81.46443249553644
1352245485,Technical Support,medium,Within SLA,88.22437322100679
1352245486,Technical Support,medium,SLA Breached,87.94772283254092
1352245487,Product Support,medium,Within SLA,90.43754315183166
1352245488,Technical Support,medium,SLA Breached,80.84319933015408
1352245489,Technical Support,medium,Within SLA,95.27978060523199
1352245490,Technical Support,medium,Within SLA,75.86901828165725
1352245491,Service Outages and Maintenance,high,SLA Breached,100.12400857055003
1352245492,Technical Support,medium,SLA Breached,95.1907355746729
1352245493,Customer Service,medium,Within SLA,87.67962586054684
1352245494,Product Support,medium,Within SLA,87.96671464060042
1352245495,IT Support,medium,SLA Breached,88.37476991821079
1352245496,Product Support,medium,Within SLA,91.35525241236729
1352245497,IT Support,medium,SLA Breached,87.56427033625972
1352245498,Customer Service,medium,SLA Breached,91.87663226529665
1352245499,IT Support,medium,Within SLA,88.65885265982183
1352245500,Product Support,medium,Within SLA,87.71424175878202
1352245501,Service Outages and Maintenance,high,Within SLA,89.14821664664899
1352245502,Customer Service,medium,SLA Breached,86.77533745238694
1352245503,Billing and Payments,medium,Within SLA,102.45123879333661
1352245504,IT Support,low,SLA Breached,93.90873995477159
1352245505,Billing and Payments,high,Within SLA,103.42754886380621
1352245506,Technical Support,high,Within SLA,90.13952041668996
1352245507,Product Support,high,Within SLA,88.83395212623647
1352245508,Technical Support,medium,SLA Breached,91.326122595025
1352245509,Product Support,medium,SLA Breached,86.96476157404844
1352245510,Technical Support,high,Within SLA,90.51016119391363
1352245511,Customer Service,medium,Within SLA,86.96762711812292
1352245512,Technical Support,medium,SLA Breached,83.12370130538777
1352245513,Billing and Payments,medium,Within SLA,96.88441756449075
1352245514,Product Support,medium,SLA Breached,88.66632078640941
1352245515,Technical Support,medium,Within SLA,93.19935692076713
1352245516,Product Support,medium,SLA Breached,86.47534868258785
1352245517,Product Support,high,SLA Breached,89.95637563061969
1352245518,Technical Support,medium,Within SLA,88.10218142138964
1352245519,Customer Service,medium,Within SLA,91.19814812212948
1352245520,Product Support,medium,SLA Breached,78.5454121640665
1352245521,Billing and Payments,high,SLA Breached,82.97545525291052
1352245522,Customer Service,medium,SLA Breached,87.6079152190397
1352245523,Technical Support,medium,SLA Breached,88.778622645676
1352245524,Customer Service,medium,SLA Breached,102.75679736670577
1352245525,General Inquiry,medium,Within SLA,89.65789490213525
1352245526,Product Support,medium,Within SLA,96.9573005556045
1352245527,Customer Service,medium,Within SLA,86.81651210693809
1352245528,Product Support,medium,SLA Breached,88.26939677613946
1352245529,Technical Support,high,Within SLA,76.79248709408564
1352245530,Product Support,medium,SLA Breached,87.65990832654191
1352245531,Technical Support,high,SLA Breached,87.64784163890477
1352245532,Technical Support,high,SLA Breached,91.32036286799597
1352245533,Returns and Exchanges,medium,Within SLA,81.8017586086201
1352245534,Technical Support,high,Within SLA,81.35559610897947
1352245535,Technical Support,high,SLA Breached,85.69632333044433
1352245536,Technical Support,medium,SLA Breached,90.15280452767401
1352245537,IT Support,high,Within SLA,94.26636811851724
1352245538,Billing and Payments,low,Within SLA,84.87144908143851
1352245539,Technical Support,medium,Within SLA,91.16397380028079
1352245540,Sales and Pre-Sales,high,SLA Breached,87.65990832654191
1352245541,Customer Service,medium,SLA Breached,89.92180422420493
1352245542,Service Outages and Maintenance,high,Within SLA,91.376939740627
1352245543,Product Support,high,Within SLA,89.68444411946093
1352245544,IT Support,high,Within SLA,87.70729702319704
1352245545,Technical Support,high,SLA Breached,87.81244550063853
1352245546,Technical Support,medium,Within SLA,77.87633306223036
1352245547,Sales and Pre-Sales,medium,Within SLA,91.59993822105623
1352245548,Returns and Exchanges,medium,Within SLA,78.03447883660394
1352245549,IT Support,medium,SLA Breached,118.91239319851796
1352245550,Customer Service,medium,SLA Breached,94.85130967285198
1352245551,Customer Service,medium,SLA Breached,83.85446599031883
1352245552,Technical Support,medium,SLA Breached,88.0857939317226
1352245553,Product Support,medium,Within SLA,95.76849205239711
1352245554,Customer Service,medium,SLA Breached,88.10479590797488
1352245555,Product Support,medium,SLA Breached,78.80741985809729
1352245556,Human Resources,medium,SLA Breached,84.28124021493029
1352245557,Customer Service,medium,SLA Breached,83.89978304450698
1352245558,Sales and Pre-Sales,medium,SLA Breached,89.2480114147679
1352245559,IT Support,high,Within SLA,88.95493422516752
1352245560,Customer Service,medium,SLA Breached,88.24067347045148
1352245561,IT Support,medium,Within SLA,79.47119766408433
1352245562,Technical Support,high,Within SLA,82.03776582606899
1352245563,Service Outages and Maintenance,high,SLA Breached,89.46125105636162
1352245564,Customer Service,low,SLA Breached,88.27752777200497
1352245565,Customer Service,medium,Within SLA,77.38789868289015
1352245566,Product Support,high,SLA Breached,88.97339353692662
1352245567,Product Support,medium,SLA Breached,90.72543925145395
1352245568,IT Support,medium,SLA Breached,88.87790017829072
1352245569,Technical Support,high,Within SLA,103.69495629395306
1352245570,IT Support,high,SLA Breached,88.91511339619491
1352245571,IT Support,medium,SLA Breached,89.50794903273768
1352245572,Customer Service,medium,Within SLA,105.34804390084281
1352245573,Technical Support,medium,Within SLA,88.28041836922473
1352245574,IT Support,medium,Within SLA,77.55723191810057
1352245575,Technical Support,medium,SLA Breached,84.05044447042735
1352245576,IT Support,medium,Within SLA,104.15823220538061
1352245577,Technical Support,medium,Within SLA,91.88317727898563
1352245578,Billing and Payments,low,Within SLA,95.60423657943201
1352245579,Customer Service,medium,SLA Breached,90.93608704877202
1352245580,Technical Support,high,Within SLA,87.89901405702335
1352245581,Billing and Payments,low,Within SLA,85.97505576072788
1352245582,Customer Service,medium,SLA Breached,86.93517305803928
1352245583,Product Support,medium,Within SLA,87.53351968594868
1352245584,Customer Service,medium,Within SLA,89.89967080121295
1352245585,Customer Service,medium,SLA Breached,79.75930270312791
1352245586,Customer Service,medium,Within SLA,89.60401100545904
1352245587,Customer Service,medium,Within SLA,97.85608808809614
1352245588,Technical Support,medium,SLA Breached,88.03686497786896
1352245589,Customer Service,medium,Within SLA,87.57356005679769
1352245590,Product Support,medium,Within SLA,96.67892875684922
1352245591,Service Outages and Maintenance,medium,Within SLA,88.13541836922474
1352245592,Customer Service,medium,SLA Breached,85.32462821493607
1352245593,IT Support,high,SLA Breached,93.45575978283848
1352245594,Service Outages and Maintenance,high,SLA Breached,89.11036809657212
1352245595,Technical Support,medium,Within SLA,89.51529994205471
1352245596,Technical Support,high,SLA Breached,92.4055737836414
1352245597,Product Support,medium,Within SLA,89.24206733831137
1352245598,Technical Support,high,SLA Breached,79.23195717021478
1352245599,Customer Service,medium,SLA Breached,88.18982338508641
1352245600,Technical Support,medium,Within SLA,84.91932911759912
1352245601,Product Support,medium,SLA Breached,89.15614997120724
1352245602,Product Support,medium,Within SLA,86.34851422441064
1352245603,IT Support,high,SLA Breached,75.70922868538126
1352245604,IT Support,high,Within SLA,87.95262237627206
1352245605,Product Support,medium,SLA Breached,88.24636779486727
1352245606,IT Support,high,Within SLA,88.53814265811305
1352245607,Technical Support,medium,Within SLA,88.39514318201854
1352245608,Technical Support,medium,Within SLA,91.20048428041274
1352245609,Product Support,medium,SLA Breached,91.07689084325435
1352245610,IT Support,medium,Within SLA,91.15402904107657
1352245611,Customer Service,medium,Within SLA,89.59018752090225
1352245612,General Inquiry,low,SLA Breached,88.339764093311
1352245613,Technical Support,medium,Within SLA,89.6347884385432
1352245614,Product Support,medium,SLA Breached,88.78208660247914
1352245615,Technical Support,medium,Within SLA,95.72030646988455
1352245616,Technical Support,high,SLA Breached,93.7535122251288
1352245617,Technical Support,medium,SLA Breached,80.77196314411253
1352245618,IT Support,medium,SLA Breached,99.487105386925
1352245619,Returns and Exchanges,medium,Within SLA,85.40124118329908
1352245620,Technical Support,medium,Within SLA,84.90942041882273
1352245621,Product Support,medium,Within SLA,92.13110675699636
1352245622,Customer Service,medium,SLA Breached,85.72252895808452
1352245623,Product Support,medium,Within SLA,104.46178627031837
1352245624,Technical Support,high,SLA Breached,81.90804566534845
1352245625,Product Support,medium,Within SLA,87.70222549914428
1352245626,Technical Support,high,Within SLA,91.57724109664393
1352245627,Returns and Exchanges,medium,Within SLA,104.23651544617735
1352245628,Technical Support,medium,Within SLA,88.78645192191225
1352245629,Billing and Payments,high,Within SLA,97.0513773831186
1352245630,Sales and Pre-Sales,medium,SLA Breached,87.65990832654191
1352245631,Technical Support,high,Within SLA,81.40170946965624
1352245632,Product Support,high,SLA Breached,78.74129065344448
1352245633,Returns and Exchanges,medium,Within SLA,89.34387941590565
1352245634,Product Support,medium,SLA Breached,102.9677309945865
1352245635,IT Support,high,SLA Breached,73.82010694588617
1352245636,Product Support,medium,Within SLA,88.85120035378644
1352245637,Technical Support,medium,SLA Breached,94.04707901787596
1352245638,Technical Support,medium,SLA Breached,89.8701189749486
1352245639,Customer Service,medium,SLA Breached,83.66353606691723
1352245640,Technical Support,high,SLA Breached,100.97351074958367
1352245641,Technical Support,medium,Within SLA,96.38546083733956
1352245642,Customer Service,medium,SLA Breached,97.61728409700535
1352245643,Customer Service,medium,SLA Breached,88.36450980408496
1352245644,Technical Support,medium,Within SLA,87.97629944631296
1352245645,Technical Support,medium,Within SLA,93.6574937718552
1352245646,IT Support,medium,SLA Breached,77.5697766812105
1352245647,Technical Support,medium,SLA Breached,91.86399472554353
1352245648,General Inquiry,medium,SLA Breached,85.05755143428556
1352245649,Technical Support,medium,SLA Breached,82.26359922793688
1352245650,Technical Support,high,Within SLA,88.27189455069586
1352245651,Product Support,medium,Within SLA,85.33263201199918
1352245652,IT Support,medium,SLA Breached,88.28288277335889
1352245653,Product Support,medium,Within SLA,93.100810484957
1352245654,Product Support,medium,SLA Breached,92.03108441806958
1352245655,Human Resources,low,Within SLA,87.02826905859538
1352245656,Product Support,medium,SLA Breached,90.33430570585165
1352245657,Product Support,high,Within SLA,90.1516756290689
1352245658,Customer Service,medium,Within SLA,91.52027523559708
1352245659,Product Support,medium,Within SLA,89.26774347535404
1352245660,Technical Support,medium,SLA Breached,91.21757519282303
1352245661,Product Support,medium,SLA Breached,88.29117161680833
1352245662,Customer Service,medium,Within SLA,93.71357526672917
1352245663,IT Support,high,Within SLA,79.29928234926062
1352245664,Billing and Payments,medium,SLA Breached,78.94356379704593
1352245665,Customer Service,medium,Within SLA,89.81742168797311
1352245666,Sales and Pre-Sales,medium,SLA Breached,93.10383282700853
1352245667,Technical Support,high,SLA Breached,117.44715011061298
1352245668,Returns and Exchanges,medium,Within SLA,88.78878328813975
1352245669,Returns and Exchanges,medium,SLA Breached,88.94393296894906
1352245670,IT Support,medium,SLA Breached,73.79674484564985
1352245671,Technical Support,high,Within SLA,88.97324309847838
1352245672,Sales and Pre-Sales,medium,Within SLA,93.70490506892709
1352245673,Product Support,medium,SLA Breached,91.11499789303275
1352245674,Customer Service,medium,Within SLA,90.03725770206357
1352245675,Product Support,medium,Within SLA,90.0332528771081
1352245676,Customer Service,medium,SLA Breached,88.71287426219038
1352245677,Product Support,medium,Within SLA,86.9014520020538
1352245678,Sales and Pre-Sales,medium,Within SLA,82.2037675505127
1352245679,Technical Support,medium,Within SLA,91.66300920292001
1352245680,Product Support,medium,Within SLA,87.70222549914428
1352245681,Billing and Payments,high,SLA Breached,88.54924783999328
1352245682,Technical Support,medium,SLA Breached,88.78390284505339
1352245683,Sales and Pre-Sales,medium,Within SLA,78.53109944151404
1352245684,Customer Service,medium,Within SLA,79.43336786107187
1352245685,Customer Service,medium,Within SLA,94.30478309231052
1352245686,Technical Support,medium,Within SLA,90.97048590087553
1352245687,Sales and Pre-Sales,medium,Within SLA,80.77381012816788
1352245688,IT Support,medium,SLA Breached,89.00933499269027
1352245689,Product Support,high,Within SLA,82.58409082192544
1352245690,Product Support,high,Within SLA,82.52538283674357
1352245691,Sales and Pre-Sales,low,Within SLA,93.944521480169
1352245692,Billing and Payments,medium,Within SLA,91.47900266687809
1352245693,IT Support,high,SLA Breached,91.65333104476534
1352245694,Technical Support,medium,SLA Breached,87.25728150820218
1352245695,Returns and Exchanges,medium,Within SLA,91.03115389904038
1352245696,IT Support,low,SLA Breached,90.7661028324508
1352245697,Technical Support,medium,Within SLA,89.16946862436095
1352245698,Returns and Exchanges,medium,SLA Breached,87.55544154018642
1352245699,Product Support,medium,Within SLA,83.51101131807707
1352245700,Technical Support,medium,SLA Breached,87.78922580573334
1352245701,Technical Support,medium,SLA Breached,88.71403890742882
1352245702,Billing and Payments,medium,Within SLA,98.41755852777112
1352245703,Technical Support,high,SLA Breached,110.9144523830757
1352245704,Technical Support,medium,Within SLA,87.83972821655891
1352245705,Product Support,high,Within SLA,85.59085544013458
1352245706,Customer Service,high,Within SLA,75.38403913063046
1352245707,Customer Service,high,Within SLA,87.75321187130957
1352245708,Technical Support,medium,SLA Breached,84.31401500534248
1352245709,Returns and Exchanges,medium,Within SLA,84.31404420601754
1352245710,Technical Support,medium,Within SLA,86.67434794686994
1352245711,Customer Service,medium,Within SLA,89.55401759578903
1352245712,Technical Support,high,SLA Breached,84.56323362147755
1352245713,Technical Support,medium,Within SLA,85.55980957380805
1352245714,Returns and Exchanges,medium,Within SLA,91.86349589750428
1352245715,Billing and Payments,medium,SLA Breached,98.59634521196952
1352245716,Billing and Payments,medium,Within SLA,87.65990832654191
1352245717,IT Support,high,SLA Breached,87.55505336544753
1352245718,Service Outages and Maintenance,medium,Within SLA,83.88712372624371
1352245719,IT Support,medium,SLA Breached,89.73306099728501
1352245720,IT Support,medium,Within SLA,86.06798248171357
1352245721,Technical Support,high,Within SLA,87.40150677634325
1352245722,General Inquiry,medium,Within SLA,77.14567021076374
1352245723,Human Resources,medium,Within SLA,93.52778876261681
1352245724,Returns and Exchanges,low,SLA Breached,98.66751864886768
1352245725,IT Support,medium,Within SLA,86.8834356782121
1352245726,Human Resources,medium,Within SLA,89.00815281275841
1352245727,Technical Support,medium,SLA Breached,88.16254648522322
1352245728,Product Support,medium,SLA Breached,87.97817906388985
1352245729,Customer Service,medium,SLA Breached,90.50824202333118
1352245730,IT Support,medium,SLA Breached,97.2175578892806
1352245731,IT Support,medium,Within SLA,88.68456496586457
1352245732,Product Support,low,SLA Breached,86.78757464125079
1352245733,Billing and Payments,low,Within SLA,95.28706045796946
1352245734,Customer Service,low,Within SLA,95.36072943453445
1352245735,Customer Service,high,Within SLA,88.97450737415473
1352245736,Product Support,medium,SLA Breached,88.8930603905955
1352245737,IT Support,high,SLA Breached,88.27189455069586
1352245738,Billing and Payments,low,Within SLA,88.88217334428892
1352245739,IT Support,medium,Within SLA,92.4277489206881
1352245740,Product Support,medium,SLA Breached,87.08269968222262
1352245741,Billing and Payments,medium,Within SLA,96.60434487629728
1352245742,IT Support,medium,SLA Breached,77.33890935068524
1352245743,Technical Support,medium,Within SLA,89.70002451103834
1352245744,Customer Service,high,SLA Breached,84.72867990085558
1352245745,Technical Support,medium,SLA Breached,88.15062071691004
1352245746,Billing and Payments,medium,Within SLA,128.39812880258782
1352245747,Technical Support,medium,Within SLA,107.69251517217309
1352245748,Customer Service,medium,SLA Breached,94.8679862501685
1352245749,IT Support,high,Within SLA,88.69650266851544
1352245750,IT Support,medium,SLA Breached,89.161113059808
1352245751,Human Resources,medium,Within SLA,91.95697259144384
1352245752,Technical Support,medium,Within SLA,88.63647599612706
1352245753,Product Support,high,Within SLA,103.30919874153635
1352245754,Product Support,medium,Within SLA,93.64304259953113
1352245755,Technical Support,medium,SLA Breached,90.84320784559739
1352245756,General Inquiry,low,SLA Breached,97.16721268521869
1352245757,IT Support,low,SLA Breached,91.99029540079569
1352245758,Technical Support,medium,SLA Breached,88.10964371867699
1352245759,Human Resources,medium,SLA Breached,91.16194145318923
1352245760,IT Support,high,Within SLA,85.97945514769293
1352245761,IT Support,medium,SLA Breached,84.21006817272172
1352245762,Product Support,medium,SLA Breached,96.56718589892851
1352245763,Product Support,medium,Within SLA,91.4754954038938
1352245764,Billing and Payments,high,SLA Breached,87.65990832654191
1352245765,Billing and Payments,high,SLA Breached,88.57468266227896
1352245766,IT Support,low,Within SLA,86.49140067199242
1352245767,Technical Support,high,SLA Breached,79.01221817853673
1352245768,General Inquiry,medium,SLA Breached,95.37190849229351
1352245769,Customer Service,low,SLA Breached,85.11433697268858
1352245770,Returns and Exchanges,medium,Within SLA,89.33373074484052
1352245771,Customer Service,medium,Within SLA,80.87749480338955
1352245772,Product Support,high,SLA Breached,81.63837264017148
1352245773,Product Support,medium,Within SLA,90.9494761701151
1352245774,Product Support,high,Within SLA,88.27266456183457
1352245775,Customer Service,medium,Within SLA,88.755159582158
1352245776,Customer Service,high,SLA Breached,89.25238529757847
1352245777,Technical Support,medium,Within SLA,95.92103543818551
1352245778,Product Support,high,Within SLA,79.65159810891787
1352245779,Product Support,high,SLA Breached,86.20623204890933
1352245780,Technical Support,medium,SLA Breached,80.22576844225827
1352245781,Technical Support,medium,SLA Breached,78.3759210995799
1352245782,Technical Support,medium,Within SLA,82.76364906852544
1352245783,Customer Service,medium,Within SLA,93.6124182339386
1352245784,Product Support,high,Within SLA,93.6969606870899
1352245785,Product Support,medium,SLA Breached,101.66219028905095
1352245786,Technical Support,medium,Within SLA,116.31183918039838
1352245787,Customer Service,medium,SLA Breached,98.29323377406008
1352245788,Technical Support,medium,Within SLA,78.81713791057089
1352245789,Technical Support,medium,SLA Breached,87.93304801532528
1352245790,Customer Service,high,Within SLA,94.56883369151713
1352245791,Technical Support,medium,SLA Breached,87.49400645211102
1352245792,Customer Service,medium,Within SLA,99.46056357757621
1352245793,Technical Support,high,SLA Breached,81.57857766894912
1352245794,Product Support,medium,Within SLA,91.76557904068359
1352245795,Technical Support,medium,SLA Breached,86.67298292871827
1352245796,Technical Support,medium,SLA Breached,91.86725539366688
1352245797,Product Support,medium,Within SLA,83.06801843997843
1352245798,Technical Support,medium,SLA Breached,91.0965696479673
1352245799,Product Support,high,Within SLA,88.07099814179361
1352245800,Technical Support,medium,SLA Breached,78.98683098545116
1352245801,Technical Support,medium,Within SLA,87.7657854602248
1352245802,IT Support,medium,Within SLA,85.76484256121687
1352245803,Technical Support,medium,SLA Breached,87.80191493419068
1352245804,Product Support,high,Within SLA,87.06302077367636
1352245805,Technical Support,medium,Within SLA,83.68582977538621
1352245806,Billing and Payments,high,Within SLA,88.58623202361514
1352245807,Product Support,medium,SLA Breached,83.12662885192881
1352245808,Product Support,medium,Within SLA,88.87397470512153
1352245809,Product Support,medium,SLA Breached,101.62560567835577
1352245810,Technical Support,medium,Within SLA,90.45524346690729
1352245811,Billing and Payments,medium,Within SLA,92.61847575868707
1352245812,Sales and Pre-Sales,medium,SLA Breached,88.58894994611205
1352245813,IT Support,low,SLA Breached,87.76995658551564
1352245814,Technical Support,medium,Within SLA,85.54967921395905
1352245815,Customer Service,low,Within SLA,86.45699990827599
1352245816,Product Support,medium,Within SLA,86.44113880410897
1352245817,Technical Support,high,SLA Breached,89.58590451218973
1352245818,Product Support,medium,SLA Breached,89.77049675884017
1352245819,Technical Support,high,Within SLA,88.39334835169572
1352245820,Product Support,medium,SLA Breached,80.4549313306231
1352245821,IT Support,medium,SLA Breached,97.18358679773459
1352245822,Technical Support,high,SLA Breached,88.7649990693383
1352245823,IT Support,high,Within SLA,81.19880445994472
1352245824,Billing and Payments,medium,SLA Breached,92.99664979987637
1352245825,Customer Service,medium,Within SLA,87.46913582721548
1352245826,Product Support,medium,SLA Breached,89.10257054835765
1352245827,Technical Support,high,SLA Breached,81.33908313843499
1352245828,Technical Support,medium,SLA Breached,91.81143459523943
1352245829,Technical Support,medium,Within SLA,87.78395509419475
1352245830,Product Support,high,Within SLA,88.45915216091561
1352245831,Technical Support,medium,SLA Breached,92.20297161238335
1352245832,Technical Support,medium,SLA Breached,83.32461582712976
1352245833,Human Resources,low,Within SLA,87.86820615556587
1352245834,Technical Support,high,SLA Breached,95.86082904711704
1352245835,Billing and Payments,medium,Within SLA,93.9827994633385
1352245836,Technical Support,medium,SLA Breached,82.81748892472491
1352245837,Billing and Payments,high,SLA Breached,85.26607543451145
1352245838,Technical Support,high,Within SLA,94.20869300513462
1352245839,Product Support,high,Within SLA,78.57174321513016
1352245840,Technical Support,medium,SLA Breached,102.10238401447779
1352245841,IT Support,medium,Within SLA,85.77810253650614
1352245842,Billing and Payments,medium,Within SLA,94.30652247774808
1352245843,Customer Service,high,SLA Breached,76.53773975768796
1352245844,Product Support,medium,Within SLA,95.25100005223844
1352245845,Product Support,medium,Within SLA,93.6497534630952
1352245846,Technical Support,medium,SLA Breached,86.76669959941692
1352245847,Product Support,medium,SLA Breached,105.43055147181137
1352245848,Product Support,medium,Within SLA,89.9483662168397
1352245849,Billing and Payments,medium,SLA Breached,89.31609036511882
1352245850,Technical Support,medium,Within SLA,96.39572525438018
1352245851,Billing and Payments,high,Within SLA,102.46703094176826
1352245852,Technical Support,medium,SLA Breached,95.72684441382609
1352245853,IT Support,high,SLA Breached,88.90206334159859
1352245854,Customer Service,medium,SLA Breached,88.27757940302196
1352245855,IT Support,medium,Within SLA,88.45338865796494
1352245856,Technical Support,high,Within SLA,90.03154430999638
1352245857,Product Support,medium,SLA Breached,86.32935643742397
1352245858,Service Outages and Maintenance,high,SLA Breached,90.91038493828657
1352245859,Technical Support,medium,Within SLA,87.65990832654191
1352245860,Service Outages and Maintenance,high,SLA Breached,85.27248908079025
1352245861,Billing and Payments,medium,Within SLA,86.9352172989275
1352245862,Product Support,medium,Within SLA,88.53937229603805
1352245863,Product Support,medium,Within SLA,89.92901036176369
1352245864,Billing and Payments,high,SLA Breached,91.01787550158767
1352245865,Product Support,medium,Within SLA,84.01699762927407
1352245866,Technical Support,medium,SLA Breached,94.78322893432082
1352245867,IT Support,medium,SLA Breached,88.77862931133637
1352245868,IT Support,medium,SLA Breached,158.08759920899737
1352245869,Returns and Exchanges,medium,SLA Breached,91.31284222684715
1352245870,Technical Support,high,SLA Breached,96.0885299010476
1352245871,Product Support,medium,Within SLA,85.77194542714285
1352245872,Technical Support,medium,SLA Breached,90.34832894089391
1352245873,Product Support,medium,SLA Breached,89.52839618929973
1352245874,Product Support,medium,SLA Breached,86.98224076421452
1352245875,Product Support,medium,SLA Breached,91.70651432816517
1352245876,Billing and Payments,medium,Within SLA,89.25788634879706
1352245877,Service Outages and Maintenance,high,Within SLA,86.26448575965681
1352245878,Product Support,high,Within SLA,85.50935872429719
1352245879,Customer Service,medium,SLA Breached,87.08526789447737
1352245880,Product Support,medium,SLA Breached,78.5454121640665
1352245881,Product Support,medium,Within SLA,84.75082628775176
1352245882,Technical Support,medium,SLA Breached,93.33290638405853
1352245883,IT Support,medium,SLA Breached,87.11259756563538
1352245884,IT Support,medium,Within SLA,89.94514958969178
1352245885,IT Support,medium,SLA Breached,97.87301089561966
1352245886,General Inquiry,medium,Within SLA,86.36264842095079
1352245887,Sales and Pre-Sales,low,SLA Breached,77.43463227468828
1352245888,Customer Service,medium,Within SLA,89.77416917196197
1352245889,Returns and Exchanges,medium,Within SLA,78.89454360455309
1352245890,Product Support,low,SLA Breached,87.59312849242848
1352245891,IT Support,high,Within SLA,79.7097693586504
1352245892,Billing and Payments,medium,Within SLA,102.0095853195842
1352245893,Human Resources,medium,SLA Breached,88.70333105688871
1352245894,Product Support,medium,Within SLA,88.54358634863983
1352245895,Sales and Pre-Sales,high,SLA Breached,86.07667289743108
1352245896,Technical Support,medium,Within SLA,73.83944007001168
1352245897,Human Resources,low,Within SLA,86.49254598521698
1352245898,Product Support,medium,SLA Breached,85.70129112469253
1352245899,Technical Support,high,Within SLA,89.74371892009303
1352245900,Product Support,medium,SLA Breached,77.33762081688602
1352245901,Technical Support,medium,SLA Breached,88.92239132845964
1352245902,Billing and Payments,high,SLA Breached,99.93092226128387
1352245903,Technical Support,medium,SLA Breached,89.21163919837954
1352245904,Service Outages and Maintenance,medium,Within SLA,93.70783954160052
1352245905,Customer Service,medium,Within SLA,94.04315785281445
1352245906,Returns and Exchanges,medium,Within SLA,120.17637046250151
1352245907,Technical Support,medium,SLA Breached,87.41653603404549
1352245908,Customer Service,medium,Within SLA,85.45808252524256
1352245909,Customer Service,medium,Within SLA,87.38445528389784
1352245910,Technical Support,medium,SLA Breached,97.59830580491939
1352245911,Customer Service,medium,Within SLA,85.61632448370334
1352245912,Product Support,high,SLA Breached,81.94992915649696
1352245913,IT Support,medium,SLA Breached,84.69299352850011
1352245914,IT Support,high,Within SLA,94.71833180629373
1352245915,Product Support,high,Within SLA,91.40649580558076
1352245916,Technical Support,medium,SLA Breached,91.28375962921304
1352245917,Technical Support,medium,SLA Breached,93.42132131528389
1352245918,Technical Support,medium,Within SLA,95.19210851146147
1352245919,Technical Support,high,Within SLA,89.15155495050213
1352245920,Technical Support,medium,Within SLA,88.1575642748657
1352245921,Technical Support,high,SLA Breached,88.0070484397236
1352245922,Billing and Payments,low,Within SLA,88.35139209370016
1352245923,General Inquiry,medium,SLA Breached,79.12146524156944
1352245924,Product Support,medium,Within SLA,77.9954634574401
1352245925,Human Resources,high,Within SLA,94.15031425330544
1352245926,Billing and Payments,medium,Within SLA,86.81589352355608
1352245927,Technical Support,medium,SLA Breached,81.77434086145317
1352245928,IT Support,medium,Within SLA,85.52760050858741
1352245929,Technical Support,medium,Within SLA,86.48218078249592
1352245930,Customer Service,high,Within SLA,89.89312251393412
1352245931,Customer Service,medium,Within SLA,95.82292963995859
1352245932,Technical Support,medium,SLA Breached,88.25468795198934
1352245933,Product Support,high,Within SLA,93.67182376686753
1352245934,Customer Service,medium,SLA Breached,89.81899485499193
1352245935,Product Support,medium,SLA Breached,87.83936244813651
1352245936,Technical Support,medium,Within SLA,83.73774882353544
1352245937,Technical Support,low,SLA Breached,82.85732232474649
1352245938,Technical Support,medium,Within SLA,79.45178951144602
1352245939,IT Support,low,SLA Breached,85.13742553754273
1352245940,Technical Support,medium,SLA Breached,77.2029791735314
1352245941,IT Support,medium,Within SLA,77.86912663934262
1352245942,IT Support,high,Within SLA,76.89181822505351
1352245943,Customer Service,medium,Within SLA,78.44018906972357
1352245944,Product Support,medium,SLA Breached,83.0787935337292
1352245945,Technical Support,medium,Within SLA,88.96919089435936
1352245946,Technical Support,medium,SLA Breached,83.97552981918105
1352245947,Technical Support,high,Within SLA,87.80971098327805
1352245948,Billing and Payments,medium,SLA Breached,91.68002826338228
1352245949,Service Outages and Maintenance,high,SLA Breached,86.78175880245408
1352245950,Sales and Pre-Sales,medium,SLA Breached,77.92503055329182
1352245951,Product Support,high,Within SLA,93.68448987968749
1352245952,Service Outages and Maintenance,medium,Within SLA,89.57653797590652
1352245953,Product Support,medium,Within SLA,87.65990832654191
1352245954,Customer Service,medium,SLA Breached,90.7068261650001
1352245955,Customer Service,low,SLA Breached,103.01776811540194
1352245956,Customer Service,medium,Within SLA,111.10650417421051
1352245957,Technical Support,medium,Within SLA,88.51792754302379
1352245958,Technical Support,medium,Within SLA,88.50001589501765
1352245959,Product Support,high,Within SLA,82.59480943506688
1352245960,Product Support,high,Within SLA,84.84601882319987
1352245961,Technical Support,medium,Within SLA,89.38439349725809
1352245962,IT Support,medium,SLA Breached,89.59062827743807
1352245963,Technical Support,high,SLA Breached,86.05211432644423
1352245964,Product Support,medium,SLA Breached,87.39686914743922
1352245965,Technical Support,medium,Within SLA,85.78026596829041
1352245966,Service Outages and Maintenance,medium,Within SLA,88.86893866994322
1352245967,Product Support,medium,SLA Breached,100.75580149499453
1352245968,Returns and Exchanges,medium,Within SLA,64.91404724333134
1352245969,General Inquiry,medium,SLA Breached,88.62460213438102
1352245970,Billing and Payments,medium,Within SLA,89.54990235040573
1352245971,IT Support,medium,Within SLA,85.14954627003361
1352245972,Customer Service,medium,Within SLA,92.01336388795539
1352245973,Billing and Payments,medium,Within SLA,90.70628789191
1352245974,Technical Support,medium,SLA Breached,87.79430718354067
1352245975,Product Support,medium,Within SLA,78.25955837795684
1352245976,Customer Service,medium,SLA Breached,80.07904262959114
1352245977,Product Support,medium,SLA Breached,89.68497036549729
1352245978,General Inquiry,low,SLA Breached,92.02604409017776
1352245979,Product Support,medium,SLA Breached,94.00893672327012
1352245980,Technical Support,medium,Within SLA,89.05885299019953
1352245981,Technical Support,medium,SLA Breached,108.82244884682146
1352245982,Technical Support,medium,SLA Breached,86.58537931942661
1352245983,Billing and Payments,medium,Within SLA,86.16348003014099
1352245984,Technical Support,medium,SLA Breached,88.21508566124211
1352245985,Customer Service,medium,SLA Breached,86.31085498880462
1352245986,Technical Support,medium,Within SLA,85.75054096464385
1352245987,Product Support,high,SLA Breached,86.82702532000134
1352245988,Billing and Payments,medium,Within SLA,82.9850354728808
1352245989,Sales and Pre-Sales,low,Within SLA,89.74567409200986
1352245990,Product Support,medium,Within SLA,80.35086377653283
1352245991,Product Support,medium,Within SLA,86.95881571148526
1352245992,Product Support,medium,Within SLA,88.42937361826591
1352245993,Customer Service,medium,Within SLA,89.55323803016759
1352245994,Technical Support,medium,Within SLA,88.38711902537847
1352245995,General Inquiry,medium,Within SLA,86.82624055072561
1352245996,Technical Support,medium,Within SLA,90.75874286674885
1352245997,Product Support,medium,Within SLA,94.28202320893887
1352245998,Billing and Payments,high,Within SLA,84.39373078299913
1352245999,Product Support,medium,Within SLA,87.21731448658807
1352246000,Technical Support,high,Within SLA,89.29108928852527
1352246001,Product Support,medium,Within SLA,77.49058019714425
1352246002,Technical Support,medium,SLA Breached,80.9130466613128
1352246003,Billing and Payments,medium,Within SLA,88.87791085078868
1352246004,Technical Support,medium,Within SLA,98.55680229404877
1352246005,Sales and Pre-Sales,low,Within SLA,94.45716491299713
1352246006,Product Support,medium,Within SLA,87.55280543665418
1352246007,Product Support,high,SLA Breached,90.98218243944314
1352246008,Service Outages and Maintenance,medium,SLA Breached,74.58645980855793
1352246009,Customer Service,medium,SLA Breached,87.52547381731468
1352246010,IT Support,medium,Within SLA,85.78816436582275
1352246011,Billing and Payments,medium,Within SLA,93.14467189067952
1352246012,IT Support,high,Within SLA,88.89914271172366
1352246013,Product Support,medium,SLA Breached,93.59387532485198
1352246014,Customer Service,medium,SLA Breached,97.64147112690301
1352246015,Product Support,low,SLA Breached,88.42115985943055
1352246016,Technical Support,medium,SLA Breached,78.4826005477353
1352246017,Service Outages and Maintenance,low,Within SLA,86.29885101450775
1352246018,Technical Support,medium,SLA Breached,85.32876671120393
1352246019,Technical Support,high,SLA Breached,88.81348131728507
1352246020,IT Support,medium,Within SLA,88.49286065347147
1352246021,Product Support,medium,Within SLA,80.76754163274731
1352246022,General Inquiry,medium,SLA Breached,95.12790849229351
1352246023,IT Support,high,SLA Breached,87.94138215133381
1352246024,Billing and Payments,medium,Within SLA,78.04078018845387
1352246025,Technical Support,medium,Within SLA,94.09437436279491
1352246026,Customer Service,medium,Within SLA,83.45046057316307
1352246027,Product Support,high,SLA Breached,73.77713092720002
1352246028,Sales and Pre-Sales,medium,Within SLA,75.08215241744323
1352246029,IT Support,medium,SLA Breached,94.54869257316584
1352246030,Service Outages and Maintenance,high,Within SLA,80.76745386285396
1352246031,Returns and Exchanges,medium,Within SLA,74.71873875820411
1352246032,Billing and Payments,medium,SLA Breached,89.88977120680498
1352246033,Sales and Pre-Sales,medium,Within SLA,90.25321165979156
1352246034,Service Outages and Maintenance,low,SLA Breached,87.06121369173748
1352246035,Technical Support,medium,Within SLA,76.45241544681271
1352246036,Customer Service,medium,Within SLA,86.90153123630158
1352246037,General Inquiry,low,SLA Breached,93.66709620919714
1352246038,Service Outages and Maintenance,medium,Within SLA,78.6203320477294
1352246039,Product Support,high,Within SLA,89.82001900271548
1352246040,Billing and Payments,medium,Within SLA,89.18151447738488
1352246041,Product Support,medium,SLA Breached,98.20735493682214
1352246042,Technical Support,high,SLA Breached,87.95962189150464
1352246043,Billing and Payments,high,SLA Breached,88.22682361880548
1352246044,Product Support,medium,SLA Breached,96.79424116285846
1352246045,Technical Support,high,SLA Breached,88.60688125230875
1352246046,Product Support,medium,Within SLA,92.18013712587356
1352246047,Sales and Pre-Sales,medium,Within SLA,88.87429212936236
1352246048,Billing and Payments,medium,SLA Breached,95.66613559441289
1352246049,Customer Service,medium,Within SLA,78.27796507553535
1352246050,IT Support,medium,SLA Breached,87.06269271831162
1352246051,Product Support,medium,Within SLA,83.32769927839078
1352246052,Technical Support,high,Within SLA,81.00069735728573
1352246053,Billing and Payments,high,Within SLA,84.2830495538093
1352246054,General Inquiry,medium,SLA Breached,89.22046240320331
1352246055,Technical Support,high,SLA Breached,86.70384492751614
1352246056,Product Support,high,Within SLA,93.63418845318685
1352246057,Product Support,medium,SLA Breached,82.26833853543631
1352246058,IT Support,high,SLA Breached,86.4267864932825
1352246059,Technical Support,medium,Within SLA,90.32838008683333
1352246060,Product Support,medium,SLA Breached,78.35328306854387
1352246061,Customer Service,low,Within SLA,89.5048898956134
1352246062,Returns and Exchanges,medium,Within SLA,94.72088333287387
1352246063,Customer Service,medium,Within SLA,91.95779382465022
1352246064,Technical Support,medium,SLA Breached,85.39515065835307
1352246065,Product Support,low,SLA Breached,80.23627192894165
1352246066,Product Support,medium,SLA Breached,87.55544154018642
1352246067,Customer Service,medium,Within SLA,98.89411370271725
1352246068,Product Support,low,SLA Breached,124.94398544014626
1352246069,Technical Support,medium,Within SLA,90.02748980358588
1352246070,Technical Support,high,Within SLA,87.62394008707032
1352246071,Product Support,medium,Within SLA,80.3199607270617
1352246072,Human Resources,medium,Within SLA,93.32029464673373
1352246073,Customer Service,medium,SLA Breached,122.50815177617822
1352246074,IT Support,high,SLA Breached,100.03469160584828
1352246075,Customer Service,medium,SLA Breached,88.60772438318162
1352246076,Technical Support,medium,Within SLA,80.48964426304896
1352246077,Billing and Payments,high,Within SLA,88.38594051894431
1352246078,IT Support,medium,Within SLA,88.68456496586457
1352246079,Technical Support,high,Within SLA,90.90232965514896
1352246080,Product Support,high,SLA Breached,86.58228152449657
1352246081,Technical Support,medium,Within SLA,83.27361835447834
1352246082,Customer Service,medium,SLA Breached,81.2741654413274
1352246083,Service Outages and Maintenance,high,Within SLA,85.9858803813668
1352246084,Technical Support,medium,Within SLA,95.37134303397514
1352246085,Billing and Payments,high,SLA Breached,101.1477735723378
1352246086,Billing and Payments,medium,Within SLA,84.10885466126982
1352246087,Product Support,low,Within SLA,92.49452015045574
1352246088,Technical Support,medium,Within SLA,78.97816488395009
1352246089,Product Support,medium,Within SLA,93.261979351378
1352246090,IT Support,high,SLA Breached,100.54563698952246
1352246091,Product Support,medium,SLA Breached,75.37192153214863
1352246092,Product Support,high,SLA Breached,90.57474105320502
1352246093,Service Outages and Maintenance,high,Within SLA,84.9667498931765
1352246094,Technical Support,medium,SLA Breached,98.76720574991943
1352246095,IT Support,medium,Within SLA,95.2348018738163
1352246096,Product Support,medium,Within SLA,91.33533346302656
1352246097,Technical Support,medium,SLA Breached,89.68695773165373
1352246098,Human Resources,medium,Within SLA,87.65112151431647
1352246099,Technical Support,medium,SLA Breached,88.64252601685386
1352246100,Technical Support,medium,Within SLA,88.15826735557182
1352246101,Technical Support,high,Within SLA,76.21193517076226
1352246102,Technical Support,medium,SLA Breached,98.57894615480375
1352246103,Technical Support,Low,SLA Breached,87.42636734249709
1352246104,Technical Support,high,Within SLA,86.27934943161115
1352246105,Customer Service,medium,SLA Breached,90.36712075575434
1352246106,Product Support,medium,Within SLA,91.501389296232
1352246107,IT Support,high,Within SLA,94.48989988903986
1352246108,IT Support,high,Within SLA,88.2784857994926
1352246109,Technical Support,medium,SLA Breached,90.41238690719096
1352246110,IT Support,medium,Within SLA,94.28566787855698
1352246111,Billing and Payments,medium,Within SLA,87.82133753306258
1352246112,Product Support,high,Within SLA,91.72053419031212
1352246113,General Inquiry,medium,Within SLA,88.08763871603563
1352246114,Sales and Pre-Sales,medium,Within SLA,94.67770393490547
1352246115,Product Support,high,SLA Breached,88.32053229942423
1352246116,IT Support,high,SLA Breached,93.52563848457847
1352246117,Product Support,medium,SLA Breached,89.23338498396518
1352246118,Customer Service,high,Within SLA,86.18498741431013
1352246119,Returns and Exchanges,medium,SLA Breached,91.97407456437638
1352246120,Technical Support,medium,Within SLA,95.53195496707717
1352246121,Product Support,medium,Within SLA,90.76469505620842
1352246122,Human Resources,medium,Within SLA,91.03248618621916
1352246123,Product Support,medium,Within SLA,88.52256468398754
1352246124,Product Support,high,Within SLA,80.2618366984545
1352246125,Service Outages and Maintenance,high,SLA Breached,89.457597830942
1352246126,Customer Service,medium,Within SLA,84.55761185567563
1352246127,Technical Support,medium,SLA Breached,89.74846251505716
1352246128,Technical Support,medium,Within SLA,89.03833489515522
1352246129,Returns and Exchanges,medium,SLA Breached,91.85673145760872
1352246130,Technical Support,high,SLA Breached,87.55544154018642
1352246131,Technical Support,medium,SLA Breached,88.36355377599631
1352246132,IT Support,medium,Within SLA,99.51960776718707
1352246133,Billing and Payments,medium,Within SLA,101.93003122706236
1352246134,IT Support,high,Within SLA,86.7908508198571
1352246135,Technical Support,medium,Within SLA,89.09434815150848
1352246136,Billing and Payments,medium,SLA Breached,82.6818565137558
1352246137,Product Support,high,Within SLA,82.66772335560512
1352246138,Billing and Payments,medium,SLA Breached,88.34361504993126
1352246139,Customer Service,medium,Within SLA,95.82292963995859
1352246140,Billing and Payments,medium,Within SLA,85.95344963999077
1352246141,Product Support,low,Within SLA,77.59407201143516
1352246142,Technical Support,medium,Within SLA,89.81557554923455
1352246143,Sales and Pre-Sales,medium,SLA Breached,87.51365679433617
1352246144,Service Outages and Maintenance,medium,Within SLA,95.77739106888417
1352246145,Billing and Payments,medium,Within SLA,79.59454425693288
1352246146,Service Outages and Maintenance,medium,Within SLA,99.2246099047196
1352246147,IT Support,high,SLA Breached,75.33269726240498
1352246148,Billing and Payments,high,Within SLA,73.57039196285612
1352246149,IT Support,medium,Within SLA,89.30915176891754
1352246150,Returns and Exchanges,medium,SLA Breached,87.75006758640755
1352246151,IT Support,high,SLA Breached,86.47387567154932
1352246152,Returns and Exchanges,medium,SLA Breached,88.27189455069586
1352246153,Technical Support,medium,SLA Breached,88.160060821
1352246154,Returns and Exchanges,medium,Within SLA,93.67493843893863
1352246155,Product Support,medium,Within SLA,82.0585745378469
1352246156,Technical Support,high,SLA Breached,87.85595104128714
1352246157,Product Support,low,SLA Breached,89.54357013011989
1352246158,Product Support,high,Within SLA,92.47278187634537
1352246159,Product Support,medium,Within SLA,91.98924246398005
1352246160,Billing and Payments,medium,Within SLA,88.95000120667437
1352246161,Technical Support,medium,SLA Breached,85.49605217722808
1352246162,Human Resources,medium,SLA Breached,90.54929288370698
1352246163,Product Support,high,SLA Breached,90.93233355771889
1352246164,Technical Support,medium,SLA Breached,94.44272251523354
1352246165,Returns and Exchanges,medium,Within SLA,96.98275027857137
1352246166,Product Support,medium,SLA Breached,90.44979588359378
1352246167,Product Support,medium,SLA Breached,89.63051295348735
1352246168,Billing and Payments,medium,Within SLA,88.02422594193757
1352246169,Customer Service,medium,Within SLA,77.32982095463278
1352246170,Product Support,high,SLA Breached,97.07934491199254
1352246171,Customer Service,medium,Within SLA,91.73077471982263
1352246172,Customer Service,medium,Within SLA,90.02158154238946
1352246173,Sales and Pre-Sales,medium,Within SLA,78.35483891362662
1352246174,IT Support,high,SLA Breached,86.36853754967133
1352246175,Human Resources,high,Within SLA,86.35120595146124
1352246176,Technical Support,medium,Within SLA,97.82230312642454
1352246177,Technical Support,medium,Within SLA,86.48920709937642
1352246178,Customer Service,medium,SLA Breached,87.46445420748017
1352246179,IT Support,high,Within SLA,87.62606734919075
1352246180,Technical Support,high,SLA Breached,88.60242930517667
1352246181,Technical Support,medium,SLA Breached,88.41895290375926
1352246182,Technical Support,high,SLA Breached,91.0622194992858
1352246183,Returns and Exchanges,high,SLA Breached,87.65990832654191
1352246184,Product Support,medium,Within SLA,86.41401496970985
1352246185,Product Support,medium,SLA Breached,87.82463278499056
1352246186,IT Support,high,Within SLA,88.17193769009523
1352246187,Customer Service,medium,Within SLA,93.72293684158534
1352246188,Customer Service,medium,Within SLA,90.2450382694434
1352246189,Customer Service,medium,Within SLA,90.73468734098799
1352246190,Product Support,high,Within SLA,87.55544154018642
1352246191,Product Support,medium,Within SLA,86.00606009799888
1352246192,Billing and Payments,medium,SLA Breached,85.67885242644091
1352246193,IT Support,medium,SLA Breached,85.24642601178937
1352246194,Service Outages and Maintenance,medium,SLA Breached,94.10827290856157
1352246195,Customer Service,medium,Within SLA,87.23855030012614
1352246196,Technical Support,medium,Within SLA,96.58142124814488
1352246197,Technical Support,medium,Within SLA,89.98314055185047
1352246198,Product Support,medium,SLA Breached,95.78860876949442
1352246199,IT Support,medium,SLA Breached,89.54264544460229
1352246200,Technical Support,medium,Within SLA,105.5711032444785
1352246201,Product Support,medium,SLA Breached,87.91902056057941
1352246202,Billing and Payments,medium,Within SLA,93.20324660647022
1352246203,Product Support,medium,Within SLA,87.19736354320817
1352246204,Technical Support,medium,Within SLA,99.8963855997578
1352246205,Billing and Payments,medium,Within SLA,89.58767266481517
1352246206,Customer Service,high,Within SLA,92.89172302765414
1352246207,Billing and Payments,medium,SLA Breached,90.20471328552871
1352246208,Customer Service,medium,Within SLA,87.02543424872742
1352246209,Product Support,medium,Within SLA,87.81941197896819
1352246210,Product Support,medium,SLA Breached,87.12642048679002
1352246211,Technical Support,medium,Within SLA,94.83180459534736
1352246212,Customer Service,medium,Within SLA,89.28423605432778
1352246213,IT Support,medium,Within SLA,98.89683070250608
1352246214,General Inquiry,low,Within SLA,86.54847615360343
1352246215,Technical Support,medium,Within SLA,89.07870177997495
1352246216,Product Support,medium,Within SLA,79.78899343951102
1352246217,Technical Support,medium,Within SLA,96.48781845109364
1352246218,Product Support,medium,Within SLA,99.99061337968904
1352246219,Technical Support,high,SLA Breached,82.41983893002276
1352246220,Customer Service,medium,SLA Breached,88.6725007724531
1352246221,Product Support,medium,SLA Breached,90.51971198462516
1352246222,Product Support,medium,Within SLA,91.13269428065837
1352246223,Technical Support,high,SLA Breached,87.89185553828185
1352246224,Product Support,high,Within SLA,86.56494967842725
1352246225,Billing and Payments,high,Within SLA,86.6564250957203
1352246226,Technical Support,medium,SLA Breached,78.83064717559681
1352246227,Billing and Payments,high,Within SLA,91.1382909368337
1352246228,Technical Support,low,SLA Breached,88.70884108098096
1352246229,Product Support,medium,Within SLA,92.71904429336165
1352246230,IT Support,medium,SLA Breached,103.17100030885888
1352246231,Billing and Payments,low,Within SLA,92.10552982549154
1352246232,Product Support,medium,Within SLA,87.50143101201213
1352246233,Human Resources,medium,SLA Breached,95.5972364696317
1352246234,Product Support,medium,Within SLA,76.30011188971808
1352246235,IT Support,medium,SLA Breached,88.26999989150701
1352246236,Technical Support,medium,SLA Breached,90.28274835613993
1352246237,Technical Support,medium,SLA Breached,100.16824363506342
1352246238,Service Outages and Maintenance,low,SLA Breached,93.48070043252058
1352246239,Service Outages and Maintenance,medium,Within SLA,85.3224238391224
1352246240,Technical Support,medium,Within SLA,72.25068842330222
1352246241,IT Support,medium,SLA Breached,84.1295559153823
1352246242,Customer Service,medium,SLA Breached,99.08314557956619
1352246243,Technical Support,medium,SLA Breached,87.7549959586763
1352246244,Technical Support,medium,SLA Breached,103.87665714297589
1352246245,Customer Service,high,Within SLA,78.89892129723432
1352246246,Customer Service,medium,Within SLA,89.9820454844348
1352246247,Technical Support,medium,Within SLA,83.82055949141889
1352246248,Technical Support,high,SLA Breached,91.27966325281184
1352246249,Technical Support,medium,Within SLA,92.20931935017897
1352246250,IT Support,medium,Within SLA,96.40635746948622
1352246251,IT Support,medium,Within SLA,91.33025834174612
1352246252,IT Support,high,SLA Breached,85.54535584931534
1352246253,Customer Service,medium,SLA Breached,83.98945736925708
1352246254,Product Support,medium,Within SLA,95.68870572146966
1352246255,Product Support,medium,Within SLA,90.99084153868134
1352246256,Technical Support,high,Within SLA,83.55786412516913
1352246257,Customer Service,medium,SLA Breached,73.09743650446212
1352246258,Customer Service,medium,SLA Breached,89.6479663590005
1352246259,Product Support,medium,SLA Breached,92.00933331097475
1352246260,Human Resources,medium,Within SLA,89.57295322697587
1352246261,Technical Support,medium,Within SLA,89.39658044267873
1352246262,IT Support,high,SLA Breached,77.48694031599838
1352246263,Customer Service,medium,SLA Breached,85.19034642262908
1352246264,Technical Support,high,SLA Breached,89.22802060054771
1352246265,IT Support,medium,SLA Breached,89.88823700666373
1352246266,Product Support,medium,Within SLA,87.80004030545011
1352246267,Technical Support,medium,SLA Breached,97.21663052514634
1352246268,Returns and Exchanges,high,SLA Breached,89.30139768880674
1352246269,Returns and Exchanges,high,SLA Breached,98.87898382902627
1352246270,Service Outages and Maintenance,high,SLA Breached,98.15177262587689
1352246271,Technical Support,high,Within SLA,94.5217510226956
1352246272,Billing and Payments,medium,Within SLA,97.94207565416407
1352246273,Technical Support,medium,SLA Breached,90.81279217651641
1352246274,Billing and Payments,medium,Within SLA,76.87623523026168
1352246275,Product Support,medium,Within SLA,85.13547560355339
1352246276,Customer Service,medium,Within SLA,86.9790275073668
1352246277,Technical Support,high,Within SLA,83.75657237793723
1352246278,Technical Support,medium,SLA Breached,84.68521204342099
1352246279,Returns and Exchanges,high,SLA Breached,98.00552472787473
1352246280,Product Support,medium,SLA Breached,86.43287763906288
1352246281,Technical Support,high,Within SLA,102.3432073505205
1352246282,Technical Support,high,Within SLA,87.65990832654191
1352246283,Technical Support,medium,SLA Breached,91.04430344351827
1352246284,Technical Support,medium,Within SLA,79.2544388520284
1352246285,Product Support,medium,SLA Breached,87.2658469034201
1352246286,Billing and Payments,medium,Within SLA,92.29383917417218
1352246287,Technical Support,medium,Within SLA,88.18172479547309
1352246288,Billing and Payments,medium,SLA Breached,89.09932713735611
1352246289,Technical Support,medium,Within SLA,80.81534440826461
1352246290,Billing and Payments,medium,Within SLA,94.48988418692485
1352246291,Product Support,medium,Within SLA,89.25270458160628
1352246292,IT Support,medium,Within SLA,89.19811685740717
1352246293,Human Resources,medium,Within SLA,85.25219396583822
1352246294,Billing and Payments,high,Within SLA,88.91011377205439
1352246295,Customer Service,high,Within SLA,74.50427001480979
1352246296,Technical Support,medium,SLA Breached,89.27238854696009
1352246297,Technical Support,high,SLA Breached,87.5523170123289
1352246298,Product Support,high,Within SLA,77.62718314961663
1352246299,Technical Support,medium,Within SLA,88.40261790295033
1352246300,Technical Support,low,Within SLA,77.07789918204105
1352246301,Technical Support,medium,Within SLA,84.50370263696962
1352246302,Technical Support,high,SLA Breached,90.51203671723447
1352246303,IT Support,high,Within SLA,107.61694936616053
1352246304,Service Outages and Maintenance,medium,SLA Breached,77.35743492857996
1352246305,Customer Service,high,SLA Breached,83.42191728449566
1352246306,Technical Support,medium,SLA Breached,77.57530637551044
1352246307,Technical Support,high,Within SLA,89.75841479490872
1352246308,Returns and Exchanges,medium,SLA Breached,88.33382029495291
1352246309,Billing and Payments,medium,SLA Breached,91.3791182187885
1352246310,Returns and Exchanges,medium,Within SLA,88.87387795953812
1352246311,Product Support,medium,SLA Breached,79.17071984969361
1352246312,Technical Support,medium,SLA Breached,93.08376657969734
1352246313,Technical Support,medium,SLA Breached,90.17879684868204
1352246314,Returns and Exchanges,high,Within SLA,90.87265753816999
1352246315,Billing and Payments,medium,SLA Breached,88.66079596015273
1352246316,Customer Service,medium,Within SLA,93.93770057686508
1352246317,Technical Support,high,Within SLA,88.54929212630944
1352246318,Sales and Pre-Sales,high,SLA Breached,96.32611650617932
1352246319,Returns and Exchanges,medium,SLA Breached,95.06914783010511
1352246320,Product Support,medium,SLA Breached,103.36520561646209
1352246321,Technical Support,medium,Within SLA,88.50001589501765
1352246322,IT Support,medium,Within SLA,94.61490623785642
1352246323,Customer Service,medium,SLA Breached,90.3458295197956
1352246324,Product Support,medium,SLA Breached,96.03696929738302
1352246325,Technical Support,medium,SLA Breached,110.84116264641108
1352246326,General Inquiry,low,Within SLA,86.8172071093965
1352246327,Customer Service,medium,Within SLA,92.65653442183073
1352246328,IT Support,medium,SLA Breached,90.02901097719618
1352246329,Product Support,medium,SLA Breached,93.120883576604
1352246330,Product Support,medium,Within SLA,98.05670001965966
1352246331,Technical Support,high,Within SLA,86.97132143688721
1352246332,Returns and Exchanges,medium,Within SLA,85.37309110466363
1352246333,Product Support,medium,SLA Breached,78.87028677251345
1352246334,Technical Support,medium,Within SLA,86.54381554437369
1352246335,Billing and Payments,medium,SLA Breached,97.01907763024096
1352246336,Technical Support,high,Within SLA,83.68582977538621
1352246337,Billing and Payments,medium,Within SLA,93.23158200493332
1352246338,Technical Support,high,SLA Breached,89.42030578041057
1352246339,Returns and Exchanges,medium,Within SLA,78.31539538710422
1352246340,Technical Support,medium,Within SLA,77.7461100295094
1352246341,Returns and Exchanges,medium,SLA Breached,84.6842157123935
1352246342,Technical Support,medium,Within SLA,89.95507749778801
1352246343,Product Support,medium,Within SLA,101.6552033082824
1352246344,Billing and Payments,medium,SLA Breached,89.46232829798981
1352246345,IT Support,medium,SLA Breached,88.46627975271049
1352246346,Technical Support,medium,SLA Breached,95.54721503181074
1352246347,Technical Support,medium,SLA Breached,84.72917736896032
1352246348,IT Support,high,SLA Breached,86.87513649282981
1352246349,IT Support,medium,Within SLA,90.22893931116678
1352246350,IT Support,medium,SLA Breached,88.16726804205402
1352246351,IT Support,medium,Within SLA,98.56411868700539
1352246352,IT Support,medium,SLA Breached,91.027441252156
1352246353,Technical Support,medium,SLA Breached,80.10612327468492
1352246354,IT Support,high,SLA Breached,86.54805681012256
1352246355,IT Support,medium,Within SLA,85.44812834404422
1352246356,Returns and Exchanges,low,Within SLA,89.37680966827115
1352246357,Product Support,medium,SLA Breached,82.44962903416376
1352246358,Technical Support,medium,Within SLA,89.9482075637357
1352246359,Technical Support,medium,SLA Breached,91.0535621501996
1352246360,Technical Support,medium,Within SLA,80.73463019816676
1352246361,Technical Support,high,Within SLA,78.95954094722237
1352246362,Technical Support,medium,Within SLA,86.22713505550968
1352246363,Billing and Payments,medium,Within SLA,87.99709996606545
1352246364,Billing and Payments,medium,SLA Breached,92.03351489259414
1352246365,Product Support,medium,SLA Breached,88.2812254414762
1352246366,Customer Service,high,SLA Breached,81.8318653510042
1352246367,Customer Service,medium,SLA Breached,94.85130967285198
1352246368,Technical Support,medium,SLA Breached,94.60375338217194
1352246369,Customer Service,low,SLA Breached,88.49764375386233
1352246370,Product Support,medium,SLA Breached,89.70877441229634
1352246371,IT Support,medium,Within SLA,87.4652281719604
1352246372,Billing and Payments,medium,Within SLA,95.92251055873673
1352246373,Customer Service,high,Within SLA,80.3347123618567
1352246374,Service Outages and Maintenance,medium,SLA Breached,86.15193768032628
1352246375,Product Support,medium,SLA Breached,99.19250796422249
1352246376,Technical Support,medium,SLA Breached,104.26449214942072
1352246377,IT Support,medium,SLA Breached,91.15511183573444
1352246378,Sales and Pre-Sales,medium,SLA Breached,87.65990832654191
1352246379,Returns and Exchanges,medium,SLA Breached,109.91876282572592
1352246380,Billing and Payments,medium,SLA Breached,84.41408807125882
1352246381,Customer Service,medium,Within SLA,87.52547562144491
1352246382,Product Support,medium,SLA Breached,82.6580235763496
1352246383,Customer Service,medium,SLA Breached,86.8824238510537
1352246384,Product Support,high,SLA Breached,96.82054252674722
1352246385,Returns and Exchanges,low,SLA Breached,88.53169468719229
1352246386,Billing and Payments,medium,Within SLA,96.57732586813931
1352246387,Technical Support,high,Within SLA,88.02039408508668
1352246388,Technical Support,high,SLA Breached,89.25500617825698
1352246389,General Inquiry,medium,Within SLA,98.78411431029183
1352246390,Technical Support,medium,SLA Breached,98.34998488198555
1352246391,Technical Support,medium,Within SLA,78.00242809074234
1352246392,Technical Support,medium,Within SLA,90.63047141834092
1352246393,Customer Service,medium,Within SLA,72.6884220044639
1352246394,Technical Support,high,Within SLA,89.61527770364181
1352246395,Product Support,medium,SLA Breached,96.00221528629355
1352246396,Product Support,medium,SLA Breached,87.30144115152136
1352246397,Product Support,medium,SLA Breached,116.9528307208558
1352246398,IT Support,medium,SLA Breached,83.54100917727638
1352246399,Product Support,medium,SLA Breached,87.65990832654191
1352246400,Customer Service,medium,Within SLA,79.13529261813247
1352246401,Technical Support,medium,Within SLA,88.54100185573903
1352246402,Technical Support,high,SLA Breached,87.24928472638734
1352246403,Technical Support,medium,SLA Breached,91.77885847060627
1352246404,Returns and Exchanges,high,SLA Breached,87.65990832654191
1352246405,Product Support,high,SLA Breached,84.24658861449824
1352246406,Technical Support,low,SLA Breached,93.5835490565255
1352246407,IT Support,high,Within SLA,92.62137332843011
1352246408,Returns and Exchanges,medium,SLA Breached,87.94049281958364
1352246409,Technical Support,high,Within SLA,88.1462651274446
1352246410,Human Resources,medium,Within SLA,79.13209836557839
1352246411,Customer Service,high,Within SLA,89.65165642457075
1352246412,Technical Support,medium,SLA Breached,78.92447599367046
1352246413,Technical Support,high,Within SLA,87.89404834614554
1352246414,Technical Support,medium,SLA Breached,88.84230737481795
1352246415,Product Support,medium,Within SLA,86.52114041652045
1352246416,Customer Service,medium,Within SLA,80.32921838052124
1352246417,Service Outages and Maintenance,high,Within SLA,79.31271529959844
1352246418,Product Support,medium,SLA Breached,88.06423421148055
1352246419,Customer Service,high,Within SLA,76.88313961551503
1352246420,Returns and Exchanges,medium,SLA Breached,96.90188767565206
1352246421,Customer Service,high,Within SLA,81.68485501976667
1352246422,Human Resources,high,SLA Breached,87.83936244813651
1352246423,IT Support,medium,SLA Breached,88.23861151600731
1352246424,Billing and Payments,high,Within SLA,88.67631662986123
1352246425,IT Support,medium,Within SLA,94.05139388189417
1352246426,Customer Service,medium,Within SLA,82.81273461314558
1352246427,Product Support,medium,SLA Breached,88.1693178092328
1352246428,Technical Support,medium,SLA Breached,90.35418120001239
1352246429,Sales and Pre-Sales,medium,Within SLA,99.49112395837534
1352246430,Returns and Exchanges,medium,Within SLA,93.00584302098828
1352246431,Technical Support,medium,SLA Breached,78.59373128759516
1352246432,Product Support,medium,SLA Breached,87.95695555387579
1352246433,Technical Support,high,SLA Breached,92.83780890116805
1352246434,Technical Support,medium,SLA Breached,78.68334387714346
1352246435,Product Support,high,Within SLA,92.39836804829667
